county_fips,county_name,state_name,total_population,poverty_rate_pct,median_household_income,unemployment_rate_pct,bachelors_or_higher_pct,limited_english_households_pct,foreign_born_pct,legal_services_establishments,legal_services_per_10k,pr_poverty,pr_low_income,pr_unemployment,pr_low_education,pr_limited_english,pr_foreign_born,pr_supply_gap,need_index,supply_gap_index,desert_score
48505,"Zapata County, Texas",Texas,13841,38.39,39239.0,7.35,15.18,23.2,23.44,0,0.0,0.9967835316822129,0.9810228369250563,0.9006111289803795,0.8633000964940495,0.9980701190093277,0.9761981344483757,0.7857832100353811,95.3,78.6,88.6
48127,"Dimmit County, Texas",Texas,8380,41.11,38808.0,8.42,9.79,10.1,7.22,0,0.0,0.9980701190093277,0.9819877774203924,0.9395303956256031,0.9900289482148601,0.9778063686072692,0.7960759086522998,0.7857832100353811,94.7,78.6,88.3
48229,"Hudspeth County, Texas",Texas,3403,17.34,48600.0,8.02,9.59,16.2,24.74,0,0.0,0.747507237053715,0.9073657124477323,0.9279511096815697,0.9903505950466388,0.9932454165326472,0.9797362495979415,0.7857832100353811,92.4,78.6,86.9
48079,"Cochran County, Texas",Texas,2550,27.76,45313.0,4.81,8.23,13.6,18.86,0,0.0,0.9694435509810229,0.9404953361209392,0.5879704084914763,0.9967835316822129,0.9880990672241878,0.9591508523641042,0.7857832100353811,90.7,78.6,85.9
35029,"Luna County, New Mexico",New Mexico,25611,28.58,36419.0,5.41,14.59,13.8,16.16,3,1.171,0.9742682534577034,0.9887423608877453,0.7079446767449341,0.8890318430363461,0.9884207140559665,0.9459633322611772,0.7725956899324542,91.6,77.3,85.8
48131,"Duval County, Texas",Texas,9742,33.27,49038.0,10.98,6.84,8.0,3.07,0,0.0,0.9913155355419749,0.8999678353168221,0.9826310710839499,0.9987134126728852,0.9649404953361209,0.5155998713412673,0.7857832100353811,89.2,78.6,85.0
13003,"Atkinson County, Georgia",Georgia,8337,24.97,42347.0,4.78,8.95,5.3,13.4,0,0.0,0.9498230942425218,0.9597941460276617,0.5786426503698938,0.9935670633644259,0.9279511096815697,0.9247346413637826,0.7857832100353811,88.9,78.6,84.8
40057,"Harmon County, Oklahoma",Oklahoma,2406,22.72,43333.0,7.21,13.38,2.6,8.06,0,0.0,0.9166934705693149,0.9543261498874236,0.8928916050176906,0.928594403345127,0.8118366034094564,0.8234158893534899,0.7857832100353811,88.8,78.6,84.7
48047,"Brooks County, Texas",Texas,6943,19.4,47764.0,19.94,16.96,11.5,7.01,0,0.0,0.8304921196526214,0.9170151174010936,0.9990350595046639,0.7706658089417819,0.9826310710839499,0.7896429720167256,0.7857832100353811,88.2,78.6,84.3
36005,"Bronx County, New York",New York,1404779,27.81,48676.0,11.4,22.39,18.2,34.55,164,1.167,0.9697651978128016,0.9060791251206176,0.9835960115792859,0.48954647796719203,0.9954969443550981,0.9964618848504342,0.7732389835960116,89.0,77.3,84.3
48489,"Willacy County, Texas",Texas,20139,23.96,54180.0,7.53,14.05,13.5,10.38,3,1.49,0.9353489868124799,0.8025088452878739,0.9102605339337407,0.9067224187841749,0.9874557735606304,0.8845287873914442,0.7458990028948215,90.4,74.6,84.1
48427,"Starr County, Texas",Texas,66067,33.52,37639.0,10.44,13.58,32.0,27.2,15,2.27,0.9926021228690898,0.984560952074622,0.9768414281119331,0.9234480540366677,1.0,0.9861691862335156,0.627854615632036,97.7,62.8,83.8
06025,"Imperial County, California",California,180202,19.53,57681.0,12.52,16.07,23.5,31.63,28,1.554,0.835316822129302,0.7282084271469926,0.9897073013830814,0.8201994210357028,0.9983917658411064,0.9932454165326472,0.7413959472499196,89.4,74.1,83.3
48507,"Zavala County, Texas",Texas,9412,33.92,36749.0,3.97,11.09,11.9,7.68,0,0.0,0.9932454165326472,0.9877774203924091,0.40495336120939207,0.9778063686072692,0.9835960115792859,0.8082984882598906,0.7857832100353811,85.9,78.6,83.0
12043,"Glades County, Florida",Florida,12563,17.21,45870.0,7.13,13.44,2.0,10.97,0,0.0,0.7404310067545835,0.9350273399807012,0.88806690254101,0.927629462849791,0.7468639433901576,0.8957864265036989,0.7857832100353811,85.6,78.6,82.8
13193,"Macon County, Georgia",Georgia,11864,25.1,41031.0,7.16,10.97,2.1,3.38,0,0.0,0.9517529752331939,0.9723383724670313,0.8890318430363461,0.9787713091026053,0.7574782888388549,0.5519459633322612,0.7857832100353811,85.0,78.6,82.4
48377,"Presidio County, Texas",Texas,5930,32.0,43802.0,6.7,28.02,23.7,30.57,0,0.0,0.9858475394017369,0.95271791572853,0.8591186876809264,0.2833708587970408,0.9987134126728852,0.9922804760373111,0.7857832100353811,84.5,78.6,82.2
04012,"La Paz County, Arizona",Arizona,16664,17.45,49478.0,10.04,13.46,6.0,9.79,3,1.8,0.7536185268575104,0.8909617240270183,0.9726600192988099,0.9269861691862336,0.9411386297844966,0.8684464458025088,0.7118044387262785,89.2,71.2,82.0
13287,"Turner County, Georgia",Georgia,8939,20.27,36799.0,12.21,9.84,4.3,1.87,0,0.0,0.8571888066902541,0.9874557735606304,0.9880990672241878,0.989064007719524,0.9002894821486008,0.33386941138629783,0.7857832100353811,84.3,78.6,82.0
37079,"Greene County, North Carolina",North Carolina,20486,21.05,53244.0,5.65,12.19,3.5,6.59,0,0.0,0.8793824380829849,0.8214860083628176,0.745255709231264,0.9591508523641042,0.8735927951109682,0.7697008684464458,0.7857832100353811,84.1,78.6,81.9
12049,"Hardee County, Florida",Florida,25675,25.33,60489.0,5.91,12.1,6.0,11.73,4,1.558,0.9543261498874236,0.6500482470247668,0.7832100353811515,0.9604374396912191,0.9411386297844966,0.9051141846252815,0.7407526535863622,86.6,74.1,81.6
35031,"McKinley County, New Mexico",New Mexico,70431,33.24,47668.0,9.04,13.3,10.8,2.43,11,1.562,0.9909938887101962,0.917658411064651,0.95271791572853,0.9302026375040205,0.9797362495979415,0.4332582824059183,0.7397877130910261,86.7,74.0,81.6
48153,"Floyd County, Texas",Texas,5216,17.94,58462.0,6.04,14.91,5.7,10.91,0,0.0,0.7751688645866838,0.7082663235767128,0.8015439047925378,0.8764876165969765,0.9347056931489225,0.8941781923448054,0.7857832100353811,83.2,78.6,81.3
20047,"Edwards County, Kansas",Kansas,2779,18.87,52692.0,6.79,20.55,10.1,12.02,0,0.0,0.811193309745899,0.8337085879704085,0.8678031521389514,0.5831457060147958,0.9778063686072692,0.9089739466066259,0.7857832100353811,83.0,78.6,81.3
06047,"Merced County, California",California,290201,19.09,65510.0,10.56,15.33,12.8,25.59,43,1.482,0.8189128337085879,0.5059504663879061,0.9778063686072692,0.8546156320360244,0.9864908330652943,0.9829527179157286,0.7487938243808299,85.4,74.9,81.2
04001,"Apache County, Arizona",Arizona,65341,30.53,41438.0,10.69,16.56,12.2,1.59,6,0.918,0.9807011900932776,0.9700868446445803,0.9784496622708266,0.7944676744934063,0.9842393052428433,0.2801543904792538,0.781601801222258,83.1,78.2,81.1
02158,"Kusilvak Census Area, Alaska",Alaska,8176,32.4,51471.0,19.82,5.78,2.1,1.86,0,0.0,0.9877774203924091,0.8578321003538115,0.9987134126728852,1.0,0.7574782888388549,0.3316178835638469,0.7857832100353811,82.2,78.6,80.8
21237,"Wolfe County, Kentucky",Kentucky,6443,37.74,30417.0,13.13,8.69,1.6,1.58,0,0.0,0.9961402380186555,0.9983917658411064,0.9916371823737536,0.9954969443550981,0.6767449340623994,0.276616275329688,0.7857832100353811,82.3,78.6,80.8
48163,"Frio County, Texas",Texas,18582,19.51,66010.0,5.57,11.95,16.3,10.88,0,0.0,0.8340302348021872,0.49018977163074945,0.7339980701190093,0.9646188485043422,0.9935670633644259,0.8928916050176906,0.7857832100353811,81.8,78.6,80.5
48107,"Crosby County, Texas",Texas,5041,20.08,52188.0,8.25,15.39,2.7,3.69,0,0.0,0.8510775168864587,0.8436796397555484,0.9356706336442586,0.8526857510453522,0.8230942425217112,0.5808941781923448,0.7857832100353811,81.5,78.6,80.3
12051,"Hendry County, Florida",Florida,42382,22.53,56393.0,4.39,12.18,15.0,30.04,7,1.652,0.9131553554197491,0.7590865229977485,0.4930845931167578,0.9597941460276617,0.9916371823737536,0.9903505950466388,0.7304599549694436,85.1,73.0,80.3
48405,"San Augustine County, Texas",Texas,7874,27.14,50408.0,9.51,13.77,0.7,5.77,0,0.0,0.9668703763267932,0.8752010292698617,0.9633322611772274,0.9170151174010936,0.42039240913477,0.7301383081376649,0.7857832100353811,81.2,78.6,80.2
46121,"Todd County, South Dakota",South Dakota,9244,48.43,42075.0,18.66,16.56,1.6,2.47,0,0.0,0.9996783531682213,0.96268896751367,0.9980701190093277,0.7944676744934063,0.6767449340623994,0.4409778063686073,0.7857832100353811,81.2,78.6,80.2
12067,"Lafayette County, Florida",Florida,8161,17.5,62757.0,10.87,9.89,2.3,6.84,0,0.0,0.7555484078481827,0.5802508845287874,0.9810228369250563,0.9884207140559665,0.7828883885493728,0.7822450948858154,0.7857832100353811,81.2,78.6,80.1
12027,"DeSoto County, Florida",Florida,35386,24.06,54417.0,9.5,10.8,3.5,13.62,8,2.261,0.9369572209713735,0.7976841428111933,0.9630106143454487,0.9797362495979415,0.8735927951109682,0.9266645223544548,0.6297844966227083,91.3,63.0,80.0
48487,"Wilbarger County, Texas",Texas,12616,17.46,54102.0,9.29,17.25,2.8,5.91,0,0.0,0.7539401736892891,0.8037954326149888,0.959472499195883,0.7555484078481827,0.8308137664844001,0.7397877130910261,0.7857832100353811,80.7,78.6,79.9
06021,"Glenn County, California",California,28494,15.95,67139.0,8.02,15.12,7.8,18.6,0,0.0,0.6699903505950466,0.4515921518173046,0.9279511096815697,0.8668382116436153,0.9607590865229978,0.9581859118687681,0.7857832100353811,80.6,78.6,79.8
48169,"Garza County, Texas",Texas,5118,8.42,46314.0,11.47,10.22,3.1,12.39,0,0.0,0.1389514313284014,0.9292376970086844,0.9842393052428433,0.9852042457381794,0.8504342232229013,0.9147635895786427,0.7857832100353811,80.0,78.6,79.5
48437,"Swisher County, Texas",Texas,6937,30.1,36165.0,4.29,15.47,3.5,4.43,0,0.0,0.9797362495979415,0.9893856545513027,0.4634930845931168,0.848504342232229,0.8735927951109682,0.6474750723705371,0.7857832100353811,80.0,78.6,79.5
32021,"Mineral County, Nevada",Nevada,4542,18.47,54855.0,9.8,13.22,4.0,2.27,0,0.0,0.8005789642972017,0.790286265680283,0.9678353168221293,0.9321325184946928,0.8896751366999035,0.4052750080411708,0.7857832100353811,79.8,78.6,79.3
28133,"Sunflower County, Mississippi",Mississippi,24333,28.87,39956.0,11.23,16.03,2.3,1.76,3,1.233,0.975876487616597,0.9778063686072692,0.9832743647475073,0.8234158893534899,0.7828883885493728,0.31457060147957544,0.7677709874557735,81.0,76.8,79.3
48125,"Dickens County, Texas",Texas,1747,17.98,49335.0,9.24,18.0,1.8,5.44,0,0.0,0.7767770987455773,0.8938565455130267,0.9581859118687681,0.7246703119974268,0.7140559665487295,0.7114827918944998,0.7857832100353811,79.7,78.6,79.2
06031,"Kings County, California",California,153298,15.98,70995.0,10.8,13.64,9.6,19.19,21,1.37,0.6722418784174976,0.3599228047603731,0.9790929559343841,0.9208748793824381,0.9761981344483757,0.9601157928594404,0.7590865229977485,81.1,75.9,79.0
05071,"Johnson County, Arkansas",Arkansas,26003,19.79,45995.0,4.61,17.85,3.5,8.22,0,0.0,0.8423930524284335,0.9340623994853651,0.5451913798649083,0.7307816018012222,0.8735927951109682,0.8263107108394983,0.7857832100353811,79.2,78.6,79.0
04023,"Santa Cruz County, Arizona",Arizona,48926,20.18,55217.0,12.18,23.14,23.1,34.23,9,1.84,0.8536506915406883,0.7841749758764877,0.9877774203924091,0.45480862013509166,0.997748472177549,0.9961402380186555,0.7063364425860406,84.6,70.6,79.0
28135,"Tallahatchie County, Mississippi",Mississippi,11764,24.62,37466.0,10.18,11.7,1.7,1.22,0,0.0,0.9453200385976198,0.9855258925699582,0.9752331939530395,0.9694435509810229,0.6960437439691219,0.18977163074943712,0.7857832100353811,79.4,78.6,79.0
48407,"San Jacinto County, Texas",Texas,28441,18.37,65364.0,6.77,16.22,4.9,8.88,3,1.055,0.7963975554840785,0.5110968156963653,0.8652299774847217,0.8124798970730138,0.9189449983917658,0.8491476358957865,0.7774203924091347,79.2,77.7,78.6
35019,"Guadalupe County, New Mexico",New Mexico,4381,25.47,42750.0,2.6,16.38,8.7,10.11,0,0.0,0.9559343840463171,0.9575426182052107,0.1473142489546478,0.8041170794467675,0.9707301383081377,0.8787391444194275,0.7857832100353811,78.6,78.6,78.6
35059,"Union County, New Mexico",New Mexico,4013,16.58,46694.0,6.18,18.38,8.8,3.76,0,0.0,0.7085879704084915,0.9263428755226761,0.8131231907365712,0.702476680604696,0.9716950788034738,0.5876487616596977,0.7857832100353811,78.5,78.6,78.5
06033,"Lake County, California",California,68152,16.97,60621.0,11.06,17.83,2.4,9.88,8,1.174,0.7266001929880991,0.6461884850434223,0.9829527179157286,0.7317465422965583,0.7918944998391766,0.8726278546156321,0.7719523962688968,79.2,77.2,78.4
21045,"Casey County, Kentucky",Kentucky,15914,21.73,45510.0,8.89,12.91,1.5,1.78,0,0.0,0.8941781923448054,0.938565455130267,0.9482148600836282,0.9411386297844966,0.6587327114827919,0.3174654229655838,0.7857832100353811,78.3,78.6,78.4
13267,"Tattnall County, Georgia",Georgia,24208,23.35,50747.0,6.68,15.4,1.8,5.14,4,1.652,0.9298809906722418,0.8690897394660663,0.8578321003538115,0.8523641042135734,0.7140559665487295,0.6973303312962368,0.7304599549694436,82.0,73.0,78.4
35025,"Lea County, New Mexico",New Mexico,73733,18.69,68015.0,6.87,15.54,12.2,18.3,12,1.627,0.8060469604374397,0.42650369893856543,0.8735927951109682,0.8456095207462206,0.9842393052428433,0.957220971373432,0.7333547764554519,81.6,73.3,78.3
06039,"Madera County, California",California,160940,19.2,76627.0,10.12,17.91,10.0,20.13,14,0.87,0.8247024766806047,0.23673206818912834,0.9745899002894821,0.7275651334834352,0.9774847217754905,0.9646188485043422,0.7822450948858154,78.4,78.2,78.3
05133,"Sevier County, Arkansas",Arkansas,15712,17.28,53527.0,4.9,9.35,7.9,14.33,3,1.909,0.7442907687359279,0.8147314248954648,0.6075908652299775,0.9916371823737536,0.9620456738501125,0.9359922804760373,0.6918623351559987,84.3,69.2,78.2
35035,"Otero County, New Mexico",New Mexico,68816,19.26,55876.0,8.56,22.74,4.3,9.66,9,1.308,0.8269540045030557,0.7674493406239948,0.9427468639433901,0.47185590221936313,0.9002894821486008,0.8655516243165005,0.7623029913155356,79.6,76.2,78.2
13161,"Jeff Davis County, Georgia",Georgia,14924,21.82,40283.0,6.7,13.19,1.9,5.9,3,2.01,0.899002894821486,0.9749115471212608,0.8591186876809264,0.9327758121582502,0.7301383081376649,0.7391444194274687,0.6715985847539402,85.6,67.2,78.2
48327,"Menard County, Texas",Texas,1955,18.86,53043.0,10.8,23.98,8.0,4.55,0,0.0,0.8108716629141203,0.8250241235123834,0.9790929559343841,0.42167899646188484,0.9649404953361209,0.6571244773238983,0.7857832100353811,77.6,78.6,78.0
48247,"Jim Hogg County, Texas",Texas,4727,31.43,42211.0,6.31,14.81,3.8,0.87,0,0.0,0.9842393052428433,0.9610807333547765,0.8247024766806047,0.880347378578321,0.8848504342232228,0.1103248633000965,0.7857832100353811,77.4,78.6,77.9
47067,"Hancock County, Tennessee",Tennessee,6852,32.25,34960.0,6.29,10.75,0.8,2.28,0,0.0,0.986812479897073,0.9919588292055324,0.8227725956899324,0.9800578964297202,0.46317143776133807,0.4062399485365069,0.7857832100353811,77.5,78.6,77.9
12047,"Hamilton County, Florida",Florida,13616,20.13,50144.0,6.71,10.97,0.7,4.45,0,0.0,0.8530073978771309,0.8793824380829849,0.8597619813444838,0.9787713091026053,0.42039240913477,0.6490833065294307,0.7857832100353811,77.3,78.6,77.8
13007,"Baker County, Georgia",Georgia,2790,26.27,46012.0,6.72,16.68,0.7,4.7,0,0.0,0.9610807333547765,0.9337407526535864,0.861691862335156,0.7886780315213895,0.42039240913477,0.667417175940817,0.7857832100353811,77.2,78.6,77.8
48341,"Moore County, Texas",Texas,21373,18.28,61762.0,3.3,12.3,18.3,30.08,0,0.0,0.7899646188485043,0.6098423930524285,0.26439369572209714,0.9556127372145384,0.9961402380186555,0.9906722418784175,0.7857832100353811,76.8,78.6,77.5
05011,"Bradley County, Arkansas",Arkansas,10208,19.86,41476.0,6.62,15.31,0.5,5.95,0,0.0,0.8449662270826632,0.9697651978128016,0.8542939852042457,0.8555805725313606,0.3335477645545191,0.7410743004181409,0.7857832100353811,76.7,78.6,77.4
35023,"Hidalgo County, New Mexico",New Mexico,4041,23.08,48882.0,3.5,18.3,6.4,7.72,0,0.0,0.9244129945320039,0.9022193631392731,0.3033129623673207,0.7092312640720488,0.9472499195882921,0.8099067224187841,0.7857832100353811,76.6,78.6,77.4
48455,"Trinity County, Texas",Texas,14046,17.61,52018.0,6.52,16.79,2.4,3.44,0,0.0,0.7616596976519782,0.8459311675779994,0.8462528144097781,0.7809585075587006,0.7918944998391766,0.556449018977163,0.7857832100353811,76.4,78.6,77.3
12039,"Gadsden County, Florida",Florida,43710,27.91,48801.0,5.03,21.34,3.1,5.74,5,1.144,0.9707301383081377,0.9044708909617241,0.6336442586040527,0.5416532647153426,0.8504342232229013,0.7282084271469926,0.7742039240913478,77.2,77.4,77.3
38085,"Sioux County, North Dakota",North Dakota,3740,43.29,42083.0,17.02,16.26,1.9,0.75,0,0.0,0.9990350595046639,0.9623673206818912,0.9974268253457703,0.8099067224187841,0.7301383081376649,0.08523641042135735,0.7857832100353811,76.4,78.6,77.3
35057,"Torrance County, New Mexico",New Mexico,15490,18.27,57842.0,9.03,16.56,1.8,3.92,0,0.0,0.7889996783531682,0.7214538436796397,0.9520746220649726,0.7944676744934063,0.7140559665487295,0.6011579285944033,0.7857832100353811,76.2,78.6,77.2
02013,"Aleutians East Borough, Alaska",Alaska,3491,13.22,65365.0,8.35,18.27,5.3,23.52,0,0.0,0.5008041170794467,0.5107751688645867,0.9382438082984883,0.7114827918944998,0.9279511096815697,0.9765197812801544,0.7857832100353811,76.1,78.6,77.1
06107,"Tulare County, California",California,478693,17.89,71300.0,9.31,16.64,11.2,22.21,83,1.734,0.7716307494371181,0.35155998713412673,0.9601157928594404,0.790286265680283,0.9823094242521712,0.9707301383081377,0.721132196847861,80.4,72.1,77.1
12107,"Putnam County, Florida",Florida,75164,23.42,47934.0,7.38,14.49,1.7,4.74,15,1.996,0.9302026375040205,0.9147635895786427,0.9015760694757157,0.8941781923448054,0.6960437439691219,0.6703119974268253,0.676101640398842,83.5,67.6,77.1
48461,"Upton County, Texas",Texas,3191,16.04,49167.0,3.53,8.71,2.5,9.53,0,0.0,0.676101640398842,0.8964297201672563,0.3091026053393374,0.9951752975233193,0.8018655516243165,0.8639433901576069,0.7857832100353811,75.7,78.6,76.9
13183,"Long County, Georgia",Georgia,18374,17.35,68808.0,6.8,13.28,4.3,5.05,0,0.0,0.7487938243808299,0.40752653586362175,0.8684464458025088,0.9305242843357993,0.9002894821486008,0.6902541009971052,0.7857832100353811,75.8,78.6,76.9
48069,"Castro County, Texas",Texas,7344,19.19,56776.0,3.74,18.6,9.4,17.44,0,0.0,0.8240591830170473,0.7478288838854937,0.3560630427790286,0.6883242200064329,0.9749115471212608,0.95271791572853,0.7857832100353811,75.7,78.6,76.9
12013,"Calhoun County, Florida",Florida,13492,20.75,50517.0,8.01,13.59,0.6,3.6,0,0.0,0.8710196204567385,0.8739144419427468,0.927629462849791,0.9228047603731103,0.38018655516243166,0.5751045352203281,0.7857832100353811,75.8,78.6,76.9
35006,"Cibola County, New Mexico",New Mexico,26845,28.4,50759.0,10.5,17.0,1.9,2.19,4,1.49,0.9733033129623673,0.8684464458025088,0.9771630749437118,0.7680926342875523,0.7301383081376649,0.390800900611129,0.7458990028948215,78.5,74.6,76.9
48429,"Stephens County, Texas",Texas,9351,14.65,58008.0,5.45,17.22,4.5,8.64,0,0.0,0.5972981666130589,0.7175940816982953,0.7169507880347379,0.7565133483435188,0.9067224187841749,0.8417497587648761,0.7857832100353811,75.6,78.6,76.8
13063,"Clayton County, Georgia",Georgia,298924,17.95,59806.0,7.2,22.53,4.4,13.45,42,1.405,0.7754905114184625,0.667417175940817,0.8916050176905758,0.48247024766806046,0.9035059504663879,0.9250562881955613,0.7568349951752975,77.4,75.7,76.7
13197,"Marion County, Georgia",Georgia,7509,20.92,51667.0,4.85,17.67,1.4,8.11,0,0.0,0.8758443229334191,0.8533290447089096,0.5966548729495015,0.7401093599228048,0.637825667417176,0.824380829848826,0.7857832100353811,75.5,78.6,76.7
21065,"Estill County, Kentucky",Kentucky,14035,20.74,46051.0,7.02,12.2,1.0,1.85,0,0.0,0.8700546799614024,0.9324541653264715,0.8816339659054359,0.9585075587005468,0.5310389192666453,0.32936635574139594,0.7857832100353811,75.1,78.6,76.5
21041,"Carroll County, Kentucky",Kentucky,10954,23.13,56466.0,6.07,11.36,1.1,2.75,0,0.0,0.9256995818591187,0.7565133483435188,0.8037954326149888,0.9749115471212608,0.5638468961080734,0.4782888388549373,0.7857832100353811,75.1,78.6,76.5
06049,"Modoc County, California",California,8600,17.9,59455.0,7.6,24.82,3.9,8.8,0,0.0,0.7729173367642329,0.6770665808941781,0.9125120617561917,0.3879060791251206,0.8867803152138951,0.8475394017368929,0.7857832100353811,74.7,78.6,76.3
28163,"Yazoo County, Mississippi",Mississippi,24835,30.75,39295.0,9.7,15.3,0.2,3.83,3,1.208,0.9816661305886137,0.9803795432614989,0.965905435831457,0.856223866194918,0.17368928916050178,0.5937600514634931,0.7697008684464458,75.9,77.0,76.3
35061,"Valencia County, New Mexico",New Mexico,78458,18.13,58933.0,6.95,20.9,4.9,8.68,13,1.657,0.7832100353811515,0.6921839819877774,0.8774525570923126,0.5644901897716308,0.9189449983917658,0.8427146992602123,0.7294950144741075,78.0,72.9,76.0
01059,"Franklin County, Alabama",Alabama,31966,19.14,53338.0,3.63,15.84,3.1,9.82,4,1.251,0.8214860083628176,0.8185911868768093,0.3316178835638469,0.8321003538115149,0.8504342232229013,0.8700546799614024,0.76616275329688,75.4,76.6,75.9
53001,"Adams County, Washington",Washington,20800,19.55,66136.0,3.59,15.71,14.7,24.46,0,0.0,0.8359601157928594,0.4844001286587327,0.32196847861048566,0.8394982309424253,0.9909938887101962,0.9787713091026053,0.7857832100353811,74.2,78.6,75.9
13321,"Worth County, Georgia",Georgia,20451,24.04,58694.0,6.9,11.74,1.5,1.73,0,0.0,0.9356706336442586,0.7008684464458025,0.8748793824380829,0.968156963653908,0.6587327114827919,0.3087809585075587,0.7857832100353811,74.1,78.6,75.9
40011,"Blaine County, Oklahoma",Oklahoma,8570,17.36,61642.0,8.4,18.1,2.6,3.91,0,0.0,0.7494371180443873,0.6114506272113219,0.9392087487938244,0.7220971373431971,0.8118366034094564,0.5998713412672885,0.7857832100353811,73.9,78.6,75.8
35039,"Rio Arriba County, New Mexico",New Mexico,40070,18.24,57155.0,4.93,19.04,4.4,6.25,4,0.998,0.7880347378578321,0.7372145384367964,0.6130588613702155,0.6680604696043744,0.9035059504663879,0.7561917015117401,0.779350273399807,74.4,77.9,75.8
13307,"Webster County, Georgia",Georgia,2381,22.32,46792.0,4.16,8.86,1.4,3.19,0,0.0,0.9083306529430685,0.9244129945320039,0.4387262785461563,0.9938887101962046,0.637825667417176,0.529109038275973,0.7857832100353811,73.9,78.6,75.8
26085,"Lake County, Michigan",Michigan,12563,20.52,50805.0,7.39,12.73,1.7,0.98,0,0.0,0.8629784496622708,0.8674815053071727,0.9018977163074944,0.9456416854293985,0.6960437439691219,0.13573496301061436,0.7857832100353811,73.5,78.6,75.5
02050,"Bethel Census Area, Alaska",Alaska,18394,25.61,73996.0,15.94,12.79,4.5,1.75,0,0.0,0.9568993245416533,0.29205532325506595,0.9958185911868768,0.944033451270505,0.9067224187841749,0.31199742682534576,0.7857832100353811,73.5,78.6,75.5
13141,"Hancock County, Georgia",Georgia,8650,30.64,40082.0,6.32,10.27,0.3,2.16,0,0.0,0.9810228369250563,0.9761981344483757,0.8263107108394983,0.984560952074622,0.22997748472177548,0.3856545513026697,0.7857832100353811,73.1,78.6,75.3
45025,"Chesterfield County, South Carolina",South Carolina,43784,20.34,49235.0,7.5,13.62,1.0,3.57,8,1.827,0.8584753940173689,0.8957864265036989,0.9089739466066259,0.9218398198777742,0.5310389192666453,0.5722097137343197,0.7082663235767128,78.1,70.8,75.2
48249,"Jim Wells County, Texas",Texas,38850,24.66,51896.0,6.1,16.32,6.6,4.93,9,2.317,0.946284979092956,0.8494692827275652,0.8070119009327759,0.8066902541009972,0.9517529752331939,0.6847861048568672,0.6188485043422323,84.1,61.9,75.2
13265,"Taliaferro County, Georgia",Georgia,1558,20.36,52500.0,4.95,12.0,3.4,1.35,0,0.0,0.8587970408491477,0.8378899967835317,0.6175619170151174,0.9630106143454487,0.869411386297845,0.22290125442264394,0.7857832100353811,72.8,78.6,75.1
48103,"Crane County, Texas",Texas,4610,10.89,62212.0,4.57,12.61,14.3,23.62,0,0.0,0.3110324863300096,0.5966548729495015,0.534577034416211,0.9491798005789643,0.9897073013830814,0.9768414281119331,0.7857832100353811,72.6,78.6,75.0
35017,"Grant County, New Mexico",New Mexico,27775,19.5,44958.0,8.37,30.66,2.4,4.63,3,1.08,0.8337085879704085,0.9430685107751688,0.938565455130267,0.22515278224509488,0.7918944998391766,0.6629141202959151,0.7767770987455773,73.3,77.7,75.0
48483,"Wheeler County, Texas",Texas,4862,15.4,60167.0,4.76,17.02,3.1,9.28,0,0.0,0.6403988420714056,0.6571244773238983,0.5731746542296559,0.7671276937922161,0.8504342232229013,0.8571888066902541,0.7857832100353811,72.4,78.6,74.9
16077,"Power County, Idaho",Idaho,8133,9.47,61146.0,5.62,15.29,8.7,12.9,0,0.0,0.21228690897394661,0.6281762624638147,0.7407526535863622,0.8578321003538115,0.9707301383081377,0.9192666452235445,0.7857832100353811,72.2,78.6,74.7
05093,"Mississippi County, Arkansas",Arkansas,39126,21.13,52548.0,6.9,13.7,0.8,2.5,5,1.278,0.8813123190736571,0.8366034094564169,0.8748793824380829,0.9189449983917658,0.46317143776133807,0.4461241556770666,0.7632679318108717,73.7,76.3,74.7
28103,"Noxubee County, Mississippi",Mississippi,10025,26.33,33833.0,8.62,10.63,0.6,0.61,0,0.0,0.9620456738501125,0.9932454165326472,0.9437118044387263,0.9816661305886137,0.38018655516243166,0.06272113219684786,0.7857832100353811,72.1,78.6,74.7
46007,"Bennett County, South Dakota",South Dakota,3345,29.94,53750.0,10.0,18.28,1.1,1.64,0,0.0,0.9784496622708266,0.8102283692505629,0.9713734319716951,0.7108394982309424,0.5638468961080734,0.28916050176905755,0.7857832100353811,72.1,78.6,74.7
29119,"McDonald County, Missouri",Missouri,23701,16.78,52375.0,6.82,12.29,3.7,10.96,6,2.532,0.7182373753618527,0.8401415246059827,0.8697330331296237,0.9565776777098746,0.8819556127372146,0.8951431328401416,0.5751045352203281,86.0,57.5,74.6
08109,"Saguache County, Colorado",Colorado,6580,17.77,50082.0,10.33,31.31,1.5,7.74,0,0.0,0.7668060469604374,0.8809906722418784,0.9761981344483757,0.20907044065615954,0.6587327114827919,0.8102283692505629,0.7857832100353811,71.7,78.6,74.5
45069,"Marlboro County, South Carolina",South Carolina,25975,28.51,34301.0,9.92,8.96,0.2,2.13,4,1.54,0.9739466066259247,0.9929237697008685,0.970408491476359,0.9932454165326472,0.17368928916050178,0.38050820199421037,0.742039240913477,74.7,74.2,74.5
28009,"Benton County, Mississippi",Mississippi,7589,21.52,46016.0,3.13,12.77,1.2,5.49,0,0.0,0.8893534898681248,0.9334191058218076,0.22901254422643938,0.9449983917658411,0.5895786426503699,0.7137343197169508,0.7857832100353811,71.7,78.6,74.4
48283,"La Salle County, Texas",Texas,6839,21.45,57716.0,1.82,11.81,6.0,5.16,0,0.0,0.8867803152138951,0.7275651334834352,0.069154068832422,0.9675136699903506,0.9411386297844966,0.6979736249597941,0.7857832100353811,71.5,78.6,74.3
13319,"Wilkinson County, Georgia",Georgia,8747,21.6,45465.0,4.81,12.27,1.3,1.65,0,0.0,0.8922483113541332,0.9388871019620457,0.5879704084914763,0.957220971373432,0.6156320360244452,0.29173367642328724,0.7857832100353811,71.4,78.6,74.3
40067,"Jefferson County, Oklahoma",Oklahoma,5380,23.13,48668.0,5.24,16.04,0.6,3.74,0,0.0,0.9256995818591187,0.9064007719523963,0.6712769379221615,0.822129302026375,0.38018655516243166,0.5860405275008042,0.7857832100353811,71.5,78.6,74.3
48447,"Throckmorton County, Texas",Texas,1639,24.22,59216.0,8.25,22.42,1.6,3.48,0,0.0,0.938565455130267,0.6857510453522033,0.9356706336442586,0.4879382438082985,0.6767449340623994,0.560952074622065,0.7857832100353811,71.4,78.6,74.3
13107,"Emanuel County, Georgia",Georgia,23026,25.69,52772.0,8.85,13.47,0.7,2.62,4,1.737,0.9578642650369894,0.8317787069797362,0.9475715664200708,0.9263428755226761,0.42039240913477,0.4605982631071084,0.7204889031843036,75.7,72.0,74.3
37165,"Scotland County, North Carolina",North Carolina,33590,25.81,45730.0,10.94,16.65,0.5,3.48,6,1.786,0.959472499195883,0.9366355741395948,0.9816661305886137,0.7896429720167256,0.3335477645545191,0.560952074622065,0.7134126728851721,76.0,71.3,74.2
54031,"Hardy County, West Virginia",West Virginia,14243,17.69,49272.0,7.33,15.66,0.9,2.05,0,0.0,0.7642328723062077,0.8944998391765842,0.8993245416532647,0.8423930524284335,0.4985525892569958,0.3682856223866195,0.7857832100353811,71.1,78.6,74.1
48109,"Culberson County, Texas",Texas,2195,19.48,58777.0,1.2,15.76,15.9,9.48,0,0.0,0.8330652943068511,0.6982952717915728,0.03152138951431328,0.8362817626246382,0.9922804760373111,0.8623351559987135,0.7857832100353811,70.9,78.6,74.0
28079,"Leake County, Mississippi",Mississippi,21319,20.52,50728.0,6.22,15.73,2.0,2.71,4,1.876,0.8629784496622708,0.8697330331296237,0.8163396590543583,0.8385332904470891,0.7468639433901576,0.4734641363782567,0.6986169186233515,76.8,69.9,74.0
37163,"Sampson County, North Carolina",North Carolina,59470,21.82,52432.0,5.27,16.24,2.7,10.65,14,2.354,0.899002894821486,0.8391765841106466,0.6780315213895143,0.8108716629141203,0.8230942425217112,0.8899967835316822,0.6140238018655516,82.3,61.4,74.0
48189,"Hale County, Texas",Texas,32131,20.54,51897.0,5.28,15.31,7.3,9.2,8,2.49,0.8639433901576069,0.8491476358957865,0.6809263428755227,0.8555805725313606,0.9562560308780959,0.8549372788678031,0.582824059183017,84.3,58.3,73.9
13259,"Stewart County, Georgia",Georgia,4869,26.43,33250.0,5.49,12.73,0.0,4.13,0,0.0,0.96268896751367,0.9948536506915406,0.7243486651656481,0.9456416854293985,0.0,0.6239948536506915,0.7857832100353811,70.9,78.6,73.9
48101,"Cottle County, Texas",Texas,1368,17.09,59063.0,12.6,21.06,5.2,1.9,0,0.0,0.7336764232872306,0.6883242200064329,0.9906722418784175,0.5561273721453843,0.9260212286908974,0.34191058218076553,0.7857832100353811,70.6,78.6,73.8
05097,"Montgomery County, Arkansas",Arkansas,8553,22.39,48906.0,5.78,16.75,0.8,2.28,0,0.0,0.9092955934384046,0.9015760694757157,0.7619813444837569,0.7844966227082664,0.46317143776133807,0.4062399485365069,0.7857832100353811,70.4,78.6,73.7
47095,"Lake County, Tennessee",Tennessee,6579,32.18,28814.0,4.91,9.41,0.4,1.99,0,0.0,0.9864908330652943,0.9990350595046639,0.6091990993888711,0.9913155355419749,0.28208427146992604,0.35960115792859443,0.7857832100353811,70.5,78.6,73.7
24039,"Somerset County, Maryland",Maryland,24822,16.36,64943.0,7.46,19.39,2.1,5.1,0,0.0,0.6947571566420071,0.5201029269861692,0.9054358314570602,0.6455451913798649,0.7574782888388549,0.6944355098102284,0.7857832100353811,70.3,78.6,73.6
45081,"Saluda County, South Carolina",South Carolina,19131,18.7,51009.0,3.22,20.43,4.6,7.28,0,0.0,0.8063686072692184,0.8645866838211643,0.24863300096494048,0.5911868768092634,0.9102605339337407,0.7976841428111933,0.7857832100353811,70.3,78.6,73.6
12079,"Madison County, Florida",Florida,18089,21.0,48485.0,5.81,13.91,0.2,3.61,0,0.0,0.8777742039240913,0.9092955934384046,0.7668060469604374,0.9115471212608556,0.17368928916050178,0.5757478288838855,0.7857832100353811,70.2,78.6,73.6
35041,"Roosevelt County, New Mexico",New Mexico,18928,21.85,52685.0,5.43,21.18,4.7,8.27,4,2.113,0.8999678353168221,0.8343518816339659,0.7118044387262785,0.5490511418462528,0.9125120617561917,0.8282405918301705,0.6558378899967835,78.9,65.6,73.6
28123,"Scott County, Mississippi",Mississippi,27718,22.16,48786.0,5.49,13.53,1.2,5.78,6,2.165,0.9060791251206176,0.9047925377935028,0.7243486651656481,0.9247346413637826,0.5895786426503699,0.7307816018012222,0.6458668382116436,79.7,64.6,73.6
54047,"McDowell County, West Virginia",West Virginia,17943,34.18,31559.0,8.23,6.77,0.3,1.64,3,1.672,0.9935670633644259,0.9974268253457703,0.9350273399807012,0.9993567063364426,0.22997748472177548,0.28916050176905755,0.7278867803152139,74.1,72.8,73.6
32023,"Nye County, Nevada",Nevada,54344,14.14,60714.0,8.07,13.35,2.3,8.14,11,2.024,0.5657767770987456,0.6423287230620779,0.9292376970086844,0.9292376970086844,0.7828883885493728,0.8256674171759408,0.6690254100997105,77.9,66.9,73.5
48315,"Marion County, Texas",Texas,9737,18.32,49672.0,8.68,15.6,0.5,2.26,0,0.0,0.7928594403345127,0.8877452557092312,0.9446767449340624,0.8443229334191058,0.3335477645545191,0.40270183338694115,0.7857832100353811,70.1,78.6,73.5
35011,"De Baca County, New Mexico",New Mexico,1576,15.49,,8.44,9.27,1.1,0.57,0,0.0,0.6468317787069797,1.0,0.9401736892891605,0.9919588292055324,0.5638468961080734,0.055001608234158894,0.7857832100353811,70.0,78.6,73.4
28093,"Marshall County, Mississippi",Mississippi,33979,23.04,53458.0,4.38,14.56,1.4,2.8,4,1.177,0.9234480540366677,0.8166613058861371,0.48954647796719203,0.8899967835316822,0.637825667417176,0.4831135413316179,0.7716307494371181,70.7,77.2,73.3
47027,"Clay County, Tennessee",Tennessee,7670,24.2,39972.0,10.05,11.49,0.2,1.03,0,0.0,0.9382438082984883,0.9774847217754905,0.9729816661305886,0.9720167256352525,0.17368928916050178,0.14634930845931168,0.7857832100353811,69.7,78.6,73.2
48253,"Jones County, Texas",Texas,20304,14.05,59464.0,5.53,11.99,1.5,3.71,0,0.0,0.5603087809585076,0.6767449340623994,0.7291733676423288,0.9633322611772274,0.6587327114827919,0.582824059183017,0.7857832100353811,69.5,78.6,73.1
49037,"San Juan County, Utah",Utah,14483,18.07,64481.0,12.49,20.47,9.1,1.71,0,0.0,0.7822450948858154,0.5310389192666453,0.9893856545513027,0.5879704084914763,0.973624959794146,0.30459954969443553,0.7857832100353811,69.5,78.6,73.1
48351,"Newton County, Texas",Texas,12093,18.96,42618.0,8.26,6.81,0.3,1.39,0,0.0,0.8144097780636861,0.9581859118687681,0.9366355741395948,0.9990350595046639,0.22997748472177548,0.23158571888066903,0.7857832100353811,69.5,78.6,73.1
06029,"Kern County, California",California,915075,19.11,70210.0,8.63,18.77,8.0,20.23,202,2.207,0.819877774203924,0.37697008684464456,0.944033451270505,0.6825345770344162,0.9649404953361209,0.9649404953361209,0.6384689610807334,79.2,63.8,73.1
45087,"Union County, South Carolina",South Carolina,26885,22.62,41621.0,7.94,14.98,0.4,1.45,3,1.116,0.9154068832422001,0.9684786104856867,0.9244129945320039,0.8726278546156321,0.28208427146992604,0.24605982631071083,0.7754905114184625,70.2,77.5,73.1
48237,"Jack County, Texas",Texas,8882,12.95,68079.0,9.58,14.5,1.7,5.17,0,0.0,0.47796719202315857,0.42489546477967194,0.9652621421678996,0.893534898681248,0.6960437439691219,0.6986169186233515,0.7857832100353811,69.3,78.6,73.0
48191,"Hall County, Texas",Texas,2820,16.25,48459.0,9.04,21.45,0.3,8.58,0,0.0,0.6873592795110968,0.9096172402701833,0.95271791572853,0.5336120939208748,0.22997748472177548,0.8388549372788678,0.7857832100353811,69.2,78.6,73.0
21031,"Butler County, Kentucky",Kentucky,12393,20.52,56092.0,4.36,9.87,1.6,2.14,0,0.0,0.8629784496622708,0.7642328723062077,0.4831135413316179,0.9887423608877453,0.6767449340623994,0.3834030234802187,0.7857832100353811,69.3,78.6,73.0
40075,"Kiowa County, Oklahoma",Oklahoma,8383,22.94,44962.0,5.18,16.7,1.7,1.01,0,0.0,0.9211965262142168,0.9427468639433901,0.6635574139594725,0.7867481505307172,0.6960437439691219,0.14216789964618848,0.7857832100353811,69.2,78.6,73.0
48137,"Edwards County, Texas",Texas,1290,31.87,40313.0,0.0,26.12,16.1,9.46,0,0.0,0.9852042457381794,0.9742682534577034,0.0,0.3383724670311997,0.9929237697008685,0.861691862335156,0.7857832100353811,69.2,78.6,73.0
37177,"Tyrrell County, North Carolina",North Carolina,3423,18.71,41685.0,2.82,13.03,1.0,5.67,0,0.0,0.8070119009327759,0.968156963653908,0.1791572853007398,0.9369572209713735,0.5310389192666453,0.7237053715020907,0.7857832100353811,69.1,78.6,72.9
13173,"Lanier County, Georgia",Georgia,10221,26.15,47186.0,3.99,19.28,1.0,4.82,0,0.0,0.9607590865229978,0.9202315857188806,0.4084914763589579,0.6529430685107752,0.5310389192666453,0.676101640398842,0.7857832100353811,69.2,78.6,72.9
45021,"Cherokee County, South Carolina",South Carolina,56647,18.42,50288.0,6.26,18.41,1.7,3.16,10,1.765,0.798005789642972,0.8774525570923126,0.8189128337085879,0.7011900932775812,0.6960437439691219,0.5252492762946285,0.7159858475394018,73.6,71.6,72.8
16023,"Butte County, Idaho",Idaho,2684,19.25,53015.0,4.37,17.55,2.1,2.91,0,0.0,0.8263107108394983,0.8269540045030557,0.48665165648118364,0.745255709231264,0.7574782888388549,0.4979092955934384,0.7857832100353811,69.0,78.6,72.8
08025,"Crowley County, Colorado",Colorado,5647,19.41,48826.0,3.91,12.44,1.1,2.83,0,0.0,0.8311354133161788,0.9038275972981666,0.39498230942425216,0.95271791572853,0.5638468961080734,0.48761659697651977,0.7857832100353811,68.9,78.6,72.8
04017,"Navajo County, Arizona",Arizona,108415,24.72,54606.0,8.85,19.1,5.9,2.47,24,2.214,0.9469282727565134,0.7951109681569637,0.9475715664200708,0.66420070762303,0.9398520424573817,0.4409778063686073,0.6371823737536185,78.9,63.7,72.8
48145,"Falls County, Texas",Texas,17291,14.71,57247.0,5.96,19.5,2.8,6.98,3,1.735,0.6005146349308459,0.7356063042779029,0.7909295593438405,0.6403988420714056,0.8308137664844001,0.7873914441942746,0.7208105500160823,73.1,72.1,72.7
48279,"Lamb County, Texas",Texas,12828,15.03,60760.0,2.06,14.32,7.6,12.98,0,0.0,0.6188485043422323,0.6400771952396269,0.087809585075587,0.899002894821486,0.9581859118687681,0.9208748793824381,0.7857832100353811,68.7,78.6,72.7
08011,"Bent County, Colorado",Colorado,5549,28.36,50179.0,5.77,15.71,0.4,2.23,0,0.0,0.9729816661305886,0.8790607912512062,0.7597298166613059,0.8394982309424253,0.28208427146992604,0.396268896751367,0.7857832100353811,68.8,78.6,72.7
22111,"Union Parish, Louisiana",Louisiana,20821,29.4,42885.0,5.08,14.8,0.9,3.34,4,1.921,0.9771630749437118,0.9568993245416533,0.6452235445480862,0.8806690254100997,0.4985525892569958,0.5471212608555805,0.6886458668382116,75.1,68.9,72.6
13119,"Franklin County, Georgia",Georgia,24234,19.52,53046.0,5.9,17.76,2.1,4.6,5,2.063,0.8343518816339659,0.8247024766806047,0.7809585075587006,0.7349630106143454,0.7574782888388549,0.6603409456416854,0.6632357671276938,76.5,66.3,72.5
13017,"Ben Hill County, Georgia",Georgia,17089,25.15,41758.0,3.11,12.96,2.7,2.74,3,1.756,0.9523962688967513,0.9668703763267932,0.22354454808620136,0.9392087487938244,0.8230942425217112,0.47700225152782244,0.7166291412029592,73.0,71.7,72.5
28041,"Greene County, Mississippi",Mississippi,13615,18.29,54276.0,11.89,10.54,0.7,0.9,0,0.0,0.7906079125120618,0.8012222579607591,0.9861691862335156,0.9832743647475073,0.42039240913477,0.11643615310389192,0.7857832100353811,68.3,78.6,72.4
13037,"Calhoun County, Georgia",Georgia,5498,22.83,46940.0,5.99,13.0,0.0,3.11,0,0.0,0.9186233515599871,0.9224831135413316,0.7970408491476358,0.9372788678031522,0.0,0.5197812801543905,0.7857832100353811,68.3,78.6,72.4
06115,"Yuba County, California",California,84507,14.18,76373.0,6.83,17.74,4.1,11.5,12,1.42,0.5677066580894178,0.24155677066580894,0.8710196204567385,0.7362495979414603,0.8941781923448054,0.9031843036346092,0.7549051141846252,70.2,75.5,72.3
48275,"Knox County, Texas",Texas,3307,15.74,56667.0,1.28,13.51,4.7,7.08,0,0.0,0.6587327114827919,0.752010292698617,0.03634609199099389,0.92537793502734,0.9125120617561917,0.7918944998391766,0.7857832100353811,67.9,78.6,72.2
48255,"Karnes County, Texas",Texas,14968,19.15,60214.0,2.94,14.3,5.1,3.67,0,0.0,0.8218076551945963,0.6551945963332261,0.19491798005789643,0.8999678353168221,0.923126407204889,0.5786426503698938,0.7857832100353811,67.9,78.6,72.2
40107,"Okfuskee County, Oklahoma",Oklahoma,11278,25.83,48363.0,3.54,14.3,1.1,2.44,0,0.0,0.9597941460276617,0.9109038275972982,0.31006754583467355,0.8999678353168221,0.5638468961080734,0.43518816339659055,0.7857832100353811,68.0,78.6,72.2
37155,"Robeson County, North Carolina",North Carolina,116902,27.23,41978.0,5.96,14.68,1.7,5.51,31,2.652,0.9671920231585719,0.9633322611772274,0.7909295593438405,0.8871019620456738,0.6960437439691219,0.7150209070440656,0.5500160823415889,83.7,55.0,72.2
01105,"Perry County, Alabama",Alabama,8031,31.36,37654.0,16.46,15.77,0.0,1.58,0,0.0,0.9839176584110646,0.9842393052428433,0.9964618848504342,0.835316822129302,0.0,0.276616275329688,0.7857832100353811,67.9,78.6,72.2
29211,"Sullivan County, Missouri",Missouri,5857,13.67,56964.0,2.46,15.54,5.6,10.5,0,0.0,0.529109038275973,0.742039240913477,0.12962367320681892,0.8456095207462206,0.9327758121582502,0.8871019620456738,0.7857832100353811,67.8,78.6,72.1
48475,"Ward County, Texas",Texas,11144,14.92,65952.0,2.91,12.41,7.7,9.52,0,0.0,0.6117722740431006,0.49211965262142165,0.1891283370858797,0.9533612093920875,0.9597941460276617,0.8629784496622708,0.7857832100353811,67.8,78.6,72.1
37185,"Warren County, North Carolina",North Carolina,18795,21.1,50638.0,7.2,18.9,0.3,3.11,0,0.0,0.880347378578321,0.8713412672885172,0.8916050176905758,0.6770665808941781,0.22997748472177548,0.5197812801543905,0.7857832100353811,67.8,78.6,72.1
37107,"Lenoir County, North Carolina",North Carolina,54919,21.95,45143.0,9.03,16.35,1.6,4.37,14,2.549,0.9022193631392731,0.9408169829527179,0.9520746220649726,0.8047603731103249,0.6767449340623994,0.6432936635574139,0.5715664200707623,82.0,57.2,72.1
02290,"Yukon-Koyukuk Census Area, Alaska",Alaska,5195,16.02,55741.0,5.39,15.97,1.1,3.08,0,0.0,0.6748150530717273,0.7706658089417819,0.7040849147635896,0.8269540045030557,0.5638468961080734,0.5168864586683821,0.7857832100353811,67.6,78.6,72.0
08023,"Costilla County, Colorado",Colorado,3607,21.0,36861.0,3.52,24.85,2.2,5.68,0,0.0,0.8777742039240913,0.9871341267288517,0.30685107751688645,0.3856545513026697,0.7709874557735606,0.7253136056609842,0.7857832100353811,67.6,78.6,72.0
21169,"Metcalfe County, Kentucky",Kentucky,10425,27.51,51473.0,4.91,12.97,0.8,1.33,0,0.0,0.9684786104856867,0.8575104535220328,0.6091990993888711,0.9388871019620457,0.46317143776133807,0.21839819877774205,0.7857832100353811,67.6,78.6,72.0
06035,"Lassen County, California",California,30356,13.96,67403.0,8.32,13.09,2.6,7.0,6,1.977,0.553232550659376,0.4432293341910582,0.9379221614667096,0.9340623994853651,0.8118366034094564,0.7889996783531682,0.6793181087166291,74.5,67.9,71.9
48471,"Walker County, Texas",Texas,80209,18.36,52324.0,8.9,21.57,0.8,7.62,15,1.87,0.7957542618205211,0.8414281119330974,0.9491798005789643,0.5262142167899646,0.46317143776133807,0.8070119009327759,0.6999035059504664,73.0,70.0,71.8
47069,"Hardeman County, Tennessee",Tennessee,25433,18.99,46069.0,9.79,12.2,0.1,1.68,3,1.18,0.8153747185590222,0.9321325184946928,0.9668703763267932,0.9585075587005468,0.11997426825345771,0.2988099067224188,0.7709874557735606,68.2,77.1,71.8
21061,"Edmonson County, Kentucky",Kentucky,12355,15.32,54937.0,7.66,10.73,0.8,1.4,0,0.0,0.6346091990993888,0.7883563846896108,0.9154068832422001,0.9803795432614989,0.46317143776133807,0.2357671276937922,0.7857832100353811,67.0,78.6,71.6
05061,"Howard County, Arkansas",Arkansas,12583,22.52,45603.0,5.38,16.22,1.4,5.78,3,2.384,0.9128337085879704,0.9372788678031522,0.7015117401093599,0.8124798970730138,0.637825667417176,0.7307816018012222,0.6075908652299775,78.9,60.8,71.6
48081,"Coke County, Texas",Texas,3353,22.85,43333.0,5.58,22.97,1.0,2.33,0,0.0,0.9192666452235445,0.9543261498874236,0.7362495979414603,0.4612415567706658,0.5310389192666453,0.4152460598263107,0.7857832100353811,67.0,78.6,71.6
13049,"Charlton County, Georgia",Georgia,12818,18.08,61276.0,13.96,12.3,3.3,2.68,3,2.34,0.7825667417175941,0.6220649726600193,0.9945320038597619,0.9556127372145384,0.8636217433258282,0.4689610807333548,0.6165969765197813,78.1,61.7,71.5
37065,"Edgecombe County, North Carolina",North Carolina,48736,21.73,51265.0,8.74,17.51,0.5,3.31,9,1.847,0.8941781923448054,0.8604052750080412,0.9466066259247347,0.7487938243808299,0.3335477645545191,0.5442264393695722,0.704728208427147,72.1,70.5,71.5
13261,"Sumter County, Georgia",Georgia,29061,23.75,42653.0,4.71,21.42,0.9,4.28,4,1.376,0.9330974589900289,0.9578642650369894,0.5593438404631714,0.5358636217433258,0.4985525892569958,0.6371823737536185,0.7581215825024124,68.7,75.8,71.5
13101,"Echols County, Georgia",Georgia,3709,14.21,59489.0,1.71,15.72,7.9,10.76,0,0.0,0.5693148922483113,0.6757799935670634,0.0601479575426182,0.8391765841106466,0.9620456738501125,0.8909617240270183,0.7857832100353811,66.6,78.6,71.4
48179,"Gray County, Texas",Texas,21045,15.72,59614.0,5.57,16.23,5.4,11.34,5,2.376,0.657446124155677,0.6725635252492763,0.7339980701190093,0.8118366034094564,0.9298809906722418,0.9009327758121582,0.6091990993888711,78.4,60.9,71.4
04015,"Mohave County, Arizona",Arizona,220517,16.09,57684.0,7.25,15.22,1.5,6.11,48,2.177,0.6793181087166291,0.7278867803152139,0.8944998391765842,0.8610485686715986,0.6587327114827919,0.7484721775490512,0.6436153103891926,76.2,64.4,71.4
48495,"Winkler County, Texas",Texas,7454,16.22,86900.0,3.6,10.63,6.1,15.29,0,0.0,0.6851077516886459,0.1202959150852364,0.32486330009649406,0.9816661305886137,0.9437118044387263,0.9424252171116114,0.7857832100353811,66.6,78.6,71.4
29085,"Hickory County, Missouri",Missouri,8585,19.76,39390.0,13.81,12.79,0.3,0.15,0,0.0,0.8417497587648761,0.9794146027661628,0.9935670633644259,0.944033451270505,0.22997748472177548,0.008041170794467674,0.7857832100353811,66.6,78.6,71.4
16063,"Lincoln County, Idaho",Idaho,5358,10.47,71453.0,4.92,11.1,2.7,15.73,0,0.0,0.2807976841428112,0.34802187198456097,0.6117722740431006,0.9771630749437118,0.8230942425217112,0.944033451270505,0.7857832100353811,66.4,78.6,71.3
35003,"Catron County, New Mexico",New Mexico,3743,24.78,49864.0,4.21,31.18,2.5,5.1,0,0.0,0.9478932132518495,0.8848504342232228,0.44901897716307493,0.21260855580572532,0.8018655516243165,0.6944355098102284,0.7857832100353811,66.5,78.6,71.3
22035,"East Carroll Parish, Louisiana",Louisiana,7072,35.22,33341.0,13.9,12.17,0.0,0.49,0,0.0,0.9945320038597619,0.9942103570279833,0.9938887101962046,0.9601157928594404,0.0,0.04406561595368286,0.7857832100353811,66.4,78.6,71.3
21189,"Owsley County, Kentucky",Kentucky,3971,36.15,22188.0,12.58,7.12,0.0,0.0,0,0.0,0.9951752975233193,0.9996783531682213,0.9903505950466388,0.9983917658411064,0.0,0.0,0.7857832100353811,66.4,78.6,71.3
02180,"Nome Census Area, Alaska",Alaska,9866,21.51,78681.0,16.88,13.97,1.2,2.18,0,0.0,0.8883885493727887,0.20392409134770023,0.9971051785139916,0.9092955934384046,0.5895786426503699,0.38919266645223544,0.7857832100353811,66.3,78.6,71.2
22107,"Tensas Parish, Louisiana",Louisiana,3935,34.43,36615.0,11.44,14.57,0.0,0.91,0,0.0,0.9938887101962046,0.9880990672241878,0.9839176584110646,0.8896751366999035,0.0,0.11868768092634288,0.7857832100353811,66.2,78.6,71.2
05087,"Madison County, Arkansas",Arkansas,17329,14.06,56798.0,5.3,12.86,0.9,3.24,0,0.0,0.5615953682856224,0.7471855902219363,0.6844644580250885,0.941781923448054,0.4985525892569958,0.534577034416211,0.7857832100353811,66.1,78.6,71.1
06103,"Tehama County, California",California,65167,15.56,63784.0,5.85,19.29,2.2,11.12,12,1.841,0.6500482470247668,0.5471212608555805,0.7716307494371181,0.6522997748472178,0.7709874557735606,0.8977163074943711,0.7056931489224831,71.5,70.6,71.1
12077,"Liberty County, Florida",Florida,7687,17.55,58671.0,6.58,16.5,0.4,3.58,0,0.0,0.7577999356706336,0.7027983274364747,0.851720810550016,0.7986490833065294,0.28208427146992604,0.5734963010614346,0.7857832100353811,66.1,78.6,71.1
54043,"Lincoln County, West Virginia",West Virginia,19902,23.16,46205.0,5.94,8.14,0.4,0.47,0,0.0,0.9269861691862336,0.9311675779993567,0.7877130910260534,0.9971051785139916,0.28208427146992604,0.04052750080411708,0.7857832100353811,66.1,78.6,71.1
28005,"Amite County, Mississippi",Mississippi,12565,27.65,37222.0,5.81,11.21,0.3,0.47,0,0.0,0.9688002573174654,0.9861691862335156,0.7668060469604374,0.9761981344483757,0.22997748472177548,0.04052750080411708,0.7857832100353811,66.1,78.6,71.1
28157,"Wilkinson County, Mississippi",Mississippi,8162,27.45,35311.0,13.37,8.83,0.0,0.11,0,0.0,0.968156963653908,0.9909938887101962,0.9929237697008685,0.9948536506915406,0.0,0.006754583467352846,0.7857832100353811,65.9,78.6,71.0
13233,"Polk County, Georgia",Georgia,43785,16.35,58515.0,5.9,15.43,2.6,6.13,10,2.284,0.6944355098102284,0.7073013830813767,0.7809585075587006,0.8501125763911226,0.8118366034094564,0.7500804117079447,0.6246381473142489,76.6,62.5,70.9
45059,"Laurens County, South Carolina",South Carolina,68666,18.13,57623.0,4.49,17.59,1.6,3.82,9,1.311,0.7832100353811515,0.7301383081376649,0.5155998713412673,0.7439691219041492,0.6767449340623994,0.5931167577999357,0.7619813444837569,67.4,76.2,70.9
02070,"Dillingham Census Area, Alaska",Alaska,4724,19.46,78533.0,10.54,18.92,1.4,4.06,0,0.0,0.8317787069797362,0.20649726600192989,0.9774847217754905,0.6757799935670634,0.637825667417176,0.6162753296880026,0.7857832100353811,65.8,78.6,70.9
48273,"Kleberg County, Texas",Texas,30579,28.09,61292.0,7.69,23.22,4.4,5.73,7,2.289,0.9713734319716951,0.6207783853329045,0.9179800578964297,0.45287873914441945,0.9035059504663879,0.7275651334834352,0.6236732068189128,76.6,62.4,70.9
46102,"Oglala Lakota County, South Dakota",South Dakota,13491,57.57,41417.0,16.38,11.8,0.0,0.16,0,0.0,1.0,0.970408491476359,0.9961402380186555,0.9678353168221293,0.0,0.009006111289803796,0.7857832100353811,65.7,78.6,70.9
37187,"Washington County, North Carolina",North Carolina,10812,24.07,41813.0,13.02,14.83,0.0,1.13,0,0.0,0.9372788678031522,0.9655837889996783,0.9913155355419749,0.8797040849147636,0.0,0.16725635252492763,0.7857832100353811,65.7,78.6,70.8
13309,"Wheeler County, Georgia",Georgia,7335,32.73,40539.0,5.04,10.04,0.2,1.16,0,0.0,0.989064007719524,0.9739466066259247,0.6358957864265037,0.9874557735606304,0.17368928916050178,0.17368928916050178,0.7857832100353811,65.6,78.6,70.8
13235,"Pulaski County, Georgia",Georgia,9939,16.54,50406.0,3.17,14.5,1.6,3.23,0,0.0,0.7053715020907044,0.8755226761016404,0.23834030234802187,0.893534898681248,0.6767449340623994,0.5339337407526535,0.7857832100353811,65.4,78.6,70.7
39163,"Vinton County, Ohio",Ohio,12630,17.28,55336.0,5.53,13.44,1.2,1.08,0,0.0,0.7442907687359279,0.7799935670633644,0.7291733676423288,0.927629462849791,0.5895786426503699,0.15567706658089417,0.7857832100353811,65.4,78.6,70.7
26035,"Clare County, Michigan",Michigan,31218,21.64,49384.0,9.47,12.88,0.5,0.85,5,1.602,0.8928916050176906,0.8925699581859119,0.9620456738501125,0.9414602766162753,0.3335477645545191,0.10517851399163718,0.7346413637825667,68.8,73.5,70.7
45067,"Marion County, South Carolina",South Carolina,28664,29.99,36301.0,7.24,14.46,1.7,1.4,7,2.442,0.9790929559343841,0.989064007719524,0.8938565455130267,0.8951431328401416,0.6960437439691219,0.2357671276937922,0.5956899324541653,78.1,59.6,70.7
46031,"Corson County, South Dakota",South Dakota,3806,44.25,46406.0,23.55,18.99,0.5,0.0,0,0.0,0.9993567063364426,0.928594403345127,0.9996783531682213,0.6703119974268253,0.3335477645545191,0.0,0.7857832100353811,65.5,78.6,70.7
02164,"Lake and Peninsula Borough, Alaska",Alaska,1013,12.8,65625.0,8.59,16.33,0.9,5.23,0,0.0,0.46284979092955936,0.5011257639112254,0.9430685107751688,0.8060469604374397,0.4985525892569958,0.7018333869411386,0.7857832100353811,65.2,78.6,70.6
04027,"Yuma County, Arizona",Arizona,211741,15.6,62876.0,6.93,16.78,11.6,25.11,56,2.645,0.6519781280154391,0.5751045352203281,0.8764876165969765,0.7819234480540367,0.9829527179157286,0.981344483756835,0.5522676101640399,80.8,55.2,70.6
01005,"Barbour County, Alabama",Alabama,24643,21.38,46042.0,7.79,10.63,2.2,3.26,7,2.841,0.8854937278867803,0.9327758121582502,0.9202315857188806,0.9816661305886137,0.7709874557735606,0.5381151495657768,0.5088452878739145,83.8,50.9,70.6
28125,"Sharkey County, Mississippi",Mississippi,3872,30.85,40000.0,9.05,16.07,0.2,0.15,0,0.0,0.9819877774203924,0.9765197812801544,0.9536828562238662,0.8201994210357028,0.17368928916050178,0.008041170794467674,0.7857832100353811,65.2,78.6,70.6
32009,"Esmeralda County, Nevada",Nevada,1028,12.43,41715.0,0.57,21.12,10.9,18.29,0,0.0,0.4367963975554841,0.9675136699903506,0.011257639112254744,0.5519459633322612,0.9803795432614989,0.9568993245416533,0.7857832100353811,65.1,78.6,70.5
26119,"Montmorency County, Michigan",Michigan,9516,18.16,49756.0,5.31,15.56,0.6,1.81,0,0.0,0.7841749758764877,0.8864586683821164,0.6873592795110968,0.8452878739144419,0.38018655516243166,0.3232550659376005,0.7857832100353811,65.1,78.6,70.5
35053,"Socorro County, New Mexico",New Mexico,16200,33.16,36570.0,1.26,18.96,4.9,4.22,3,1.852,0.9903505950466388,0.9884207140559665,0.03505950466387906,0.672885172081055,0.9189449983917658,0.6323576712769379,0.7031199742682535,70.6,70.3,70.5
48295,"Lipscomb County, Texas",Texas,2918,11.46,72560.0,6.5,22.35,5.8,15.15,0,0.0,0.3560630427790286,0.32196847861048566,0.8443229334191058,0.49244129945320037,0.938565455130267,0.9408169829527179,0.7857832100353811,64.9,78.6,70.4
48207,"Haskell County, Texas",Texas,5421,16.55,60653.0,4.88,22.81,2.4,4.89,0,0.0,0.7060147957542618,0.6439369572209713,0.6030878095850756,0.4692827275651335,0.7918944998391766,0.6825345770344162,0.7857832100353811,64.9,78.6,70.4
48323,"Maverick County, Texas",Texas,58082,22.78,49568.0,7.66,14.27,27.0,30.37,21,3.616,0.9170151174010936,0.8893534898681248,0.9154068832422001,0.9009327758121582,0.9996783531682213,0.9913155355419749,0.3563846896108073,93.6,35.6,70.4
02185,"North Slope Borough, Alaska",Alaska,10810,11.07,95694.0,7.6,15.64,7.8,6.8,0,0.0,0.3229334191058218,0.06754583467352847,0.9125120617561917,0.843036346091991,0.9607590865229978,0.7806368607269218,0.7857832100353811,64.8,78.6,70.3
48003,"Andrews County, Texas",Texas,18610,15.59,72242.0,3.32,17.68,8.2,13.8,0,0.0,0.651013187520103,0.3284014152460598,0.26889675136699903,0.7391444194274687,0.9675136699903506,0.9292376970086844,0.7857832100353811,64.7,78.6,70.3
13027,"Brooks County, Georgia",Georgia,16293,25.43,46807.0,5.01,15.8,0.0,3.34,0,0.0,0.9552910903827597,0.9237697008684465,0.6288195561273722,0.8337085879704085,0.0,0.5471212608555805,0.7857832100353811,64.8,78.6,70.3
54015,"Clay County, West Virginia",West Virginia,7835,26.43,42318.0,11.86,11.33,0.0,0.03,0,0.0,0.96268896751367,0.9601157928594404,0.9858475394017369,0.975876487616597,0.0,0.003538115149565777,0.7857832100353811,64.8,78.6,70.3
12059,"Holmes County, Florida",Florida,19513,13.96,49343.0,4.48,12.51,0.9,2.64,0,0.0,0.553232550659376,0.8932132518494693,0.5133483435188163,0.9517529752331939,0.4985525892569958,0.46284979092955936,0.7857832100353811,64.5,78.6,70.2
05149,"Yell County, Arkansas",Arkansas,20134,15.64,55934.0,3.38,14.89,4.0,8.76,4,1.987,0.65422965583789,0.7664844001286587,0.2782245094885815,0.8771309102605339,0.8896751366999035,0.8459311675779994,0.6777098745577356,71.9,67.8,70.2
28065,"Jefferson Davis County, Mississippi",Mississippi,11117,28.67,38548.0,9.57,12.67,0.0,0.12,0,0.0,0.9749115471212608,0.9826310710839499,0.9649404953361209,0.9478932132518495,0.0,0.007076230299131554,0.7857832100353811,64.6,78.6,70.2
54013,"Calhoun County, West Virginia",West Virginia,6048,32.86,43980.0,8.91,10.11,0.0,0.05,0,0.0,0.9893856545513027,0.9514313284014152,0.949501447410743,0.9858475394017369,0.0,0.0038597619813444837,0.7857832100353811,64.7,78.6,70.2
46017,"Buffalo County, South Dakota",South Dakota,1808,33.91,47045.0,10.8,9.91,0.0,0.0,0,0.0,0.9929237697008685,0.9211965262142168,0.9790929559343841,0.9877774203924091,0.0,0.0,0.7857832100353811,64.7,78.6,70.2
53019,"Ferry County, Washington",Washington,7387,13.59,55614.0,12.46,15.19,0.4,2.45,0,0.0,0.524605982631071,0.7732389835960116,0.9887423608877453,0.8629784496622708,0.28208427146992604,0.4367963975554841,0.7857832100353811,64.5,78.6,70.1
48045,"Briscoe County, Texas",Texas,1301,16.8,45417.0,1.02,23.11,4.2,8.3,0,0.0,0.7195239626889676,0.9392087487938244,0.025088452878739145,0.4567385011257639,0.8970730138308137,0.8292055323255066,0.7857832100353811,64.4,78.6,70.1
22013,"Bienville Parish, Louisiana",Louisiana,12638,29.25,35011.0,6.27,13.18,0.1,0.34,0,0.0,0.9761981344483757,0.9916371823737536,0.8205210678674815,0.9334191058218076,0.11997426825345771,0.02348021871984561,0.7857832100353811,64.4,78.6,70.1
22123,"West Carroll Parish, Louisiana",Louisiana,9464,16.24,49134.0,5.74,15.25,1.1,0.79,0,0.0,0.6863943390157607,0.8983596011579286,0.7571566420070762,0.8597619813444838,0.5638468961080734,0.0919909938887102,0.7857832100353811,64.3,78.6,70.0
40055,"Greer County, Oklahoma",Oklahoma,5489,16.92,59406.0,7.26,14.03,0.8,1.22,0,0.0,0.7246703119974268,0.6793181087166291,0.8951431328401416,0.9070440656159536,0.46317143776133807,0.18977163074943712,0.7857832100353811,64.3,78.6,70.0
37093,"Hoke County, North Carolina",North Carolina,53835,17.08,64912.0,6.61,23.45,1.4,6.47,7,1.3,0.7327114827918945,0.5210678674815054,0.8536506915406883,0.4416211000321647,0.637825667417176,0.7655194596333226,0.7626246381473143,65.9,76.3,70.0
54021,"Gilmer County, West Virginia",West Virginia,7288,18.99,47981.0,6.79,18.53,0.0,3.4,0,0.0,0.8153747185590222,0.9137986490833065,0.8678031521389514,0.6931489224831135,0.0,0.5541974911547122,0.7857832100353811,64.1,78.6,69.9
48017,"Bailey County, Texas",Texas,6913,12.02,61420.0,0.0,15.2,14.8,18.75,0,0.0,0.40431006754583465,0.61691862335156,0.0,0.8626568028304921,0.9913155355419749,0.9588292055323255,0.7857832100353811,63.9,78.6,69.8
16073,"Owyhee County, Idaho",Idaho,12503,12.24,64406.0,2.05,12.38,6.9,10.77,0,0.0,0.42039240913477,0.5339337407526535,0.0871662914120296,0.9543261498874236,0.9536828562238662,0.891283370858797,0.7857832100353811,64.0,78.6,69.8
13159,"Jasper County, Georgia",Georgia,15929,15.97,60134.0,7.2,19.54,1.0,2.51,0,0.0,0.6706336442586041,0.6587327114827919,0.8916050176905758,0.6387906079125121,0.5310389192666453,0.4470890961724027,0.7857832100353811,64.0,78.6,69.8
40095,"Marshall County, Oklahoma",Oklahoma,15792,16.08,57245.0,4.71,18.16,2.4,5.65,3,1.9,0.6789964618848504,0.7359279511096816,0.5593438404631714,0.7182373753618527,0.7918944998391766,0.7227404310067546,0.6941138629784497,70.1,69.4,69.8
37161,"Rutherford County, North Carolina",North Carolina,64930,16.75,51410.0,6.35,21.47,1.3,3.15,11,1.694,0.715664200707623,0.8587970408491477,0.8301704728208427,0.5332904470890961,0.6156320360244452,0.5239626889675136,0.7259568993245417,68.0,72.6,69.8
22039,"Evangeline Parish, Louisiana",Louisiana,32060,24.26,41915.0,9.81,13.67,1.4,2.82,9,2.807,0.9395303956256031,0.9646188485043422,0.968156963653908,0.9192666452235445,0.637825667417176,0.48600836281762627,0.5162431650048247,81.9,51.6,69.8
46071,"Jackson County, South Dakota",South Dakota,2802,42.36,35417.0,7.18,12.43,0.0,0.0,0,0.0,0.9987134126728852,0.9906722418784175,0.8903184303634609,0.9530395625603088,0.0,0.0,0.7857832100353811,63.9,78.6,69.8
27087,"Mahnomen County, Minnesota",Minnesota,5358,18.34,59441.0,9.84,16.16,0.7,1.05,0,0.0,0.7941460276616276,0.6789964618848504,0.9691219041492442,0.8144097780636861,0.42039240913477,0.14892248311354134,0.7857832100353811,63.8,78.6,69.7
13131,"Grady County, Georgia",Georgia,26108,20.3,58980.0,3.71,16.42,2.3,5.67,5,1.915,0.8575104535220328,0.69154068832422,0.34705693148922484,0.8031521389514313,0.7828883885493728,0.7237053715020907,0.6902541009971052,70.1,69.0,69.7
40077,"Latimer County, Oklahoma",Oklahoma,9518,20.7,41405.0,5.69,10.59,0.2,0.74,0,0.0,0.8681247989707301,0.9707301383081377,0.749758764876166,0.9829527179157286,0.17368928916050178,0.08427146992602123,0.7857832100353811,63.8,78.6,69.7
22027,"Claiborne Parish, Louisiana",Louisiana,13833,31.98,32831.0,5.11,10.69,0.1,0.78,0,0.0,0.9855258925699582,0.9954969443550981,0.651013187520103,0.9810228369250563,0.11997426825345771,0.08941781923448054,0.7857832100353811,63.7,78.6,69.7
04003,"Cochise County, Arizona",Arizona,125566,15.42,59742.0,7.4,28.09,4.8,11.33,26,2.071,0.6420070762302992,0.6696687037632679,0.9022193631392731,0.28272756513348346,0.9157285300739788,0.9006111289803795,0.661949179800579,71.9,66.2,69.6
13251,"Screven County, Georgia",Georgia,14130,17.18,52792.0,4.61,14.73,1.3,1.27,0,0.0,0.7385011257639112,0.8314570601479575,0.5451913798649083,0.8838854937278868,0.6156320360244452,0.20231585718880668,0.7857832100353811,63.6,78.6,69.6
05109,"Pike County, Arkansas",Arkansas,10115,20.66,49269.0,3.88,19.13,0.6,4.17,0,0.0,0.867159858475394,0.8948214860083629,0.38726278546156323,0.6625924734641364,0.38018655516243166,0.6281762624638147,0.7857832100353811,63.7,78.6,69.6
53021,"Franklin County, Washington",Washington,98902,13.13,86714.0,5.43,21.09,7.9,20.83,7,0.708,0.49179800578964294,0.12190414924412994,0.7118044387262785,0.5541974911547122,0.9620456738501125,0.965905435831457,0.7844966227082664,63.5,78.4,69.5
13053,"Chattahoochee County, Georgia",Georgia,8887,13.95,61042.0,9.05,29.62,2.0,4.76,0,0.0,0.5513026696687038,0.6323576712769379,0.9536828562238662,0.24766806046960438,0.7468639433901576,0.6712769379221615,0.7857832100353811,63.4,78.6,69.5
48473,"Waller County, Texas",Texas,61552,14.63,80397.0,6.78,27.9,6.1,14.72,4,0.65,0.5944033451270505,0.18205210678674816,0.8668382116436153,0.2881955612737215,0.9437118044387263,0.9395303956256031,0.7848182695400451,63.6,78.5,69.5
37123,"Montgomery County, North Carolina",North Carolina,26007,15.44,57766.0,2.85,19.18,2.7,7.93,3,1.154,0.6432936635574139,0.7259568993245417,0.18205210678674816,0.6590543583145706,0.8230942425217112,0.8169829527179158,0.773882277259569,64.2,77.4,69.5
37157,"Rockingham County, North Carolina",North Carolina,92131,16.28,57053.0,5.79,16.97,0.7,3.3,13,1.411,0.6899324541653264,0.7397877130910261,0.7642328723062077,0.7700225152782245,0.42039240913477,0.5432614988742361,0.7555484078481827,65.5,75.6,69.5
26135,"Oscoda County, Michigan",Michigan,8425,17.21,49515.0,8.05,15.64,0.4,0.94,0,0.0,0.7404310067545835,0.8896751366999035,0.928594403345127,0.843036346091991,0.28208427146992604,0.12737214538436797,0.7857832100353811,63.5,78.6,69.5
48321,"Matagorda County, Texas",Texas,36329,20.73,58628.0,8.68,22.16,4.9,11.79,10,2.753,0.869411386297845,0.7040849147635896,0.9446767449340624,0.4982309424252171,0.9189449983917658,0.9060791251206176,0.5275008041170794,80.7,52.8,69.5
45061,"Lee County, South Carolina",South Carolina,16166,24.98,44760.0,6.66,11.58,0.0,2.35,3,1.856,0.9501447410743005,0.9449983917658411,0.8575104535220328,0.970408491476359,0.0,0.42039240913477,0.702476680604696,69.1,70.2,69.5
41049,"Morrow County, Oregon",Oregon,12300,13.21,75448.0,2.4,10.11,8.8,18.12,0,0.0,0.4991958829205532,0.26021228690897397,0.12061756191701511,0.9858475394017369,0.9716950788034738,0.9556127372145384,0.7857832100353811,63.2,78.6,69.4
48099,"Coryell County, Texas",Texas,84748,11.18,71301.0,7.09,19.35,3.1,6.12,9,1.062,0.33386941138629783,0.351238340302348,0.8851720810550016,0.6494049533612094,0.8504342232229013,0.7491154712126086,0.777098745577356,63.7,77.7,69.3
40029,"Coal County, Oklahoma",Oklahoma,5320,20.82,50423.0,7.52,18.34,0.5,0.79,0,0.0,0.8732711482791895,0.8748793824380829,0.9096172402701833,0.7053715020907044,0.3335477645545191,0.0919909938887102,0.7857832100353811,63.1,78.6,69.3
13167,"Johnson County, Georgia",Georgia,9190,24.24,51028.0,7.44,8.41,0.0,0.74,0,0.0,0.9392087487938244,0.8642650369893856,0.9044708909617241,0.9964618848504342,0.0,0.08427146992602123,0.7857832100353811,63.1,78.6,69.3
20189,"Stevens County, Kansas",Kansas,5162,14.25,64178.0,3.11,20.27,5.0,13.25,0,0.0,0.571888066902541,0.5374718559022194,0.22354454808620136,0.5989064007719523,0.9221614667095529,0.9237697008684465,0.7857832100353811,63.0,78.6,69.2
13163,"Jefferson County, Georgia",Georgia,15341,16.93,53014.0,5.82,13.49,0.6,3.48,3,1.956,0.7249919588292055,0.8272756513348344,0.768414281119331,0.9260212286908974,0.38018655516243166,0.560952074622065,0.6822129302026375,69.8,68.2,69.2
47005,"Benton County, Tennessee",Tennessee,16006,17.85,51746.0,5.29,12.82,0.7,2.54,3,1.874,0.7697008684464458,0.8523641042135734,0.6828562238661949,0.9424252171116114,0.42039240913477,0.45030556449018977,0.6992602122869089,68.6,69.9,69.2
13301,"Warren County, Georgia",Georgia,5170,21.45,44289.0,10.02,12.3,0.0,0.25,0,0.0,0.8867803152138951,0.949501447410743,0.9720167256352525,0.9556127372145384,0.0,0.01576069475715664,0.7857832100353811,63.0,78.6,69.2
54101,"Webster County, West Virginia",West Virginia,8144,23.27,43839.0,9.19,12.92,0.0,0.0,0,0.0,0.9279511096815697,0.9517529752331939,0.9562560308780959,0.9408169829527179,0.0,0.0,0.7857832100353811,62.9,78.6,69.2
30087,"Rosebud County, Montana",Montana,8165,24.45,49914.0,10.59,20.89,0.0,2.27,0,0.0,0.9433901576069476,0.8835638468961081,0.9781280154390479,0.5654551302669669,0.0,0.4052750080411708,0.7857832100353811,62.9,78.6,69.2
13243,"Randolph County, Georgia",Georgia,6196,30.04,28380.0,10.94,16.37,0.0,0.24,0,0.0,0.9794146027661628,0.9993567063364426,0.9816661305886137,0.8044387262785462,0.0,0.014474107430041815,0.7857832100353811,63.0,78.6,69.2
48415,"Scurry County, Texas",Texas,16488,11.6,60039.0,2.44,13.0,4.9,6.13,0,0.0,0.3660340945641685,0.6616275329688003,0.12801543904792537,0.9372788678031522,0.9189449983917658,0.7500804117079447,0.7857832100353811,62.7,78.6,69.1
48185,"Grimes County, Texas",Texas,31340,14.57,69803.0,5.06,19.71,2.6,7.31,4,1.276,0.5908652299774847,0.38436796397555484,0.6400771952396269,0.6281762624638147,0.8118366034094564,0.7983274364747507,0.7635895786426504,64.2,76.4,69.1
28069,"Kemper County, Mississippi",Mississippi,8729,24.83,46431.0,10.82,18.59,0.2,0.5,0,0.0,0.9488581537471856,0.9282727565133484,0.9803795432614989,0.6886458668382116,0.17368928916050178,0.0459954969443551,0.7857832100353811,62.8,78.6,69.1
16053,"Jerome County, Idaho",Idaho,25173,12.59,71724.0,3.62,13.99,8.5,17.92,4,1.589,0.446767449340624,0.33965905435831456,0.33000964940495336,0.9086522997748472,0.9697651978128016,0.9543261498874236,0.7375361852685751,65.8,73.8,69.0
48409,"San Patricio County, Texas",Texas,70181,14.78,69704.0,4.47,17.53,3.9,7.74,11,1.567,0.6053393374075265,0.3875844322933419,0.511418462528144,0.7465422965583789,0.8867803152138951,0.8102283692505629,0.73882277259569,65.8,73.9,69.0
39031,"Coshocton County, Ohio",Ohio,36744,18.52,55577.0,5.39,16.7,1.5,0.47,3,0.816,0.8012222579607591,0.7735606304277903,0.7040849147635896,0.7867481505307172,0.6587327114827919,0.04052750080411708,0.7828883885493728,62.7,78.3,69.0
22127,"Winn Parish, Louisiana",Louisiana,13467,24.26,48871.0,5.15,14.35,0.2,6.91,3,2.228,0.9395303956256031,0.9025410099710518,0.6568028304921196,0.8983596011579286,0.17368928916050178,0.7848182695400451,0.6349308459311676,72.6,63.5,69.0
21165,"Menifee County, Kentucky",Kentucky,6230,26.92,45096.0,7.9,14.86,0.0,0.51,0,0.0,0.9652621421678996,0.941781923448054,0.9228047603731103,0.8787391444194275,0.0,0.04663879060791251,0.7857832100353811,62.6,78.6,69.0
08021,"Conejos County, Colorado",Colorado,7530,11.68,50978.0,4.77,25.71,8.0,4.04,0,0.0,0.3734319716950788,0.8652299774847217,0.576391122547443,0.353489868124799,0.9649404953361209,0.6130588613702155,0.7857832100353811,62.4,78.6,68.9
55001,"Adams County, Wisconsin",Wisconsin,21123,14.13,59442.0,4.52,17.54,1.7,3.29,0,0.0,0.5651334834351882,0.6786748150530717,0.5239626889675136,0.7458990028948215,0.6960437439691219,0.5419749115471213,0.7857832100353811,62.5,78.6,68.9
28039,"George County, Mississippi",Mississippi,25170,18.29,59758.0,7.46,17.5,1.3,0.7,3,1.192,0.7906079125120618,0.6690254100997105,0.9054358314570602,0.7494371180443873,0.6156320360244452,0.07655194596333226,0.7706658089417819,63.4,77.1,68.9
05111,"Poinsett County, Arkansas",Arkansas,22543,20.1,46707.0,6.38,11.37,0.4,1.14,4,1.774,0.851720810550016,0.9256995818591187,0.8321003538115149,0.9742682534577034,0.28208427146992604,0.16950788034737857,0.7146992602122869,67.3,71.5,68.9
20081,"Haskell County, Kansas",Kansas,3641,11.2,66162.0,3.64,19.87,12.2,23.62,0,0.0,0.3361209392087488,0.4834351881633966,0.33386941138629783,0.6207783853329045,0.9842393052428433,0.9768414281119331,0.7857832100353811,62.3,78.6,68.8
48115,"Dawson County, Texas",Texas,12134,19.57,54360.0,6.39,12.73,7.9,8.41,4,3.297,0.8369250562881956,0.7992923769700868,0.8330652943068511,0.9456416854293985,0.9620456738501125,0.8314570601479575,0.41749758764876166,86.8,41.7,68.8
21063,"Elliott County, Kentucky",Kentucky,7307,25.12,45776.0,6.53,8.67,0.0,0.12,0,0.0,0.9520746220649726,0.9359922804760373,0.8472177549051142,0.9958185911868768,0.0,0.007076230299131554,0.7857832100353811,62.3,78.6,68.8
35015,"Eddy County, New Mexico",New Mexico,61105,13.84,78426.0,5.5,19.3,5.7,7.66,9,1.473,0.5426182052106787,0.20874879382438083,0.7262785461563204,0.6519781280154391,0.9347056931489225,0.8073335477645546,0.7500804117079447,64.5,75.0,68.7
13209,"Montgomery County, Georgia",Georgia,8640,20.56,51941.0,7.52,19.94,0.0,2.85,0,0.0,0.8642650369893856,0.8468961080733355,0.9096172402701833,0.6165969765197813,0.0,0.4892248311354133,0.7857832100353811,62.1,78.6,68.7
13165,"Jenkins County, Georgia",Georgia,8711,22.85,44389.0,3.86,10.28,0.0,2.88,0,0.0,0.9192666452235445,0.9485365069154069,0.3834030234802187,0.9842393052428433,0.0,0.4930845931167578,0.7857832100353811,62.1,78.6,68.7
01119,"Sumter County, Alabama",Alabama,11878,26.46,33310.0,12.11,19.01,0.0,0.9,0,0.0,0.9636539080090061,0.9945320038597619,0.9874557735606304,0.6683821164361531,0.0,0.11643615310389192,0.7857832100353811,62.2,78.6,68.7
28119,"Quitman County, Mississippi",Mississippi,5774,29.63,32412.0,12.36,17.11,0.0,0.07,0,0.0,0.9778063686072692,0.9964618848504342,0.9884207140559665,0.7619813444837569,0.0,0.0041814088131231905,0.7857832100353811,62.1,78.6,68.7
37015,"Bertie County, North Carolina",North Carolina,17170,16.14,48750.0,5.08,18.99,1.9,1.97,3,1.747,0.6809263428755227,0.9054358314570602,0.6452235445480862,0.6703119974268253,0.7301383081376649,0.3554197491154712,0.7192023158571889,66.5,71.9,68.6
48289,"Leon County, Texas",Texas,16263,16.4,61449.0,4.17,18.55,2.5,6.97,3,1.845,0.6963653908009007,0.6159536828562239,0.4422643936957221,0.6921839819877774,0.8018655516243165,0.7864265036989385,0.7050498552589257,67.3,70.5,68.6
28115,"Pontotoc County, Mississippi",Mississippi,31550,16.71,51484.0,3.11,18.5,3.5,2.48,4,1.268,0.7146992602122869,0.8568671598584754,0.22354454808620136,0.6954004503055645,0.8735927951109682,0.4438726278546156,0.7642328723062077,63.5,76.4,68.6
47135,"Perry County, Tennessee",Tennessee,8697,18.06,55972.0,5.82,14.17,0.1,2.13,0,0.0,0.7819234480540367,0.7655194596333226,0.768414281119331,0.9031843036346092,0.11997426825345771,0.38050820199421037,0.7857832100353811,62.0,78.6,68.6
51081,"Greensville County, Virginia",Virginia,11275,14.25,54668.0,6.31,14.69,0.0,4.16,0,0.0,0.571888066902541,0.7938243808298489,0.8247024766806047,0.885815374718559,0.0,0.6275329688002573,0.7857832100353811,61.7,78.6,68.5
51077,"Grayson County, Virginia",Virginia,15287,16.47,47730.0,3.59,15.47,1.0,2.2,0,0.0,0.6999035059504664,0.9173367642328724,0.32196847861048566,0.848504342232229,0.5310389192666453,0.3917658411064651,0.7857832100353811,61.8,78.6,68.5
35045,"San Juan County, New Mexico",New Mexico,120942,23.08,55872.0,7.26,18.26,9.8,3.05,34,2.811,0.9244129945320039,0.7677709874557735,0.8951431328401416,0.7121260855580572,0.9771630749437118,0.5143132840141524,0.5146349308459311,79.8,51.5,68.5
29155,"Pemiscot County, Missouri",Missouri,14958,29.6,40089.0,9.69,12.62,0.1,1.17,3,2.006,0.9774847217754905,0.975876487616597,0.9655837889996783,0.9488581537471856,0.11997426825345771,0.1749758764876166,0.6725635252492763,69.4,67.3,68.5
51089,"Henry County, Virginia",Virginia,49980,16.02,50760.0,4.06,15.47,0.7,2.62,0,0.0,0.6748150530717273,0.8681247989707301,0.41974911547121263,0.848504342232229,0.42039240913477,0.4605982631071084,0.7857832100353811,61.5,78.6,68.4
29153,"Ozark County, Missouri",Missouri,8873,21.47,44163.0,5.0,15.27,0.4,0.76,0,0.0,0.8874236088774525,0.9504663879060792,0.6262463814731425,0.8587970408491477,0.28208427146992604,0.0874879382438083,0.7857832100353811,61.5,78.6,68.4
45033,"Dillon County, South Carolina",South Carolina,27862,27.66,46605.0,8.95,13.79,1.0,1.37,7,2.512,0.9691219041492442,0.927629462849791,0.9501447410743005,0.9157285300739788,0.5310389192666453,0.22804760373110325,0.5789642972016725,75.4,57.9,68.4
17047,"Edwards County, Illinois",Illinois,6075,16.49,60519.0,5.57,13.95,1.2,0.82,0,0.0,0.7011900932775812,0.6490833065294307,0.7339980701190093,0.9105821807655194,0.5895786426503699,0.09874557735606304,0.7857832100353811,61.4,78.6,68.3
04009,"Graham County, Arizona",Arizona,39232,17.26,67325.0,7.7,14.58,0.7,2.48,6,1.529,0.7430041814088131,0.44548086201350917,0.9183017047282084,0.8893534898681248,0.42039240913477,0.4438726278546156,0.7433258282405918,64.3,74.3,68.3
18025,"Crawford County, Indiana",Indiana,10499,22.89,49640.0,3.49,11.42,1.2,0.24,0,0.0,0.9202315857188806,0.8883885493727887,0.30138308137664843,0.9739466066259247,0.5895786426503699,0.014474107430041815,0.7857832100353811,61.5,78.6,68.3
46137,"Ziebach County, South Dakota",South Dakota,2377,33.49,53958.0,23.49,15.23,0.0,0.38,0,0.0,0.9922804760373111,0.8070119009327759,0.9993567063364426,0.8607269218398199,0.0,0.0276616275329688,0.7857832100353811,61.5,78.6,68.3
29179,"Reynolds County, Missouri",Missouri,6010,17.32,45028.0,10.91,14.96,0.1,0.25,0,0.0,0.7458990028948215,0.9424252171116114,0.981344483756835,0.8739144419427468,0.11997426825345771,0.01576069475715664,0.7857832100353811,61.3,78.6,68.2
17017,"Cass County, Illinois",Illinois,12784,11.09,68125.0,4.21,20.76,7.9,14.18,0,0.0,0.32422000643293664,0.4229655837889997,0.44901897716307493,0.571888066902541,0.9620456738501125,0.9343840463171438,0.7857832100353811,61.1,78.6,68.1
02188,"Northwest Arctic Borough, Alaska",Alaska,7441,17.86,84018.0,16.66,10.63,0.6,2.24,0,0.0,0.7700225152782245,0.14409778063686074,0.9967835316822129,0.9816661305886137,0.38018655516243166,0.39755548407848185,0.7857832100353811,61.2,78.6,68.1
17003,"Alexander County, Illinois",Illinois,4875,19.02,47043.0,6.48,12.55,0.0,0.98,0,0.0,0.8163396590543583,0.9215181730459955,0.8423930524284335,0.9504663879060792,0.0,0.13573496301061436,0.7857832100353811,61.1,78.6,68.1
48219,"Hockley County, Texas",Texas,21363,13.06,63140.0,4.66,18.92,4.5,7.97,4,1.872,0.48536506915406885,0.5654551302669669,0.5519459633322612,0.6757799935670634,0.9067224187841749,0.8185911868768093,0.6995818591186876,66.7,70.0,68.0
31123,"Morrill County, Nebraska",Nebraska,4534,13.9,58500.0,3.64,19.41,2.7,3.88,0,0.0,0.5467996140238018,0.7076230299131554,0.33386941138629783,0.6449018977163075,0.8230942425217112,0.5976198134448376,0.7857832100353811,60.9,78.6,68.0
48385,"Real County, Texas",Texas,2802,17.87,39605.0,0.0,21.12,2.4,3.46,0,0.0,0.7709874557735606,0.9784496622708266,0.0,0.5519459633322612,0.7918944998391766,0.558700546799614,0.7857832100353811,60.9,78.6,68.0
29035,"Carter County, Missouri",Missouri,5297,20.77,50000.0,3.84,10.05,0.4,1.51,0,0.0,0.8713412672885172,0.8822772595689933,0.3782566741717594,0.9871341267288517,0.28208427146992604,0.2582824059183017,0.7857832100353811,61.0,78.6,68.0
22117,"Washington Parish, Louisiana",Louisiana,45120,24.32,45380.0,9.89,12.81,0.3,0.65,9,1.995,0.9414602766162753,0.9395303956256031,0.9697651978128016,0.9430685107751688,0.22997748472177548,0.06722418784174976,0.6764232872306207,68.2,67.6,68.0
28021,"Claiborne County, Mississippi",Mississippi,8582,30.67,31897.0,6.91,18.14,0.0,0.72,0,0.0,0.981344483756835,0.9971051785139916,0.8758443229334191,0.7198456095207462,0.0,0.07912512061756191,0.7857832100353811,60.9,78.6,68.0
47061,"Grundy County, Tennessee",Tennessee,13819,18.87,47593.0,8.96,14.3,0.0,0.64,0,0.0,0.811193309745899,0.9183017047282084,0.9504663879060792,0.8999678353168221,0.0,0.06658089417819235,0.7857832100353811,60.8,78.6,67.9
48395,"Robertson County, Texas",Texas,17167,13.51,72236.0,7.92,22.04,1.7,4.65,0,0.0,0.5191379864908331,0.3287230620778385,0.9234480540366677,0.5040205853972338,0.6960437439691219,0.6648440012865873,0.7857832100353811,60.6,78.6,67.8
26095,"Luce County, Michigan",Michigan,6271,16.67,54893.0,9.92,17.35,0.2,1.42,0,0.0,0.7121260855580572,0.7899646188485043,0.970408491476359,0.7536185268575104,0.17368928916050178,0.2396268896751367,0.7857832100353811,60.7,78.6,67.8
21197,"Powell County, Kentucky",Kentucky,13038,22.48,40309.0,5.77,13.78,0.0,0.72,0,0.0,0.9115471212608556,0.9745899002894821,0.7597298166613059,0.9160501769057575,0.0,0.07912512061756191,0.7857832100353811,60.7,78.6,67.8
17153,"Pulaski County, Illinois",Illinois,5015,24.98,42463.0,4.28,13.0,0.4,0.54,0,0.0,0.9501447410743005,0.9591508523641042,0.4609199099388871,0.9372788678031522,0.28208427146992604,0.05049855258925699,0.7857832100353811,60.7,78.6,67.8
13213,"Murray County, Georgia",Georgia,40562,14.4,69253.0,4.54,15.03,0.8,7.02,3,0.74,0.5815374718559022,0.3985204245738179,0.5284657446124156,0.8697330331296237,0.46317143776133807,0.7899646188485043,0.7841749758764877,60.5,78.4,67.7
54001,"Barbour County, West Virginia",West Virginia,15424,19.98,51394.0,8.49,12.51,0.0,0.36,0,0.0,0.848504342232229,0.8591186876809264,0.9411386297844966,0.9517529752331939,0.0,0.02541009971051785,0.7857832100353811,60.4,78.6,67.7
47029,"Cocke County, Tennessee",Tennessee,36813,21.91,48016.0,4.23,10.99,1.1,1.19,7,1.902,0.901254422643937,0.9134770022515278,0.4538436796397555,0.9784496622708266,0.5638468961080734,0.18173045995496945,0.6934705693148923,66.5,69.3,67.7
05073,"Lafayette County, Arkansas",Arkansas,6136,22.26,41278.0,5.3,9.01,0.0,0.68,0,0.0,0.9073657124477323,0.9716950788034738,0.6844644580250885,0.9929237697008685,0.0,0.07237053715020907,0.7857832100353811,60.5,78.6,67.7
46041,"Dewey County, South Dakota",South Dakota,5205,33.04,54104.0,13.91,18.8,0.1,0.42,0,0.0,0.9897073013830814,0.80347378578321,0.9942103570279833,0.6802830492119653,0.11997426825345771,0.03441621100032165,0.7857832100353811,60.4,78.6,67.7
21127,"Lawrence County, Kentucky",Kentucky,16077,21.78,46772.0,7.73,14.65,0.0,1.83,3,1.866,0.896751366999035,0.9250562881955613,0.9189449983917658,0.8877452557092312,0.0,0.3264715342553876,0.7005467996140238,65.9,70.1,67.6
08055,"Huerfano County, Colorado",Colorado,6972,17.33,52526.0,7.96,26.37,1.4,0.95,0,0.0,0.7465422965583789,0.837568349951753,0.92537793502734,0.3280797684142811,0.637825667417176,0.1286587327114828,0.7857832100353811,60.1,78.6,67.5
13033,"Burke County, Georgia",Georgia,24470,18.34,53014.0,4.97,15.46,0.4,1.68,3,1.226,0.7941460276616276,0.8272756513348344,0.6214216789964618,0.8494692827275652,0.28208427146992604,0.2988099067224188,0.768414281119331,61.2,76.8,67.5
21069,"Fleming County, Kentucky",Kentucky,15323,21.18,49307.0,7.48,18.91,0.7,1.4,3,1.958,0.882598906400772,0.8941781923448054,0.9086522997748472,0.6764232872306207,0.42039240913477,0.2357671276937922,0.6818912833708588,67.0,68.2,67.5
28053,"Humphreys County, Mississippi",Mississippi,7395,27.04,33731.0,12.52,19.61,0.0,0.37,0,0.0,0.9655837889996783,0.9938887101962046,0.9897073013830814,0.6349308459311676,0.0,0.02637504020585397,0.7857832100353811,60.2,78.6,67.5
32019,"Lyon County, Nevada",Nevada,61680,11.7,80812.0,6.47,16.97,1.5,7.21,6,0.973,0.3760051463493085,0.1749758764876166,0.8411064651013187,0.7700225152782245,0.6587327114827919,0.7957542618205211,0.7803152138951431,60.3,78.0,67.4
51143,"Pittsylvania County, Virginia",Virginia,59856,14.56,54085.0,4.68,16.1,1.0,1.67,0,0.0,0.5899002894821486,0.8041170794467675,0.5541974911547122,0.8179478932132519,0.5310389192666453,0.2962367320681891,0.7857832100353811,59.9,78.6,67.4
01017,"Chambers County, Alabama",Alabama,34192,15.74,49656.0,5.14,14.91,0.7,2.06,6,1.755,0.6587327114827919,0.88806690254101,0.6551945963332261,0.8764876165969765,0.42039240913477,0.36989385654551304,0.7169507880347379,64.5,71.7,67.4
01113,"Russell County, Alabama",Alabama,58811,22.17,51197.0,6.24,18.2,0.7,2.68,13,2.21,0.9064007719523963,0.8623351559987135,0.8176262463814732,0.7150209070440656,0.42039240913477,0.4689610807333548,0.637825667417176,69.8,63.8,67.4
13239,"Quitman County, Georgia",Georgia,2264,15.68,40179.0,28.63,12.39,0.0,0.0,0,0.0,0.6561595368285622,0.9752331939530395,1.0,0.9540045030556449,0.0,0.0,0.7857832100353811,59.8,78.6,67.3
45023,"Chester County, South Carolina",South Carolina,32182,18.68,52458.0,5.56,13.99,0.2,1.3,4,1.243,0.805725313605661,0.8382116436153104,0.7330331296236732,0.9086522997748472,0.17368928916050178,0.20939208748793825,0.7664844001286587,61.1,76.6,67.3
48241,"Jasper County, Texas",Texas,32727,20.74,56723.0,13.26,14.03,0.7,2.29,8,2.444,0.8700546799614024,0.7504020585397234,0.9922804760373111,0.9070440656159536,0.42039240913477,0.4084914763589579,0.5953682856223866,72.5,59.5,67.3
21129,"Lee County, Kentucky",Kentucky,7339,27.36,37568.0,4.72,9.25,0.0,0.75,0,0.0,0.9675136699903506,0.9852042457381794,0.5615953682856224,0.9922804760373111,0.0,0.08523641042135735,0.7857832100353811,59.9,78.6,67.3
48413,"Schleicher County, Texas",Texas,2381,9.92,86694.0,5.44,18.37,6.2,9.07,0,0.0,0.24252171116114507,0.12222579607590865,0.7146992602122869,0.7031199742682535,0.9453200385976198,0.8526857510453522,0.7857832100353811,59.7,78.6,67.2
02198,"Prince of Wales-Hyder Census Area, Alaska",Alaska,5715,12.7,61156.0,7.65,14.93,0.2,3.22,0,0.0,0.4560952074622065,0.6272113219684786,0.9150852364104214,0.8755226761016404,0.17368928916050178,0.5326471534255388,0.7857832100353811,59.7,78.6,67.2
01021,"Chilton County, Alabama",Alabama,45992,14.02,65603.0,5.47,16.47,3.5,5.02,10,2.174,0.5577356063042779,0.5030556449018977,0.7204889031843036,0.8005789642972017,0.8735927951109682,0.6883242200064329,0.6449018977163075,69.1,64.5,67.2
12063,"Jackson County, Florida",Florida,48250,19.46,49149.0,4.52,15.13,0.7,2.13,9,1.865,0.8317787069797362,0.8977163074943711,0.5239626889675136,0.8661949179800579,0.42039240913477,0.38050820199421037,0.7008684464458025,65.3,70.1,67.2
01107,"Pickens County, Alabama",Alabama,18721,20.0,46274.0,4.72,13.08,0.0,2.93,3,1.602,0.8491476358957865,0.9302026375040205,0.5615953682856224,0.9347056931489225,0.0,0.5011257639112254,0.7346413637825667,62.9,73.5,67.2
47087,"Jackson County, Tennessee",Tennessee,12029,20.25,47951.0,7.64,15.0,0.0,0.34,0,0.0,0.8565455130266967,0.9141202959150853,0.914441942746864,0.8710196204567385,0.0,0.02348021871984561,0.7857832100353811,59.7,78.6,67.2
12029,"Dixie County, Florida",Florida,17058,20.91,50110.0,3.27,10.73,0.2,2.3,0,0.0,0.8755226761016404,0.8800257317465423,0.2586040527500804,0.9803795432614989,0.17368928916050178,0.4100997105178514,0.7857832100353811,59.6,78.6,67.2
40069,"Johnston County, Oklahoma",Oklahoma,10278,22.9,52688.0,4.47,20.49,0.9,1.35,0,0.0,0.9205532325506594,0.8340302348021872,0.511418462528144,0.5860405275008042,0.4985525892569958,0.22290125442264394,0.7857832100353811,59.6,78.6,67.2
37075,"Graham County, North Carolina",North Carolina,8072,6.7,49684.0,7.02,17.6,1.5,1.9,0,0.0,0.05403666773882277,0.8874236088774525,0.8816339659054359,0.7433258282405918,0.6587327114827919,0.34191058218076553,0.7857832100353811,59.5,78.6,67.1
02240,"Southeast Fairbanks Census Area, Alaska",Alaska,7068,12.7,73882.0,6.47,23.23,1.6,8.62,0,0.0,0.4560952074622065,0.2949501447410743,0.8411064651013187,0.45255709231264074,0.6767449340623994,0.8404631714377614,0.7857832100353811,59.4,78.6,67.1
37111,"McDowell County, North Carolina",North Carolina,44817,14.81,57168.0,4.07,18.1,1.2,3.18,5,1.116,0.6072692183981988,0.7368928916050177,0.4213573496301061,0.7220971373431971,0.5895786426503699,0.5271791572853007,0.7754905114184625,60.1,77.5,67.1
37105,"Lee County, North Carolina",North Carolina,65816,16.47,65387.0,3.84,21.31,3.4,9.92,12,1.823,0.6999035059504664,0.510453522032808,0.3782566741717594,0.5429398520424574,0.869411386297845,0.8732711482791895,0.7095529109038275,64.6,71.0,67.1
21047,"Christian County, Kentucky",Kentucky,72069,17.12,55494.0,6.32,19.64,1.9,3.44,17,2.359,0.7356063042779029,0.7754905114184625,0.8263107108394983,0.6326793181087166,0.7301383081376649,0.556449018977163,0.6130588613702155,70.9,61.3,67.1
37117,"Martin County, North Carolina",North Carolina,21644,20.37,48578.0,6.13,16.72,0.3,1.69,4,1.848,0.8591186876809264,0.9080090061112898,0.8099067224187841,0.7864265036989385,0.22997748472177548,0.30170472820842714,0.7040849147635896,64.9,70.4,67.1
13087,"Decatur County, Georgia",Georgia,29195,22.04,53317.0,6.34,15.15,1.2,3.71,8,2.74,0.9041492441299454,0.8192344805403666,0.8282405918301705,0.8652299774847217,0.5895786426503699,0.582824059183017,0.5310389192666453,76.5,53.1,67.1
01049,"DeKalb County, Alabama",Alabama,72269,22.36,51204.0,4.14,14.08,2.6,7.83,21,2.906,0.9086522997748472,0.8620135091669348,0.4342232229012544,0.9047925377935028,0.8118366034094564,0.8128015439047925,0.49501447410743005,78.9,49.5,67.1
01065,"Hale County, Alabama",Alabama,14829,24.58,39250.0,6.0,17.59,0.0,0.84,0,0.0,0.9446767449340624,0.9807011900932776,0.7976841428111933,0.7439691219041492,0.0,0.10228369250562883,0.7857832100353811,59.5,78.6,67.1
22067,"Morehouse Parish, Louisiana",Louisiana,24551,29.28,39454.0,9.42,13.78,0.1,0.73,5,2.037,0.9765197812801544,0.9790929559343841,0.9617240270183338,0.9160501769057575,0.11997426825345771,0.08137664844001287,0.6677388227725957,67.2,66.8,67.1
48027,"Bell County, Texas",Texas,386897,14.5,68865.0,6.77,27.16,3.0,8.58,69,1.783,0.5853972338372467,0.4059183017047282,0.8652299774847217,0.30717272434866516,0.8446445802508845,0.8388549372788678,0.7143776133805082,64.1,71.4,67.0
26051,"Gladwin County, Michigan",Michigan,25693,14.88,55349.0,6.78,16.87,0.6,1.23,3,1.168,0.6111289803795432,0.779350273399807,0.8668382116436153,0.7761338050820199,0.38018655516243166,0.194274686394339,0.7729173367642329,60.1,77.3,67.0
13109,"Evans County, Georgia",Georgia,10757,19.15,53259.0,4.29,14.48,5.1,5.09,3,2.789,0.8218076551945963,0.8205210678674815,0.4634930845931168,0.8944998391765842,0.923126407204889,0.6941138629784497,0.5197812801543905,77.0,52.0,67.0
40001,"Adair County, Oklahoma",Oklahoma,19575,21.52,48041.0,6.86,12.32,0.7,2.03,5,2.554,0.8893534898681248,0.9131553554197491,0.8723062077838534,0.9552910903827597,0.42039240913477,0.36474750723705374,0.5702798327436475,73.6,57.0,67.0
54085,"Ritchie County, West Virginia",West Virginia,8286,21.56,50582.0,2.36,14.43,1.0,1.45,0,0.0,0.8916050176905758,0.8726278546156321,0.11772274043100675,0.8964297201672563,0.5310389192666453,0.24605982631071083,0.7857832100353811,59.3,78.6,67.0
47153,"Sequatchie County, Tennessee",Tennessee,16809,21.94,58750.0,6.63,20.64,0.5,2.72,3,1.785,0.9015760694757157,0.6989385654551302,0.8549372788678031,0.5779993567063364,0.3335477645545191,0.4741074300418141,0.7137343197169508,64.0,71.4,67.0
48095,"Concho County, Texas",Texas,3328,11.39,65795.0,1.53,14.06,2.8,12.32,0,0.0,0.3509166934705693,0.49726600192988096,0.04889031843036346,0.9060791251206176,0.8308137664844001,0.9134770022515278,0.7857832100353811,59.1,78.6,66.9
47057,"Grainger County, Tennessee",Tennessee,24266,17.07,50538.0,4.68,15.95,0.1,3.05,3,1.236,0.7314248954647796,0.8735927951109682,0.5541974911547122,0.8279189449983918,0.11997426825345771,0.5143132840141524,0.7671276937922161,60.4,76.7,66.9
20061,"Geary County, Kansas",Kansas,35815,18.01,59317.0,6.93,26.23,4.2,7.67,9,2.513,0.779350273399807,0.6834995175297524,0.8764876165969765,0.332582824059183,0.8970730138308137,0.8079768414281119,0.5786426503698938,72.9,57.9,66.9
37173,"Swain County, North Carolina",North Carolina,14013,19.11,52349.0,7.61,21.44,0.9,2.79,3,2.141,0.819877774203924,0.8404631714377614,0.9131553554197491,0.5342553875844323,0.4985525892569958,0.48214860083628175,0.6497266001929881,68.1,65.0,66.9
54075,"Pocahontas County, West Virginia",West Virginia,7784,22.55,42119.0,11.9,19.65,0.0,0.57,0,0.0,0.9134770022515278,0.9620456738501125,0.9864908330652943,0.6320360244451592,0.0,0.055001608234158894,0.7857832100353811,59.2,78.6,66.9
48243,"Jeff Davis County, Texas",Texas,1865,23.89,59286.0,0.0,35.91,6.2,8.9,0,0.0,0.9343840463171438,0.6844644580250885,0.0,0.13573496301061436,0.9453200385976198,0.8494692827275652,0.7857832100353811,59.2,78.6,66.9
13199,"Meriwether County, Georgia",Georgia,20929,18.93,57340.0,6.59,14.51,0.3,1.04,3,1.433,0.8124798970730138,0.734319716950788,0.8520424573817947,0.8925699581859119,0.22997748472177548,0.14827918944998392,0.7526535863621744,61.2,75.3,66.8
47137,"Pickett County, Tennessee",Tennessee,5079,23.91,49030.0,6.76,18.95,0.0,1.12,0,0.0,0.9347056931489225,0.9002894821486008,0.8642650369893856,0.6738501125763912,0.0,0.16436153103891926,0.7857832100353811,59.0,78.6,66.8
20023,"Cheyenne County, Kansas",Kansas,2628,17.01,55429.0,2.45,22.01,1.9,4.6,0,0.0,0.72885172081055,0.7764554519137986,0.1286587327114828,0.5059504663879061,0.7301383081376649,0.6603409456416854,0.7857832100353811,58.8,78.6,66.7
37131,"Northampton County, North Carolina",North Carolina,16931,21.11,50086.0,8.11,17.88,0.2,1.31,3,1.772,0.8806690254100997,0.8806690254100997,0.930845931167578,0.7298166613058862,0.17368928916050178,0.21325184946928272,0.7153425538758443,63.5,71.5,66.7
13315,"Wilcox County, Georgia",Georgia,8798,21.9,54138.0,5.54,15.35,0.0,1.43,0,0.0,0.9006111289803795,0.8031521389514313,0.7307816018012222,0.853972338372467,0.0,0.24091347700225152,0.7857832100353811,58.8,78.6,66.7
05091,"Miller County, Arkansas",Arkansas,42360,24.57,48836.0,7.1,14.98,0.5,1.58,10,2.361,0.9443550981022837,0.9035059504663879,0.885815374718559,0.8726278546156321,0.3335477645545191,0.276616275329688,0.6127372145384368,70.3,61.3,66.7
48013,"Atascosa County, Texas",Texas,51008,15.83,70770.0,4.09,15.75,7.5,8.41,11,2.157,0.6635574139594725,0.3637825667417176,0.42521711161145065,0.837568349951753,0.9568993245416533,0.8314570601479575,0.646510131875201,68.0,64.7,66.6
30065,"Musselshell County, Montana",Montana,5152,17.03,58920.0,9.22,22.36,0.5,1.75,0,0.0,0.7301383081376649,0.6931489224831135,0.957220971373432,0.49051141846252816,0.3335477645545191,0.31199742682534576,0.7857832100353811,58.6,78.6,66.6
48449,"Titus County, Texas",Texas,31363,17.1,58425.0,3.09,16.31,6.7,18.43,8,2.551,0.7349630106143454,0.7089096172402701,0.21839819877774205,0.8079768414281119,0.9523962688967513,0.9575426182052107,0.5709231264072049,73.0,57.1,66.6
08095,"Phillips County, Colorado",Colorado,4496,16.84,64674.0,2.92,31.51,7.4,11.72,0,0.0,0.7214538436796397,0.5258925699581859,0.19105821807655193,0.20521067867481504,0.9565776777098746,0.9047925377935028,0.7857832100353811,58.4,78.6,66.5
13181,"Lincoln County, Georgia",Georgia,7854,17.01,56907.0,2.84,15.48,0.9,2.97,0,0.0,0.72885172081055,0.7433258282405918,0.1804438726278546,0.8478610485686716,0.4985525892569958,0.5046638790607912,0.7857832100353811,58.4,78.6,66.5
48445,"Terry County, Texas",Texas,11629,18.33,44100.0,4.47,9.84,8.1,10.13,4,3.44,0.7935027339980701,0.9507880347378578,0.511418462528144,0.989064007719524,0.9668703763267932,0.8797040849147636,0.39015760694757157,84.9,39.0,66.5
12007,"Bradford County, Florida",Florida,27885,16.77,63050.0,4.72,15.17,0.6,3.22,4,1.434,0.7175940816982953,0.56963653908009,0.5615953682856224,0.8645866838211643,0.38018655516243166,0.5326471534255388,0.7523319395303957,60.4,75.2,66.4
48291,"Liberty County, Texas",Texas,103380,18.66,68703.0,7.11,11.85,7.6,15.6,34,3.289,0.8041170794467675,0.4088131231907366,0.8864586683821164,0.9662270826632358,0.9581859118687681,0.9433901576069476,0.4187841749758765,82.8,41.9,66.4
05121,"Randolph County, Arkansas",Arkansas,18838,22.39,50911.0,5.27,12.08,0.1,2.88,4,2.123,0.9092955934384046,0.8661949179800579,0.6780315213895143,0.9610807333547765,0.11997426825345771,0.4930845931167578,0.6529430685107752,67.1,65.3,66.4
22119,"Webster Parish, Louisiana",Louisiana,35820,23.13,41182.0,5.15,13.28,0.4,1.01,7,1.954,0.9256995818591187,0.9720167256352525,0.6568028304921196,0.9305242843357993,0.28208427146992604,0.14216789964618848,0.6828562238661949,65.2,68.3,66.4
01011,"Bullock County, Alabama",Alabama,10058,33.27,31310.0,7.22,8.12,0.5,3.04,3,2.983,0.9913155355419749,0.9980701190093277,0.8932132518494693,0.9974268253457703,0.3335477645545191,0.5127050498552589,0.4789321325184947,78.8,47.9,66.4
48105,"Crockett County, Texas",Texas,2822,9.32,81022.0,3.01,10.68,9.5,17.51,0,0.0,0.2029591508523641,0.17272434866516564,0.20553232550659375,0.981344483756835,0.975876487616597,0.9530395625603088,0.7857832100353811,58.2,78.6,66.3
29129,"Mercer County, Missouri",Missouri,3482,13.46,62679.0,3.46,18.15,2.5,3.59,0,0.0,0.5162431650048247,0.5815374718559022,0.2946284979092956,0.7188806690254101,0.8018655516243165,0.5738179478932133,0.7857832100353811,58.1,78.6,66.3
29079,"Grundy County, Missouri",Missouri,9787,17.58,51975.0,3.18,16.69,1.5,1.22,0,0.0,0.7600514634930846,0.8465744612415568,0.2405918301704728,0.7880347378578321,0.6587327114827919,0.18977163074943712,0.7857832100353811,58.1,78.6,66.3
02105,"Hoonah-Angoon Census Area, Alaska",Alaska,2311,14.25,61406.0,15.85,24.62,0.1,6.79,0,0.0,0.571888066902541,0.6178835638468961,0.9954969443550981,0.39466066259247345,0.11997426825345771,0.7799935670633644,0.7857832100353811,58.0,78.6,66.2
06101,"Sutter County, California",California,98857,14.43,79704.0,7.16,20.91,6.8,22.74,23,2.327,0.5837889996783532,0.19137986490833064,0.8890318430363461,0.5635252492762947,0.9530395625603088,0.9729816661305886,0.6172402701833387,69.2,61.7,66.2
31069,"Garden County, Nebraska",Nebraska,1761,16.54,41882.0,5.42,21.15,0.5,1.31,0,0.0,0.7053715020907044,0.9649404953361209,0.7089096172402701,0.5509810228369251,0.3335477645545191,0.21325184946928272,0.7857832100353811,58.0,78.6,66.2
12075,"Levy County, Florida",Florida,45391,17.39,56750.0,4.08,16.53,1.9,3.86,10,2.203,0.752010292698617,0.7487938243808299,0.4236088774525571,0.7976841428111933,0.7301383081376649,0.5963332261177228,0.6391122547442908,67.5,63.9,66.1
13091,"Dodge County, Georgia",Georgia,19805,21.55,51587.0,6.08,17.2,0.0,1.86,3,1.515,0.8909617240270183,0.8552589256995818,0.8044387262785462,0.7568349951752975,0.0,0.3316178835638469,0.7439691219041492,60.7,74.4,66.1
30085,"Roosevelt County, Montana",Montana,10526,30.4,57063.0,10.8,21.19,0.1,0.84,0,0.0,0.9803795432614989,0.7394660662592474,0.9790929559343841,0.5484078481826954,0.11997426825345771,0.10228369250562883,0.7857832100353811,57.8,78.6,66.1
06077,"San Joaquin County, California",California,797334,12.41,92179.0,7.57,22.75,7.8,25.2,153,1.919,0.43518816339659055,0.08427146992602123,0.9112254744290769,0.4712126085558057,0.9607590865229978,0.9816661305886137,0.6889675136699903,64.1,68.9,66.0
06043,"Mariposa County, California",California,17082,14.04,68412.0,5.96,31.81,1.5,8.25,0,0.0,0.5583788999678353,0.4162110003216468,0.7909295593438405,0.20006432936635574,0.6587327114827919,0.8275972981666131,0.7857832100353811,57.5,78.6,66.0
08087,"Morgan County, Colorado",Colorado,29520,14.33,73278.0,5.31,17.82,6.4,12.01,7,2.371,0.5770344162110003,0.3052428433579929,0.6873592795110968,0.7323898359601158,0.9472499195882921,0.9086522997748472,0.6095207462206498,69.3,61.0,66.0
47007,"Bledsoe County, Tennessee",Tennessee,15032,20.73,54720.0,1.82,12.36,0.6,2.18,0,0.0,0.869411386297845,0.792537793502734,0.069154068832422,0.9546477967192023,0.38018655516243166,0.38919266645223544,0.7857832100353811,57.6,78.6,66.0
47097,"Lauderdale County, Tennessee",Tennessee,24784,21.04,49879.0,5.57,11.98,0.0,1.28,4,1.614,0.8790607912512062,0.8842071405596655,0.7339980701190093,0.9636539080090061,0.0,0.20488903184303633,0.7339980701190093,61.1,73.4,66.0
53075,"Whitman County, Washington",Washington,47003,22.66,55406.0,6.98,49.78,1.9,7.52,11,2.34,0.9160501769057575,0.777098745577356,0.87809585075587,0.031199742682534577,0.7301383081376649,0.8037954326149888,0.6165969765197813,68.9,61.7,66.0
47151,"Scott County, Tennessee",Tennessee,22113,23.07,44711.0,7.45,12.85,0.0,0.47,4,1.809,0.9237697008684465,0.9459633322611772,0.9047925377935028,0.9421035702798327,0.0,0.04052750080411708,0.7111611450627211,62.6,71.1,66.0
46095,"Mellette County, South Dakota",South Dakota,1943,41.74,54076.0,12.47,19.15,0.0,0.0,0,0.0,0.9983917658411064,0.8047603731103249,0.989064007719524,0.6609842393052429,0.0,0.0,0.7857832100353811,57.6,78.6,66.0
32027,"Pershing County, Nevada",Nevada,6487,11.82,66902.0,3.89,6.15,0.6,8.43,0,0.0,0.3888710196204567,0.45899002894821483,0.390800900611129,0.9996783531682213,0.38018655516243166,0.8330652943068511,0.7857832100353811,57.5,78.6,65.9
50009,"Essex County, Vermont",Vermont,5982,13.85,59294.0,4.79,21.53,1.2,3.11,0,0.0,0.5432614988742361,0.6841428111933098,0.5825024123512383,0.529109038275973,0.5895786426503699,0.5197812801543905,0.7857832100353811,57.5,78.6,65.9
47175,"Van Buren County, Tennessee",Tennessee,6437,16.1,54931.0,2.33,13.71,2.8,0.87,0,0.0,0.6796397555484078,0.7893213251849469,0.1151495657767771,0.9186233515599871,0.8308137664844001,0.1103248633000965,0.7857832100353811,57.4,78.6,65.9
47019,"Carter County, Tennessee",Tennessee,56712,17.08,50135.0,6.24,20.63,0.5,1.65,9,1.587,0.7327114827918945,0.8797040849147636,0.8176262463814732,0.5789642972016725,0.3335477645545191,0.29173367642328724,0.7378578321003538,60.6,73.8,65.9
13195,"Madison County, Georgia",Georgia,31528,17.24,61963.0,3.92,21.06,1.7,4.28,5,1.586,0.7423608877452557,0.603731103248633,0.39723383724670314,0.5561273721453843,0.6960437439691219,0.6371823737536185,0.7381794789321325,60.5,73.8,65.9
12093,"Okeechobee County, Florida",Florida,40816,17.99,57984.0,4.43,15.82,3.8,13.36,12,2.94,0.7780636860726922,0.7182373753618527,0.5011257639112254,0.8327436474750723,0.8848504342232228,0.9244129945320039,0.4879382438082985,77.3,48.8,65.9
37033,"Caswell County, North Carolina",North Carolina,22404,18.62,59755.0,5.16,17.89,0.5,3.24,4,1.785,0.8037954326149888,0.6693470569314892,0.6600192988099067,0.72885172081055,0.3335477645545191,0.534577034416211,0.7137343197169508,62.2,71.4,65.9
28139,"Tippah County, Mississippi",Mississippi,21523,18.93,52542.0,5.55,17.85,1.2,2.35,5,2.323,0.8124798970730138,0.8369250562881956,0.732068189128337,0.7307816018012222,0.5895786426503699,0.42039240913477,0.6175619170151174,68.7,61.8,65.9
16079,"Shoshone County, Idaho",Idaho,13785,13.08,55527.0,5.27,12.68,0.3,1.78,0,0.0,0.48697330331296235,0.7742039240913478,0.6780315213895143,0.9475715664200708,0.22997748472177548,0.3174654229655838,0.7857832100353811,57.2,78.6,65.8
05039,"Dallas County, Arkansas",Arkansas,6242,13.92,42500.0,8.25,11.35,0.0,0.34,0,0.0,0.547764554519138,0.9588292055323255,0.9356706336442586,0.9755548407848182,0.0,0.02348021871984561,0.7857832100353811,57.4,78.6,65.8
47121,"Meigs County, Tennessee",Tennessee,13343,14.27,61375.0,5.47,13.5,0.3,2.02,0,0.0,0.5738179478932133,0.6188485043422323,0.7204889031843036,0.9256995818591187,0.22997748472177548,0.3634609199099389,0.7857832100353811,57.2,78.6,65.8
06105,"Trinity County, California",California,15860,20.7,53002.0,8.39,22.41,0.0,4.81,3,1.892,0.8681247989707301,0.8279189449983918,0.9388871019620457,0.4885815374718559,0.0,0.6748150530717273,0.6957220971373432,63.3,69.6,65.8
22007,"Assumption Parish, Louisiana",Louisiana,20484,15.29,51423.0,4.77,13.81,2.2,2.4,5,2.441,0.6326793181087166,0.8584753940173689,0.576391122547443,0.9154068832422001,0.7709874557735606,0.4290768735927951,0.5963332261177228,69.7,59.6,65.7
37191,"Wayne County, North Carolina",North Carolina,118652,17.33,59733.0,5.21,21.74,3.1,7.93,30,2.528,0.7465422965583789,0.6703119974268253,0.6680604696043744,0.518173045995497,0.8504342232229013,0.8169829527179158,0.5760694757156642,71.2,57.6,65.7
05075,"Lawrence County, Arkansas",Arkansas,16238,20.1,44882.0,5.79,14.53,0.2,0.95,3,1.848,0.851720810550016,0.9443550981022837,0.7642328723062077,0.891283370858797,0.17368928916050178,0.1286587327114828,0.7040849147635896,62.6,70.4,65.7
37153,"Richmond County, North Carolina",North Carolina,42344,25.22,44883.0,9.79,16.04,2.2,4.06,15,3.542,0.9530395625603088,0.944033451270505,0.9668703763267932,0.822129302026375,0.7709874557735606,0.6162753296880026,0.3731103248633001,84.6,37.3,65.7
26127,"Oceana County, Michigan",Michigan,26915,13.63,62417.0,6.48,21.5,1.4,4.15,5,1.858,0.5265358636217433,0.5899002894821486,0.8423930524284335,0.5307172724348665,0.637825667417176,0.6262463814731425,0.7021550337729173,62.6,70.2,65.6
48433,"Stonewall County, Texas",Texas,1227,14.9,56875.0,3.57,16.86,3.1,0.9,0,0.0,0.6114506272113219,0.7442907687359279,0.31682212930202636,0.7777420392409135,0.8504342232229013,0.11643615310389192,0.7857832100353811,57.0,78.6,65.6
47181,"Wayne County, Tennessee",Tennessee,16168,19.96,52294.0,3.39,13.82,1.0,1.88,3,1.856,0.8481826954004503,0.8417497587648761,0.27951109681569636,0.9150852364104214,0.5310389192666453,0.3367642328723062,0.702476680604696,62.5,70.2,65.6
37017,"Bladen County, North Carolina",North Carolina,29566,21.96,42422.0,5.44,19.47,1.2,3.8,8,2.706,0.9025410099710518,0.959472499195883,0.7146992602122869,0.6423287230620779,0.5895786426503699,0.5921518173045995,0.5390800900611129,73.3,53.9,65.6
24011,"Caroline County, Maryland",Maryland,33669,12.16,68457.0,5.69,16.23,2.2,6.11,7,2.079,0.4139594724991959,0.414924412994532,0.749758764876166,0.8118366034094564,0.7709874557735606,0.7484721775490512,0.6600192988099067,65.2,66.0,65.5
45053,"Jasper County, South Carolina",South Carolina,32166,17.83,65613.0,4.57,26.01,1.7,11.21,6,1.865,0.7690575747828884,0.5020907044065616,0.534577034416211,0.34191058218076553,0.6960437439691219,0.899002894821486,0.7008684464458025,62.4,70.1,65.5
13283,"Treutlen County, Georgia",Georgia,6376,13.79,55518.0,7.73,11.86,0.0,1.27,0,0.0,0.5394017368928916,0.7748472177549051,0.9189449983917658,0.965905435831457,0.0,0.20231585718880668,0.7857832100353811,56.7,78.6,65.4
05049,"Fulton County, Arkansas",Arkansas,12302,18.01,42241.0,4.6,15.96,0.3,0.59,0,0.0,0.779350273399807,0.9607590865229978,0.5419749115471213,0.8275972981666131,0.22997748472177548,0.058861370215503375,0.7857832100353811,56.6,78.6,65.4
40061,"Haskell County, Oklahoma",Oklahoma,11683,20.78,49806.0,6.57,15.49,0.6,2.45,3,2.568,0.8719845609520747,0.8854937278867803,0.85075587005468,0.8475394017368929,0.38018655516243166,0.4367963975554841,0.5677066580894178,71.2,56.8,65.4
01009,"Blount County, Alabama",Alabama,59518,12.86,64190.0,5.0,15.82,1.7,5.01,12,2.016,0.4683177870697974,0.5371502090704406,0.6262463814731425,0.8327436474750723,0.6960437439691219,0.6873592795110968,0.6696687037632679,64.1,67.0,65.3
51025,"Brunswick County, Virginia",Virginia,15841,14.94,53084.0,3.34,16.59,2.1,2.89,3,1.894,0.6133805082019942,0.824380829848826,0.27114827918945,0.7922161466709553,0.7574782888388549,0.4943711804438726,0.6954004503055645,62.5,69.5,65.3
47143,"Rhea County, Tennessee",Tennessee,33992,15.89,55033.0,5.83,18.62,0.4,2.73,6,1.765,0.6661305886137021,0.7857832100353811,0.7690575747828884,0.6873592795110968,0.28208427146992604,0.47507237053715023,0.7159858475394018,61.1,71.6,65.3
01045,"Dale County, Alabama",Alabama,49599,18.72,54963.0,6.6,20.4,1.7,3.53,13,2.621,0.8076551945963333,0.7880347378578321,0.8530073978771309,0.5924734641363782,0.6960437439691219,0.5689932454165326,0.556449018977163,71.8,55.6,65.3
46049,"Faulk County, South Dakota",South Dakota,2126,28.35,57750.0,5.27,22.63,0.8,0.66,0,0.0,0.9726600192988099,0.7262785461563204,0.6780315213895143,0.4782888388549373,0.46317143776133807,0.0688324220006433,0.7857832100353811,56.5,78.6,65.3
48197,"Hardeman County, Texas",Texas,3501,10.68,63333.0,2.41,16.8,3.7,5.83,0,0.0,0.29688002573174654,0.5615953682856224,0.12351238340302348,0.7803152138951431,0.8819556127372146,0.7339980701190093,0.7857832100353811,56.3,78.6,65.2
21003,"Allen County, Kentucky",Kentucky,21293,13.45,61403.0,6.87,18.42,0.8,1.29,0,0.0,0.515921518173046,0.6182052106786748,0.8735927951109682,0.6995818591186876,0.46317143776133807,0.2071405596654873,0.7857832100353811,56.3,78.6,65.2
01007,"Bibb County, Alabama",Alabama,22130,22.46,52541.0,12.08,11.73,0.5,1.85,6,2.711,0.9112254744290769,0.8372467031199743,0.9871341267288517,0.9684786104856867,0.3335477645545191,0.32936635574139594,0.5381151495657768,72.8,53.8,65.2
13271,"Telfair County, Georgia",Georgia,11831,24.11,50929.0,5.25,10.11,0.0,6.38,3,2.536,0.9379221614667096,0.8655516243165005,0.6735284657446124,0.9858475394017369,0.0,0.7626246381473143,0.5744612415567707,70.4,57.4,65.2
42023,"Cameron County, Pennsylvania",Pennsylvania,4427,13.51,50573.0,7.8,12.59,0.0,0.86,0,0.0,0.5191379864908331,0.8729495014474108,0.9205532325506594,0.949501447410743,0.0,0.10678674815053071,0.7857832100353811,56.1,78.6,65.1
48135,"Ector County, Texas",Texas,164654,16.45,71536.0,5.88,17.63,10.3,16.69,47,2.854,0.6989385654551302,0.3451270504985526,0.7767770987455773,0.7413959472499196,0.9784496622708266,0.9485365069154069,0.5059504663879061,74.8,50.6,65.1
21083,"Graves County, Kentucky",Kentucky,36630,19.85,50772.0,3.42,18.4,0.4,2.82,5,1.365,0.8446445802508845,0.8678031521389514,0.2859440334512705,0.7018333869411386,0.28208427146992604,0.48600836281762627,0.7594081698295272,57.8,75.9,65.1
02016,"Aleutians West Census Area, Alaska",Alaska,5235,11.31,135500.0,4.31,17.9,2.6,43.04,0,0.0,0.343518816339659,0.0064329366355741395,0.4692827275651335,0.7278867803152139,0.8118366034094564,0.9993567063364426,0.7857832100353811,56.0,78.6,65.0
48231,"Hunt County, Texas",Texas,108972,11.78,71938.0,5.92,22.62,3.4,8.09,20,1.835,0.3834030234802187,0.3357992923769701,0.7848182695400451,0.478610485686716,0.869411386297845,0.8237375361852686,0.706979736249598,61.3,70.7,65.0
55019,"Clark County, Wisconsin",Wisconsin,34739,12.07,67400.0,3.73,13.0,2.6,3.24,5,1.439,0.40784818269540046,0.4435509810228369,0.3538115149565777,0.9372788678031522,0.8118366034094564,0.534577034416211,0.7516886458668383,58.1,75.2,65.0
48151,"Fisher County, Texas",Texas,3655,13.72,65533.0,4.66,17.14,1.0,2.74,0,0.0,0.5332904470890961,0.50498552589257,0.5519459633322612,0.7613380508201995,0.5310389192666453,0.47700225152782244,0.7857832100353811,56.0,78.6,65.0
12055,"Highlands County, Florida",Florida,105702,15.26,54897.0,6.36,20.46,4.0,10.84,32,3.027,0.6310710839498231,0.7896429720167256,0.8311354133161788,0.588292055323255,0.8896751366999035,0.8922483113541332,0.4696043743969122,77.0,47.0,65.0
37159,"Rowan County, North Carolina",North Carolina,149875,15.99,65725.0,5.32,23.32,2.3,6.26,31,2.068,0.6732068189128337,0.4985525892569958,0.6899324541653264,0.446767449340624,0.7828883885493728,0.7571566420070762,0.6622708266323577,64.1,66.2,65.0
26023,"Branch County, Michigan",Michigan,45300,16.43,63724.0,5.66,17.29,2.1,3.93,11,2.428,0.6979736249597941,0.5490511418462528,0.7468639433901576,0.7545834673528465,0.7574782888388549,0.6018012222579607,0.598263107108395,68.5,59.8,65.0
04021,"Pinal County, Arizona",Arizona,469006,11.1,80266.0,5.96,22.47,1.9,9.14,44,0.938,0.3258282405918302,0.18366034094564168,0.7909295593438405,0.48568671598584756,0.7301383081376649,0.8536506915406883,0.7809585075587006,56.2,78.1,64.9
08061,"Kiowa County, Colorado",Colorado,1376,11.81,58618.0,0.14,20.12,5.6,5.52,0,0.0,0.3869411386297845,0.704728208427147,0.0041814088131231905,0.6053393374075265,0.9327758121582502,0.715664200707623,0.7857832100353811,55.8,78.6,64.9
48055,"Caldwell County, Texas",Texas,48669,13.18,69758.0,3.41,19.34,5.7,12.86,9,1.849,0.4966227082663236,0.3862978449662271,0.28433579929237696,0.6500482470247668,0.9347056931489225,0.9186233515599871,0.7037632679318109,61.2,70.4,64.9
47115,"Marion County, Tennessee",Tennessee,29250,16.31,61824.0,7.1,17.15,0.8,1.19,5,1.709,0.6918623351559987,0.6082341588935349,0.885815374718559,0.7610164039884207,0.46317143776133807,0.18173045995496945,0.7240270183338694,59.9,72.4,64.9
18053,"Grant County, Indiana",Indiana,66295,19.83,53522.0,6.27,20.33,0.7,2.76,15,2.263,0.8436796397555484,0.8150530717272435,0.8205210678674815,0.5953682856223866,0.42039240913477,0.48021871984560954,0.6291412029591509,66.3,62.9,64.9
28013,"Calhoun County, Mississippi",Mississippi,12922,20.41,43125.0,4.69,12.06,0.2,3.01,3,2.322,0.8597619813444838,0.9556127372145384,0.5561273721453843,0.9620456738501125,0.17368928916050178,0.5078803473785783,0.6178835638468961,66.9,61.8,64.9
37061,"Duplin County, North Carolina",North Carolina,49335,20.46,55148.0,5.32,17.63,6.1,12.24,17,3.446,0.8607269218398199,0.7848182695400451,0.6899324541653264,0.7413959472499196,0.9437118044387263,0.912190414924413,0.3888710196204567,82.2,38.9,64.9
08089,"Otero County, Colorado",Colorado,18321,22.09,54037.0,6.73,18.17,2.9,4.77,6,3.275,0.9047925377935028,0.805725313605661,0.8623351559987135,0.7166291412029592,0.8378899967835317,0.6715985847539402,0.42200064329366355,80.0,42.2,64.9
38005,"Benson County, North Dakota",North Dakota,5808,25.6,64033.0,3.44,21.86,2.1,1.6,0,0.0,0.9565776777098746,0.5416532647153426,0.29205532325506595,0.5127050498552589,0.7574782888388549,0.28176262463814733,0.7857832100353811,55.7,78.6,64.9
05069,"Jefferson County, Arkansas",Arkansas,64802,18.55,51096.0,8.13,20.05,0.3,1.96,13,2.006,0.8025088452878739,0.8636217433258282,0.9311675779993567,0.6111289803795432,0.22997748472177548,0.35284657446124157,0.6725635252492763,63.2,67.3,64.8
37095,"Hyde County, North Carolina",North Carolina,4592,22.18,53713.0,2.49,14.71,0.0,3.92,0,0.0,0.9070440656159536,0.8108716629141203,0.1338050820199421,0.8851720810550016,0.0,0.6011579285944033,0.7857832100353811,55.6,78.6,64.8
28101,"Newton County, Mississippi",Mississippi,21093,24.68,50540.0,4.74,19.34,0.7,1.42,4,1.896,0.9466066259247347,0.8732711482791895,0.5693148922483113,0.6500482470247668,0.42039240913477,0.2396268896751367,0.6947571566420071,61.7,69.5,64.8
32011,"Eureka County, Nevada",Nevada,1585,24.89,70473.0,0.0,17.07,1.4,4.04,0,0.0,0.949501447410743,0.3708587970408492,0.0,0.7642328723062077,0.637825667417176,0.6130588613702155,0.7857832100353811,55.6,78.6,64.8
01063,"Greene County, Alabama",Alabama,7424,40.14,29200.0,4.04,15.13,0.0,0.55,0,0.0,0.997748472177549,0.9987134126728852,0.4181408813123191,0.8661949179800579,0.0,0.05242843357992924,0.7857832100353811,55.6,78.6,64.8
48165,"Gaines County, Texas",Texas,22232,6.83,74132.0,2.43,11.72,16.7,28.71,3,1.349,0.05853972338372467,0.28755226761016406,0.12672885172081055,0.9688002573174654,0.9945320038597619,0.9887423608877453,0.7603731103248633,57.1,76.0,64.7
06011,"Colusa County, California",California,21984,11.39,75672.0,9.78,16.39,9.3,27.53,6,2.729,0.3509166934705693,0.25474429076873595,0.9662270826632358,0.8037954326149888,0.9742682534577034,0.986812479897073,0.5329688002573174,72.3,53.3,64.7
53045,"Mason County, Washington",Washington,67982,12.26,83270.0,6.57,21.9,1.3,6.95,6,0.883,0.4229655837889997,0.1521389514313284,0.85075587005468,0.5117401093599228,0.6156320360244452,0.7857832100353811,0.7819234480540367,55.7,78.2,64.7
19047,"Crawford County, Iowa",Iowa,16277,14.77,67027.0,3.82,17.72,10.6,17.51,4,2.457,0.6046960437439691,0.4560952074622065,0.3731103248633001,0.7372145384367964,0.9790929559343841,0.9530395625603088,0.5915085236410421,68.4,59.2,64.7
46023,"Charles Mix County, South Dakota",South Dakota,9281,24.04,64038.0,5.85,25.67,1.3,0.84,0,0.0,0.9356706336442586,0.5410099710517852,0.7716307494371181,0.3557413959472499,0.6156320360244452,0.10228369250562883,0.7857832100353811,55.4,78.6,64.7
08115,"Sedgwick County, Colorado",Colorado,2304,13.05,52386.0,2.94,27.2,2.8,4.6,0,0.0,0.48472177549051143,0.839819877774204,0.19491798005789643,0.3055644901897716,0.8308137664844001,0.6603409456416854,0.7857832100353811,55.3,78.6,64.6
06099,"Stanislaus County, California",California,553990,13.53,81468.0,7.98,19.65,7.6,20.99,141,2.545,0.5213895143132841,0.16789964618848505,0.9260212286908974,0.6320360244451592,0.9581859118687681,0.9668703763267932,0.571888066902541,69.5,57.2,64.6
49039,"Sanpete County, Utah",Utah,29719,15.18,70083.0,5.11,22.94,0.9,5.61,3,1.009,0.6265680283049212,0.37986490833065295,0.651013187520103,0.46317143776133807,0.4985525892569958,0.7217754905114184,0.7790286265680283,55.7,77.9,64.6
13179,"Liberty County, Georgia",Georgia,67397,15.32,60456.0,7.94,20.46,1.8,6.32,18,2.671,0.6346091990993888,0.651013187520103,0.9244129945320039,0.588292055323255,0.7140559665487295,0.7597298166613059,0.5464779671920231,71.2,54.6,64.6
48073,"Cherokee County, Texas",Texas,51886,18.16,61261.0,5.2,18.94,3.2,9.38,15,2.891,0.7841749758764877,0.6227082663235767,0.6667738822772595,0.6744934062399486,0.8587970408491477,0.8591186876809264,0.4979092955934384,74.4,49.8,64.6
28019,"Choctaw County, Mississippi",Mississippi,8118,18.45,50919.0,9.83,20.09,0.0,0.69,0,0.0,0.7986490833065294,0.8658732711482792,0.9684786104856867,0.6085558057253136,0.0,0.07558700546799614,0.7857832100353811,55.3,78.6,64.6
13023,"Bleckley County, Georgia",Georgia,12430,19.32,62008.0,5.89,19.76,0.4,1.25,0,0.0,0.8285622386619492,0.6027661627532969,0.779350273399807,0.6256030878095851,0.28208427146992604,0.1981344483756835,0.7857832100353811,55.3,78.6,64.6
29081,"Harrison County, Missouri",Missouri,8190,19.56,54367.0,2.49,15.68,0.5,2.08,0,0.0,0.8366034094564169,0.7989707301383081,0.1338050820199421,0.8414281119330974,0.3335477645545191,0.37439691219041493,0.7857832100353811,55.3,78.6,64.6
05147,"Woodruff County, Arkansas",Arkansas,6026,24.05,48158.0,4.98,16.16,0.0,0.4,0,0.0,0.936313927307816,0.9125120617561917,0.6227082663235767,0.8144097780636861,0.0,0.0321646831778707,0.7857832100353811,55.3,78.6,64.6
48357,"Ochiltree County, Texas",Texas,9786,11.85,70183.0,0.28,20.7,9.2,27.72,0,0.0,0.3911225474429077,0.37729173367642327,0.0064329366355741395,0.5751045352203281,0.9739466066259247,0.9874557735606304,0.7857832100353811,55.2,78.6,64.5
06071,"San Bernardino County, California",California,2197104,13.35,85478.0,7.11,23.3,6.3,21.61,484,2.203,0.5088452878739145,0.13123190736571244,0.8864586683821164,0.4483756834995175,0.9459633322611772,0.9678353168221293,0.6391122547442908,64.8,63.9,64.5
48001,"Anderson County, Texas",Texas,58439,17.36,62068.0,5.95,15.39,1.1,6.48,16,2.738,0.7494371180443873,0.6021228690897394,0.7896429720167256,0.8526857510453522,0.5638468961080734,0.76616275329688,0.531360566098424,72.1,53.1,64.5
37151,"Randolph County, North Carolina",North Carolina,146348,14.5,61022.0,3.48,17.89,1.5,6.64,28,1.913,0.5853972338372467,0.6330009649404953,0.2984882598906401,0.72885172081055,0.6587327114827919,0.7729173367642329,0.6908973946606626,61.3,69.1,64.4
20209,"Wyandotte County, Kansas",Kansas,167654,15.76,63631.0,5.75,21.2,7.5,17.94,48,2.863,0.6600192988099067,0.5525892569958186,0.7584432293341911,0.5474429076873593,0.9568993245416533,0.9546477967192023,0.502733998070119,73.8,50.3,64.4
37045,"Cleveland County, North Carolina",North Carolina,100991,16.6,58534.0,5.19,21.95,1.0,3.13,19,1.881,0.7098745577356063,0.7066580894178193,0.665165648118366,0.5091669347056932,0.5310389192666453,0.5217111611450628,0.6979736249597941,60.7,69.8,64.4
16039,"Elmore County, Idaho",Idaho,29321,10.49,65359.0,6.05,22.35,2.7,9.26,6,2.046,0.28208427146992604,0.511418462528144,0.8028304921196526,0.49244129945320037,0.8230942425217112,0.856223866194918,0.6664522354454808,62.8,66.6,64.3
16047,"Gooding County, Idaho",Idaho,15931,13.0,63559.0,3.84,16.24,6.6,13.96,4,2.511,0.48150530717272433,0.5545191379864909,0.3782566741717594,0.8108716629141203,0.9517529752331939,0.9321325184946928,0.5792859440334512,68.5,57.9,64.3
54017,"Doddridge County, West Virginia",West Virginia,7711,14.84,57401.0,5.73,13.91,0.0,1.58,0,0.0,0.6088774525570924,0.7327114827918945,0.7549051141846252,0.9115471212608556,0.0,0.276616275329688,0.7857832100353811,54.7,78.6,64.3
12125,"Union County, Florida",Florida,15701,19.54,64146.0,4.76,11.1,0.0,1.99,0,0.0,0.8356384689610807,0.5387584432293342,0.5731746542296559,0.9771630749437118,0.0,0.35960115792859443,0.7857832100353811,54.7,78.6,64.3
54095,"Tyler County, West Virginia",West Virginia,8064,20.21,63693.0,6.97,15.91,0.1,0.58,0,0.0,0.8549372788678031,0.5503377291733677,0.8777742039240913,0.8301704728208427,0.11997426825345771,0.057253136056609845,0.7857832100353811,54.8,78.6,64.3
39131,"Pike County, Ohio",Ohio,27044,21.33,52736.0,5.35,16.32,0.2,0.48,4,1.479,0.8845287873914442,0.8327436474750723,0.6963653908009007,0.8066902541009972,0.17368928916050178,0.04277902862656803,0.7494371180443873,57.3,74.9,64.3
35033,"Mora County, New Mexico",New Mexico,4149,21.43,53663.0,3.77,34.28,3.3,1.3,0,0.0,0.8861370215503377,0.811193309745899,0.36153103891926663,0.15760694757156643,0.8636217433258282,0.20939208748793825,0.7857832100353811,54.8,78.6,64.3
28107,"Panola County, Mississippi",Mississippi,32808,23.33,45945.0,6.6,17.65,0.0,1.0,6,1.829,0.9289160501769057,0.9347056931489225,0.8530073978771309,0.7407526535863622,0.0,0.14023801865551624,0.7079446767449341,60.0,70.8,64.3
40059,"Harper County, Oklahoma",Oklahoma,3203,13.12,64053.0,2.61,29.34,5.1,13.02,0,0.0,0.4914763589578643,0.5403666773882277,0.14827918944998392,0.2537793502733998,0.923126407204889,0.9215181730459955,0.7857832100353811,54.6,78.6,64.2
48217,"Hill County, Texas",Texas,37328,14.68,64591.0,4.19,17.99,2.0,6.74,8,2.143,0.5985847539401737,0.5287873914441943,0.4470890961724027,0.7249919588292055,0.7468639433901576,0.777098745577356,0.6490833065294307,63.7,64.9,64.2
47085,"Humphreys County, Tennessee",Tennessee,19214,14.79,60616.0,6.92,15.7,0.0,1.75,0,0.0,0.6056609842393053,0.646510131875201,0.8761659697651978,0.8404631714377614,0.0,0.31199742682534576,0.7857832100353811,54.7,78.6,64.2
26061,"Houghton County, Michigan",Michigan,37693,16.5,58899.0,5.71,37.24,0.9,5.32,6,1.592,0.7027983274364747,0.693792216146671,0.752010292698617,0.11611450627211321,0.4985525892569958,0.7053715020907044,0.7368928916050177,57.8,73.7,64.2
21187,"Owen County, Kentucky",Kentucky,11330,18.28,61134.0,6.98,18.28,0.0,1.53,0,0.0,0.7899646188485043,0.6288195561273722,0.87809585075587,0.7108394982309424,0.0,0.2653586362174333,0.7857832100353811,54.6,78.6,64.2
35005,"Chaves County, New Mexico",New Mexico,64217,24.29,52938.0,5.03,17.9,5.2,11.26,23,3.582,0.9408169829527179,0.8292055323255066,0.6336442586040527,0.7278867803152139,0.9260212286908974,0.8999678353168221,0.36474750723705374,82.6,36.5,64.2
28051,"Holmes County, Mississippi",Mississippi,16191,36.36,32538.0,9.54,13.95,0.2,0.38,4,2.471,0.9954969443550981,0.9958185911868768,0.9642972016725635,0.9105821807655194,0.17368928916050178,0.0276616275329688,0.5886137021550337,67.8,58.9,64.2
48071,"Chambers County, Texas",Texas,51498,11.85,109804.0,7.27,21.93,3.0,9.63,9,1.748,0.3911225474429077,0.03280797684142811,0.8970730138308137,0.510453522032808,0.8446445802508845,0.864908330652943,0.717915728530074,59.0,71.8,64.1
18075,"Jay County, Indiana",Indiana,20229,14.38,54969.0,4.41,13.33,0.8,1.09,3,1.483,0.5802508845287874,0.7873914441942746,0.4975876487616597,0.9295593438404631,0.46317143776133807,0.15792859440334514,0.7484721775490512,56.9,74.8,64.1
47161,"Stewart County, Tennessee",Tennessee,14027,16.42,63114.0,2.73,17.65,1.7,2.25,0,0.0,0.6973303312962368,0.5673850112576391,0.16693470569314892,0.7407526535863622,0.6960437439691219,0.39980701190093276,0.7857832100353811,54.5,78.6,64.1
23029,"Washington County, Maine",Maine,31331,17.09,56024.0,6.29,24.71,0.2,3.68,5,1.596,0.7336764232872306,0.7648761659697652,0.8227725956899324,0.38983596011579286,0.17368928916050178,0.5799292376970087,0.736571244773239,57.7,73.7,64.1
48215,"Hidalgo County, Texas",Texas,891977,26.67,54338.0,7.61,20.63,18.2,26.06,357,4.002,0.9639755548407848,0.7996140238018655,0.9131553554197491,0.5789642972016725,0.9954969443550981,0.9842393052428433,0.2936635574139595,87.3,29.4,64.1
31097,"Johnson County, Nebraska",Nebraska,5261,9.72,57632.0,3.37,17.7,1.6,3.86,0,0.0,0.22836925056288196,0.7294950144741075,0.2753296880025732,0.7378578321003538,0.6767449340623994,0.5963332261177228,0.7857832100353811,54.1,78.6,63.9
20203,"Wichita County, Kansas",Kansas,2091,16.53,79063.0,0.78,20.06,4.7,7.51,0,0.0,0.7050498552589257,0.1984560952074622,0.018012222579607592,0.6101640398842071,0.9125120617561917,0.8031521389514313,0.7857832100353811,54.1,78.6,63.9
37193,"Wilkes County, North Carolina",North Carolina,65935,16.73,51721.0,5.02,16.87,1.1,3.74,17,2.578,0.7153425538758443,0.8526857510453522,0.6310710839498231,0.7761338050820199,0.5638468961080734,0.5860405275008042,0.5664200707623029,68.8,56.6,63.9
37181,"Vance County, North Carolina",North Carolina,42322,19.79,50465.0,8.22,17.19,1.2,5.74,14,3.308,0.8423930524284335,0.8745577356063042,0.9340623994853651,0.7587648761659698,0.5895786426503699,0.7282084271469926,0.414924412994532,78.8,41.5,63.9
48359,"Oldham County, Texas",Texas,2249,20.68,79900.0,1.72,21.42,2.3,7.87,0,0.0,0.8674815053071727,0.1891283370858797,0.061112898037954326,0.5358636217433258,0.7828883885493728,0.8140881312319074,0.7857832100353811,54.2,78.6,63.9
08009,"Baca County, Colorado",Colorado,3428,24.62,46215.0,0.58,24.7,0.4,5.05,0,0.0,0.9453200385976198,0.9305242843357993,0.012544226439369572,0.390800900611129,0.28208427146992604,0.6902541009971052,0.7857832100353811,54.2,78.6,63.9
02230,"Skagway Municipality, Alaska",Alaska,1244,5.87,81136.0,9.14,28.51,3.3,15.92,0,0.0,0.030234802187198456,0.1717594081698295,0.954969443550981,0.2727565133483435,0.8636217433258282,0.9453200385976198,0.7857832100353811,54.0,78.6,63.8
31105,"Kimball County, Nebraska",Nebraska,3248,12.17,56712.0,0.72,15.02,3.4,1.75,0,0.0,0.4155677066580894,0.7507237053715021,0.01704728208427147,0.8700546799614024,0.869411386297845,0.31199742682534576,0.7857832100353811,53.9,78.6,63.8
26159,"Van Buren County, Michigan",Michigan,75795,14.31,68114.0,4.17,22.99,1.6,4.64,6,0.792,0.5757478288838855,0.4232872306207784,0.4422643936957221,0.4609199099388871,0.6767449340623994,0.66420070762303,0.7832100353811515,54.1,78.3,63.8
26133,"Osceola County, Michigan",Michigan,23227,15.84,58267.0,6.39,16.6,0.6,0.86,4,1.722,0.6638790607912513,0.7124477323898359,0.8330652943068511,0.7915728530073979,0.38018655516243166,0.10678674815053071,0.7220971373431971,58.1,72.2,63.8
06093,"Siskiyou County, California",California,43466,16.38,59095.0,7.89,23.33,1.2,5.84,11,2.531,0.6960437439691219,0.6876809263428755,0.9224831135413316,0.4458025088452879,0.5895786426503699,0.7352846574461241,0.5757478288838855,67.9,57.6,63.8
13289,"Twiggs County, Georgia",Georgia,7803,18.17,56324.0,3.76,10.51,0.1,1.35,0,0.0,0.7851399163718238,0.7603731103248633,0.3602444515921518,0.9835960115792859,0.11997426825345771,0.22290125442264394,0.7857832100353811,53.9,78.6,63.8
21109,"Jackson County, Kentucky",Kentucky,13086,19.46,40000.0,3.97,8.84,0.0,0.41,0,0.0,0.8317787069797362,0.9765197812801544,0.40495336120939207,0.9945320038597619,0.0,0.03312962367320682,0.7857832100353811,54.0,78.6,63.8
28017,"Chickasaw County, Mississippi",Mississippi,16915,23.55,43586.0,4.86,12.02,0.0,0.7,3,1.774,0.9311675779993567,0.9536828562238662,0.5985847539401737,0.96268896751367,0.0,0.07655194596333226,0.7146992602122869,58.7,71.5,63.8
38079,"Rolette County, North Dakota",North Dakota,11924,24.33,59517.0,4.01,17.96,0.7,0.62,0,0.0,0.9421035702798327,0.6748150530717273,0.41267288517208106,0.725635252492763,0.42039240913477,0.06400771952396268,0.7857832100353811,54.0,78.6,63.8
48317,"Martin County, Texas",Texas,5218,8.32,93734.0,5.37,20.94,4.4,9.26,0,0.0,0.13123190736571244,0.07623029913155356,0.6995818591186876,0.560952074622065,0.9035059504663879,0.856223866194918,0.7857832100353811,53.8,78.6,63.7
48271,"Kinney County, Texas",Texas,3157,8.39,70000.0,0.93,11.82,2.1,19.42,0,0.0,0.13605660984239304,0.3817947893213252,0.021550337729173367,0.9668703763267932,0.7574782888388549,0.9614023801865552,0.7857832100353811,53.8,78.6,63.7
27033,"Cottonwood County, Minnesota",Minnesota,11458,15.0,72941.0,2.84,24.08,4.8,6.95,0,0.0,0.6175619170151174,0.31135413316178834,0.1804438726278546,0.41653264715342553,0.9157285300739788,0.7857832100353811,0.7857832100353811,53.8,78.6,63.7
18009,"Blackford County, Indiana",Indiana,11950,16.18,51326.0,3.71,14.53,0.1,1.82,0,0.0,0.6831778706979736,0.8597619813444838,0.34705693148922484,0.891283370858797,0.11997426825345771,0.32454165326471535,0.7857832100353811,53.8,78.6,63.7
48465,"Val Verde County, Texas",Texas,47741,16.57,66100.0,5.94,22.53,11.9,19.88,14,2.932,0.7076230299131554,0.48665165648118364,0.7877130910260534,0.48247024766806046,0.9835960115792859,0.9636539080090061,0.48954647796719203,73.5,49.0,63.7
26163,"Wayne County, Michigan",Michigan,1772259,20.8,60539.0,8.66,27.58,3.3,10.29,541,3.053,0.8726278546156321,0.648761659697652,0.9443550981022837,0.2955934384046317,0.8636217433258282,0.8829205532325507,0.46445802508845285,75.1,46.4,63.7
28153,"Wayne County, Mississippi",Mississippi,19718,22.82,37619.0,6.98,15.99,0.6,3.12,6,3.043,0.917658411064651,0.9848825989064007,0.87809585075587,0.8263107108394983,0.38018655516243166,0.5213895143132841,0.465422965583789,75.1,46.5,63.7
05041,"Desha County, Arkansas",Arkansas,10786,28.33,37662.0,7.99,12.63,1.3,3.53,4,3.709,0.9723383724670313,0.9839176584110646,0.9263428755226761,0.9485365069154069,0.6156320360244452,0.5689932454165326,0.338050820199421,83.6,33.8,63.7
21223,"Trimble County, Kentucky",Kentucky,8550,13.28,66027.0,6.18,17.08,0.9,1.06,0,0.0,0.5046638790607912,0.4892248311354133,0.8131231907365712,0.7635895786426504,0.4985525892569958,0.15117401093599228,0.7857832100353811,53.7,78.6,63.6
48233,"Hutchinson County, Texas",Texas,20184,13.32,67228.0,3.6,16.77,2.5,6.87,4,1.982,0.508201994210357,0.4483756834995175,0.32486330009649406,0.7825667417175941,0.8018655516243165,0.7832100353811515,0.678353168221293,60.8,67.8,63.6
08075,"Logan County, Colorado",Colorado,20892,15.77,51829.0,5.44,20.12,0.6,5.66,5,2.393,0.6606625924734641,0.8510775168864587,0.7146992602122869,0.6053393374075265,0.38018655516243166,0.7230620778385333,0.6056609842393053,65.6,60.6,63.6
18143,"Scott County, Indiana",Indiana,24526,16.56,56352.0,3.3,12.69,0.5,1.29,0,0.0,0.7066580894178193,0.7597298166613059,0.26439369572209714,0.9469282727565134,0.3335477645545191,0.2071405596654873,0.7857832100353811,53.6,78.6,63.6
28131,"Stone County, Mississippi",Mississippi,18894,16.87,61413.0,9.32,17.19,0.0,1.1,0,0.0,0.723383724670312,0.6175619170151174,0.9604374396912191,0.7587648761659698,0.0,0.1605017690575748,0.7857832100353811,53.7,78.6,63.6
39007,"Ashtabula County, Ohio",Ohio,97167,17.59,57728.0,6.61,16.08,0.9,1.89,24,2.47,0.760694757156642,0.7272434866516565,0.8536506915406883,0.8192344805403666,0.4985525892569958,0.3406239948536507,0.5895786426503699,66.7,59.0,63.6
51097,"King and Queen County, Virginia",Virginia,6695,17.88,70469.0,5.15,18.61,0.9,1.37,0,0.0,0.7713091026053394,0.37118044387262783,0.6568028304921196,0.6880025731746542,0.4985525892569958,0.22804760373110325,0.7857832100353811,53.6,78.6,63.6
48479,"Webb County, Texas",Texas,269294,21.31,63058.0,5.49,21.38,26.4,25.29,89,3.305,0.8838854937278868,0.5693148922483113,0.7243486651656481,0.5381151495657768,0.9993567063364426,0.9823094242521712,0.4162110003216468,78.3,41.6,63.6
20075,"Hamilton County, Kansas",Kansas,2471,7.03,70250.0,3.06,20.5,16.5,22.02,0,0.0,0.06561595368285622,0.37664844001286585,0.21228690897394661,0.5853972338372467,0.9942103570279833,0.9691219041492442,0.7857832100353811,53.4,78.6,63.5
37197,"Yadkin County, North Carolina",North Carolina,37574,13.98,62932.0,5.31,17.52,1.3,6.03,9,2.395,0.5551624316500482,0.5731746542296559,0.6873592795110968,0.7478288838854937,0.6156320360244452,0.7449340623994853,0.6053393374075265,65.4,60.5,63.5
40045,"Ellis County, Oklahoma",Oklahoma,3683,12.99,61016.0,5.3,21.44,0.4,3.69,0,0.0,0.48054036667738825,0.633322611772274,0.6844644580250885,0.5342553875844323,0.28208427146992604,0.5808941781923448,0.7857832100353811,53.3,78.6,63.4
05135,"Sharp County, Arkansas",Arkansas,17773,16.46,44637.0,8.14,13.91,0.1,1.27,4,2.251,0.6995818591186876,0.9469282727565134,0.9318108716629141,0.9115471212608556,0.11997426825345771,0.20231585718880668,0.6317143776133806,63.5,63.2,63.4
36007,"Broome County, New York",New York,197378,18.49,62616.0,7.09,31.04,1.6,6.88,48,2.432,0.8009006111289804,0.5844322933419106,0.8851720810550016,0.21807655194596334,0.6767449340623994,0.7835316822129302,0.5976198134448376,65.8,59.8,63.4
48063,"Camp County, Texas",Texas,12798,19.92,58843.0,5.68,22.25,3.3,10.48,4,3.125,0.8475394017368929,0.6963653908009007,0.7481505307172724,0.49469282727565134,0.8636217433258282,0.8864586683821164,0.45030556449018977,75.6,45.0,63.4
55078,"Menominee County, Wisconsin",Wisconsin,4252,21.75,62108.0,10.01,18.14,0.0,0.19,0,0.0,0.8957864265036989,0.6008362817626246,0.9716950788034738,0.7198456095207462,0.0,0.011257639112254744,0.7857832100353811,53.3,78.6,63.4
37083,"Halifax County, North Carolina",North Carolina,47675,22.82,45590.0,9.27,16.13,0.4,2.73,14,2.937,0.917658411064651,0.9376005146349309,0.9588292055323255,0.8173045995496945,0.28208427146992604,0.47507237053715023,0.4885815374718559,73.1,48.9,63.4
48227,"Howard County, Texas",Texas,32290,13.82,69649.0,5.37,15.69,4.3,9.83,9,2.787,0.5413316178835639,0.38919266645223544,0.6995818591186876,0.8411064651013187,0.9002894821486008,0.8706979736249598,0.5207462206497266,70.7,52.1,63.3
48419,"Shelby County, Texas",Texas,24155,20.58,49776.0,4.07,15.09,2.9,7.4,8,3.312,0.8652299774847217,0.885815374718559,0.4213573496301061,0.8681247989707301,0.8378899967835317,0.8005789642972017,0.4139594724991959,78.0,41.4,63.3
48421,"Sherman County, Texas",Texas,2295,10.36,61250.0,1.93,30.22,13.9,23.97,0,0.0,0.27404310067545834,0.6230299131553554,0.07719523962688968,0.23351559987134127,0.9887423608877453,0.9781280154390479,0.7857832100353811,52.9,78.6,63.2
28109,"Pearl River County, Mississippi",Mississippi,57458,16.5,58135.0,6.11,16.96,0.5,1.93,12,2.088,0.7027983274364747,0.7159858475394018,0.8082984882598906,0.7706658089417819,0.3335477645545191,0.3483435188163397,0.6590543583145706,61.3,65.9,63.2
12133,"Washington County, Florida",Florida,25529,17.29,58210.0,3.57,11.48,0.6,2.68,5,1.959,0.7449340623994853,0.7143776133805082,0.31682212930202636,0.9723383724670313,0.38018655516243166,0.4689610807333548,0.6812479897073014,60.0,68.1,63.2
05017,"Chicot County, Arkansas",Arkansas,9765,22.64,39045.0,9.06,17.99,0.9,2.24,3,3.072,0.9157285300739788,0.9816661305886137,0.9543261498874236,0.7249919588292055,0.4985525892569958,0.39755548407848185,0.46284979092955936,74.5,46.3,63.2
26025,"Calhoun County, Michigan",Michigan,133778,13.94,63177.0,6.42,22.91,1.4,4.11,28,2.093,0.5503377291733677,0.5644901897716308,0.837568349951753,0.46477967192023156,0.637825667417176,0.6220649726600193,0.6580894178192345,61.3,65.8,63.1
22043,"Grant Parish, Louisiana",Louisiana,22095,17.04,64016.0,3.7,15.41,0.1,3.67,0,0.0,0.7304599549694436,0.5422965583789,0.34448375683499516,0.8510775168864587,0.11997426825345771,0.5786426503698938,0.7857832100353811,52.8,78.6,63.1
48117,"Deaf Smith County, Texas",Texas,18460,17.67,60799.0,3.45,11.43,10.7,17.17,6,3.25,0.7632679318108717,0.6387906079125121,0.2930202637504021,0.973624959794146,0.9794146027661628,0.9507880347378578,0.42682534577034414,76.6,42.7,63.1
37195,"Wilson County, North Carolina",North Carolina,79290,19.8,56423.0,5.63,21.74,1.8,6.09,23,2.901,0.843036346091991,0.7581215825024124,0.7413959472499196,0.518173045995497,0.7140559665487295,0.7468639433901576,0.4959794146027662,72.0,49.6,63.1
05099,"Nevada County, Arkansas",Arkansas,8159,20.25,53886.0,4.62,13.84,0.0,0.47,0,0.0,0.8565455130266967,0.8079768414281119,0.5467996140238018,0.9147635895786427,0.0,0.04052750080411708,0.7857832100353811,52.8,78.6,63.1
21219,"Todd County, Kentucky",Kentucky,12469,20.88,61103.0,3.23,16.53,4.0,2.57,3,2.406,0.8742360887745255,0.6297844966227083,0.24991958829205532,0.7976841428111933,0.8896751366999035,0.4535220328079768,0.603731103248633,64.9,60.4,63.1
37003,"Alexander County, North Carolina",North Carolina,36412,12.57,65354.0,5.03,16.66,0.6,3.01,5,1.373,0.44483756834995175,0.5117401093599228,0.6336442586040527,0.7893213251849469,0.38018655516243166,0.5078803473785783,0.7584432293341911,54.5,75.8,63.0
39073,"Hocking County, Ohio",Ohio,27799,15.98,62960.0,5.42,13.47,0.4,0.95,4,1.439,0.6722418784174976,0.5725313605660984,0.7089096172402701,0.9263428755226761,0.28208427146992604,0.1286587327114828,0.7516886458668383,54.8,75.2,63.0
48023,"Baylor County, Texas",Texas,3485,21.79,45370.0,4.49,25.31,0.0,2.47,0,0.0,0.8973946606625924,0.9401736892891605,0.5155998713412673,0.36506915406883245,0.0,0.4409778063686073,0.7857832100353811,52.7,78.6,63.0
13263,"Talbot County, Georgia",Georgia,5742,25.23,41597.0,3.3,12.1,0.0,0.1,0,0.0,0.9536828562238662,0.9691219041492442,0.26439369572209714,0.9604374396912191,0.0,0.005467996140238018,0.7857832100353811,52.6,78.6,63.0
27165,"Watonwan County, Minnesota",Minnesota,11205,13.19,71699.0,5.25,17.2,5.0,12.99,3,2.677,0.4975876487616597,0.3409456416854294,0.6735284657446124,0.7568349951752975,0.9221614667095529,0.9211965262142168,0.5439047925377936,68.5,54.4,62.9
37027,"Caldwell County, North Carolina",North Carolina,80536,13.37,56425.0,5.04,18.79,1.5,3.03,18,2.235,0.5107751688645867,0.7577999356706336,0.6358957864265037,0.6815696365390801,0.6587327114827919,0.5107751688645867,0.6342875522676101,62.6,63.4,62.9
29109,"Lawrence County, Missouri",Missouri,38593,14.53,61215.0,4.26,16.89,1.4,3.46,8,2.073,0.588292055323255,0.6246381473142489,0.45834673528465747,0.7758121582502412,0.637825667417176,0.558700546799614,0.6613058861370216,60.7,66.1,62.9
26013,"Baraga County, Michigan",Michigan,8191,15.23,55327.0,5.14,14.77,0.1,0.71,0,0.0,0.6294628497909296,0.7806368607269218,0.6551945963332261,0.8813123190736571,0.11997426825345771,0.0781601801222258,0.7857832100353811,52.4,78.6,62.9
39101,"Marion County, Ohio",Ohio,65020,16.65,59371.0,6.32,14.74,0.3,1.51,13,1.999,0.7114827918944998,0.680604696043744,0.8263107108394983,0.8832422000643294,0.22997748472177548,0.2582824059183017,0.675136699903506,59.8,67.5,62.9
47111,"Macon County, Tennessee",Tennessee,26240,17.16,59177.0,3.42,12.52,1.2,3.2,6,2.287,0.7375361852685751,0.6863943390157607,0.2859440334512705,0.9514313284014152,0.5895786426503699,0.5300739787713091,0.6239948536506915,63.0,62.4,62.8
40105,"Nowata County, Oklahoma",Oklahoma,9435,17.22,54333.0,4.52,16.78,0.1,1.16,0,0.0,0.7410743004181409,0.800257317465423,0.5239626889675136,0.7819234480540367,0.11997426825345771,0.17368928916050178,0.7857832100353811,52.3,78.6,62.8
29221,"Washington County, Missouri",Missouri,23470,17.38,56043.0,3.64,11.71,0.3,0.78,0,0.0,0.7513669990350595,0.7645545191379864,0.33386941138629783,0.9691219041492442,0.22997748472177548,0.08941781923448054,0.7857832100353811,52.3,78.6,62.8
28111,"Perry County, Mississippi",Mississippi,11449,18.38,49634.0,1.99,12.94,0.0,2.43,0,0.0,0.7973624959794146,0.8887101962045674,0.08169829527179158,0.9401736892891605,0.0,0.4332582824059183,0.7857832100353811,52.4,78.6,62.8
13071,"Colquitt County, Georgia",Georgia,46224,22.87,49341.0,4.27,15.54,4.0,11.07,17,3.678,0.9199099388871019,0.893534898681248,0.4602766162753297,0.8456095207462206,0.8896751366999035,0.8973946606625924,0.343518816339659,81.8,34.4,62.8
31037,"Colfax County, Nebraska",Nebraska,10641,6.88,82530.0,1.34,14.77,20.7,28.86,0,0.0,0.0601479575426182,0.15760694757156643,0.039562560308780956,0.8813123190736571,0.9974268253457703,0.989064007719524,0.7857832100353811,52.1,78.6,62.7
12097,"Osceola County, Florida",Florida,427415,12.81,72637.0,5.36,29.76,12.3,26.62,93,2.176,0.4634930845931168,0.32003859761981346,0.6979736249597941,0.24348665165648117,0.9855258925699582,0.9852042457381794,0.6439369572209713,61.6,64.4,62.7
37057,"Davidson County, North Carolina",North Carolina,172954,12.85,64172.0,4.08,21.69,1.4,5.59,27,1.561,0.46767449340623996,0.5381151495657768,0.4236088774525571,0.5204245738179479,0.637825667417176,0.7188806690254101,0.7401093599228048,55.1,74.0,62.7
38037,"Grant County, North Dakota",North Dakota,2269,16.61,57875.0,3.57,20.72,0.3,3.57,0,0.0,0.710196204567385,0.7208105500160823,0.31682212930202636,0.5734963010614346,0.22997748472177548,0.5722097137343197,0.7857832100353811,52.1,78.6,62.7
21141,"Logan County, Kentucky",Kentucky,27986,16.75,60382.0,5.68,16.09,0.6,0.84,5,1.787,0.715664200707623,0.6529430685107752,0.7481505307172724,0.8189128337085879,0.38018655516243166,0.10228369250562883,0.7130910260533934,57.0,71.3,62.7
45073,"Oconee County, South Carolina",South Carolina,80469,17.57,62388.0,5.88,28.65,1.3,4.21,17,2.113,0.7590865229977485,0.590543583145706,0.7767770987455773,0.2685751045352203,0.6156320360244452,0.6310710839498231,0.6558378899967835,60.7,65.6,62.7
21075,"Fulton County, Kentucky",Kentucky,6409,22.59,38217.0,3.34,16.1,0.0,1.01,0,0.0,0.9141202959150853,0.9832743647475073,0.27114827918945,0.8179478932132519,0.0,0.14216789964618848,0.7857832100353811,52.1,78.6,62.7
28023,"Clarke County, Mississippi",Mississippi,15314,17.39,46108.0,7.02,17.53,0.1,0.82,3,1.959,0.752010292698617,0.9318108716629141,0.8816339659054359,0.7465422965583789,0.11997426825345771,0.09874557735606304,0.6812479897073014,58.8,68.1,62.6
13105,"Elbert County, Georgia",Georgia,19849,17.98,58450.0,4.59,16.28,4.0,4.47,6,3.023,0.7767770987455773,0.7085879704084915,0.5394017368928916,0.8092634287552267,0.8896751366999035,0.6503698938565455,0.4705693148922483,72.9,47.1,62.6
31043,"Dakota County, Nebraska",Nebraska,21354,11.54,70329.0,4.81,14.56,14.3,25.58,6,2.81,0.3605660984239305,0.37504020585397235,0.5879704084914763,0.8899967835316822,0.9897073013830814,0.9826310710839499,0.5152782245094886,69.8,51.5,62.5
06015,"Del Norte County, California",California,27107,12.95,67058.0,6.4,21.39,1.3,6.83,6,2.213,0.47796719202315857,0.45513026696687037,0.8349951752975233,0.5374718559022194,0.6156320360244452,0.7819234480540367,0.6375040205853972,61.7,63.8,62.5
12017,"Citrus County, Florida",Florida,162472,15.59,56546.0,6.35,20.62,1.1,5.57,44,2.708,0.651013187520103,0.7536185268575104,0.8301704728208427,0.5805725313605661,0.5638468961080734,0.7175940816982953,0.5387584432293342,68.3,53.9,62.5
21079,"Garrard County, Kentucky",Kentucky,17568,15.93,63087.0,5.15,18.72,0.7,1.95,3,1.708,0.6693470569314892,0.5680283049211965,0.6568028304921196,0.6844644580250885,0.42039240913477,0.35155998713412673,0.7246703119974268,55.8,72.5,62.5
17007,"Boone County, Illinois",Illinois,53230,9.93,84571.0,7.36,23.64,2.8,11.28,10,1.879,0.2444515921518173,0.138308137664844,0.9009327758121582,0.4339015760694757,0.8308137664844001,0.9002894821486008,0.6982952717915728,57.5,69.8,62.4
31127,"Nemaha County, Nebraska",Nebraska,7046,13.29,60924.0,6.01,29.41,2.5,0.82,0,0.0,0.5053071727243487,0.6365390800900611,0.7999356706336442,0.252492762946285,0.8018655516243165,0.09874557735606304,0.7857832100353811,51.6,78.6,62.4
41021,"Gilliam County, Oregon",Oregon,1971,15.25,66917.0,2.79,20.96,1.5,4.01,0,0.0,0.6304277902862657,0.45802508845287876,0.17626246381473143,0.5603087809585076,0.6587327114827919,0.6108073335477645,0.7857832100353811,51.6,78.6,62.4
47013,"Campbell County, Tennessee",Tennessee,39761,18.53,51557.0,4.96,12.67,0.3,0.84,8,2.012,0.8018655516243165,0.8565455130266967,0.619170151174011,0.9478932132518495,0.22997748472177548,0.10228369250562883,0.6709552910903828,59.3,67.1,62.4
48083,"Coleman County, Texas",Texas,7833,19.64,49159.0,7.67,16.82,2.8,5.2,3,3.83,0.8382116436153104,0.8970730138308137,0.9166934705693149,0.7790286265680283,0.8308137664844001,0.7011900932775812,0.3187520102926986,82.7,31.9,62.4
21201,"Robertson County, Kentucky",Kentucky,2283,21.12,51830.0,3.84,13.78,0.0,0.66,0,0.0,0.8809906722418784,0.85075587005468,0.3782566741717594,0.9160501769057575,0.0,0.0688324220006433,0.7857832100353811,51.6,78.6,62.4
49031,"Piute County, Utah",Utah,1694,10.2,48393.0,5.86,19.62,0.0,3.01,0,0.0,0.26182052106786746,0.9105821807655194,0.773882277259569,0.6346091990993888,0.0,0.5078803473785783,0.7857832100353811,51.5,78.6,62.3
13129,"Gordon County, Georgia",Georgia,59100,11.96,63650.0,3.66,18.81,4.0,7.91,13,2.2,0.39916371823737534,0.5522676101640399,0.33708587970408493,0.6796397555484078,0.8896751366999035,0.8153747185590222,0.6403988420714056,61.2,64.0,62.3
54105,"Wirt County, West Virginia",West Virginia,5053,16.83,49867.0,4.95,15.45,0.0,0.22,0,0.0,0.7208105500160823,0.8845287873914442,0.6175619170151174,0.8497909295593439,0.0,0.013509166934705693,0.7857832100353811,51.4,78.6,62.3
05003,"Ashley County, Arkansas",Arkansas,18429,22.15,44266.0,5.48,12.79,1.3,2.2,6,3.256,0.9054358314570602,0.9498230942425218,0.7227404310067546,0.944033451270505,0.6156320360244452,0.3917658411064651,0.42521711161145065,75.5,42.5,62.3
13269,"Taylor County, Georgia",Georgia,7786,32.06,41788.0,2.55,17.53,0.0,1.44,0,0.0,0.9861691862335156,0.9662270826632358,0.14023801865551624,0.7465422965583789,0.0,0.24477323898359601,0.7857832100353811,51.4,78.6,62.3
18071,"Jackson County, Indiana",Indiana,46660,12.29,70262.0,2.64,20.28,4.9,9.01,8,1.715,0.42489546477967194,0.3760051463493085,0.15503377291733678,0.5979414602766163,0.9189449983917658,0.8513991637182374,0.723383724670312,55.4,72.3,62.2
29057,"Dade County, Missouri",Missouri,7641,12.57,53750.0,3.24,15.09,0.7,1.58,0,0.0,0.44483756834995175,0.8102283692505629,0.25217111611450627,0.8681247989707301,0.42039240913477,0.276616275329688,0.7857832100353811,51.2,78.6,62.2
33007,"Coos County, New Hampshire",New Hampshire,31271,13.21,57677.0,4.28,20.07,0.9,2.8,5,1.599,0.4991958829205532,0.7285300739787713,0.4609199099388871,0.6098423930524285,0.4985525892569958,0.4831135413316179,0.7352846574461241,54.7,73.5,62.2
47073,"Hawkins County, Tennessee",Tennessee,57964,15.17,56936.0,7.31,16.16,0.3,0.97,11,1.898,0.6256030878095851,0.7430041814088131,0.8983596011579286,0.8144097780636861,0.22997748472177548,0.1338050820199421,0.6944355098102284,57.4,69.4,62.2
39023,"Clark County, Ohio",Ohio,135158,15.19,63132.0,6.71,20.21,1.3,2.62,31,2.294,0.6272113219684786,0.5660984239305242,0.8597619813444838,0.6021228690897394,0.6156320360244452,0.4605982631071084,0.622386619491798,62.2,62.2,62.2
22101,"St. Mary Parish, Louisiana",Louisiana,47828,20.79,52576.0,5.37,13.65,4.0,4.95,18,3.763,0.8723062077838534,0.8359601157928594,0.6995818591186876,0.9205532325506594,0.8896751366999035,0.6854293985204246,0.32968800257317465,81.7,33.0,62.2
47099,"Lawrence County, Tennessee",Tennessee,45385,14.99,54706.0,4.9,15.18,0.1,1.43,7,1.542,0.61691862335156,0.7928594403345127,0.6075908652299775,0.8633000964940495,0.11997426825345771,0.24091347700225152,0.7417175940816984,54.0,74.2,62.1
47177,"Warren County, Tennessee",Tennessee,42166,15.71,55487.0,5.9,14.11,1.6,3.63,13,3.083,0.6571244773238983,0.7758121582502412,0.7809585075587006,0.9038275972981666,0.6767449340623994,0.576391122547443,0.45995496944355097,72.8,46.0,62.1
13225,"Peach County, Georgia",Georgia,28560,17.34,71293.0,6.62,22.77,2.0,4.68,7,2.451,0.747507237053715,0.35220328079768415,0.8542939852042457,0.46992602122869087,0.7468639433901576,0.6664522354454808,0.592795110968157,64.0,59.3,62.1
05057,"Hempstead County, Arkansas",Arkansas,19508,20.22,46787.0,5.58,16.34,0.3,7.8,6,3.076,0.8555805725313606,0.9247346413637826,0.7362495979414603,0.8054036667738823,0.22997748472177548,0.8118366034094564,0.4615632036024445,72.7,46.2,62.1
05035,"Crittenden County, Arkansas",Arkansas,47266,20.99,55358.0,10.23,16.99,0.9,2.14,14,2.962,0.8771309102605339,0.7787069797362496,0.975876487616597,0.7687359279511097,0.4985525892569958,0.3834030234802187,0.48279189449983917,71.4,48.3,62.1
01087,"Macon County, Alabama",Alabama,18691,24.32,43707.0,8.29,21.12,0.6,1.55,5,2.675,0.9414602766162753,0.9530395625603088,0.9372788678031522,0.5519459633322612,0.38018655516243166,0.26889675136699903,0.5448697330331296,67.2,54.5,62.1
37073,"Gates County, North Carolina",North Carolina,10376,9.41,66333.0,5.85,10.92,0.6,1.42,0,0.0,0.2081055001608234,0.473142489546478,0.7716307494371181,0.9794146027661628,0.38018655516243166,0.2396268896751367,0.7857832100353811,50.9,78.6,62.0
53025,"Grant County, Washington",Washington,101799,15.85,73267.0,6.51,18.43,6.9,16.14,32,3.143,0.6645223544548087,0.3055644901897716,0.8452878739144419,0.6989385654551302,0.9536828562238662,0.9456416854293985,0.4470890961724027,73.6,44.7,62.0
48345,"Motley County, Texas",Texas,1183,16.06,61154.0,0.95,19.27,2.8,1.44,0,0.0,0.6773882277259569,0.6275329688002573,0.02219363139273078,0.6539080090061112,0.8308137664844001,0.24477323898359601,0.7857832100353811,50.9,78.6,62.0
13055,"Chattooga County, Georgia",Georgia,25036,21.2,50285.0,5.39,11.97,0.8,3.5,8,3.195,0.8829205532325507,0.8777742039240913,0.7040849147635896,0.9639755548407848,0.46317143776133807,0.5648118366034095,0.4367963975554841,74.3,43.7,62.0
22091,"St. Helena Parish, Louisiana",Louisiana,10858,32.43,41934.0,17.59,11.36,0.1,0.56,3,2.763,0.9880990672241878,0.9642972016725635,0.997748472177549,0.9749115471212608,0.11997426825345771,0.05339337407526536,0.5249276294628498,68.3,52.5,62.0
53017,"Douglas County, Washington",Washington,44366,8.26,80363.0,3.9,21.49,4.6,15.91,5,1.127,0.12769379221614668,0.18301704728208426,0.39273078160180125,0.5316822129302027,0.9102605339337407,0.9449983917658411,0.7748472177549051,51.5,77.5,61.9
37001,"Alamance County, North Carolina",North Carolina,176893,13.35,65651.0,5.06,28.72,2.3,9.52,37,2.092,0.5088452878739145,0.500482470247668,0.6400771952396269,0.265680283049212,0.7828883885493728,0.8629784496622708,0.6584110646510132,59.3,65.8,61.9
34011,"Cumberland County, New Jersey",New Jersey,153305,15.58,67436.0,6.76,18.93,6.5,12.71,50,3.261,0.6503698938565455,0.4416211000321647,0.8642650369893856,0.6754583467352847,0.9501447410743005,0.9170151174010936,0.4239305242843358,75.0,42.4,61.9
37007,"Anson County, North Carolina",North Carolina,22289,21.73,47302.0,5.5,9.91,0.5,3.28,7,3.141,0.8941781923448054,0.9192666452235445,0.7262785461563204,0.9877774203924091,0.3335477645545191,0.5403666773882277,0.4480540366677388,73.4,44.8,61.9
26113,"Missaukee County, Michigan",Michigan,15207,11.27,66194.0,6.74,18.77,0.6,1.64,0,0.0,0.340302348021872,0.4808620135091669,0.8629784496622708,0.6825345770344162,0.38018655516243166,0.28916050176905755,0.7857832100353811,50.6,78.6,61.8
18149,"Starke County, Indiana",Indiana,23365,13.37,63960.0,3.37,12.53,0.5,2.35,0,0.0,0.5107751688645867,0.5435831457060148,0.2753296880025732,0.9511096815696365,0.3335477645545191,0.42039240913477,0.7857832100353811,50.6,78.6,61.8
19177,"Van Buren County, Iowa",Iowa,7241,15.1,61161.0,4.1,18.8,1.3,0.62,0,0.0,0.6214216789964618,0.6262463814731425,0.42746863943390156,0.6802830492119653,0.6156320360244452,0.06400771952396268,0.7857832100353811,50.6,78.6,61.8
54103,"Wetzel County, West Virginia",West Virginia,14078,16.0,56836.0,5.42,17.09,0.1,0.36,0,0.0,0.6735284657446124,0.7458990028948215,0.7089096172402701,0.7626246381473143,0.11997426825345771,0.02541009971051785,0.7857832100353811,50.6,78.6,61.8
29229,"Wright County, Missouri",Missouri,18965,18.75,47909.0,3.53,15.86,0.3,0.97,3,1.582,0.8086201350916693,0.9154068832422001,0.3091026053393374,0.8314570601479575,0.22997748472177548,0.1338050820199421,0.7385011257639112,53.8,73.9,61.8
29093,"Iron County, Missouri",Missouri,9446,19.27,48850.0,3.0,19.01,0.1,1.74,0,0.0,0.8279189449983918,0.9031843036346092,0.20424573817947894,0.6683821164361531,0.11997426825345771,0.30974589900289484,0.7857832100353811,50.6,78.6,61.8
48343,"Morris County, Texas",Texas,12076,19.46,58645.0,7.11,15.95,1.0,6.09,4,3.312,0.8317787069797362,0.7037632679318109,0.8864586683821164,0.8279189449983918,0.5310389192666453,0.7468639433901576,0.4139594724991959,75.5,41.4,61.8
28091,"Marion County, Mississippi",Mississippi,24193,19.68,45110.0,7.47,13.73,0.0,1.41,6,2.48,0.8391765841106466,0.9411386297844966,0.9070440656159536,0.917658411064651,0.0,0.23801865551624315,0.5853972338372467,64.1,58.5,61.8
35009,"Curry County, New Mexico",New Mexico,47638,20.51,57309.0,8.16,23.3,3.1,9.97,17,3.569,0.8626568028304921,0.7346413637825667,0.9337407526535864,0.4483756834995175,0.8504342232229013,0.8761659697651978,0.36732068189128336,78.4,36.7,61.8
21027,"Breckinridge County, Kentucky",Kentucky,20881,21.36,55843.0,4.5,14.18,0.4,0.6,4,1.916,0.8848504342232228,0.768414281119331,0.5191379864908331,0.9025410099710518,0.28208427146992604,0.06046960437439691,0.6899324541653264,57.0,69.0,61.8
51685,"Manassas Park city, Virginia",Virginia,16798,5.12,103250.0,5.54,26.9,4.8,36.78,0,0.0,0.015117401093599228,0.045030556449018974,0.7307816018012222,0.31489224831135415,0.9157285300739788,0.9980701190093277,0.7857832100353811,50.3,78.6,61.6
51033,"Caroline County, Virginia",Virginia,32098,11.25,87407.0,5.26,21.85,1.7,5.06,3,0.935,0.33933740752653585,0.11643615310389192,0.6754583467352847,0.5130266966870376,0.6960437439691219,0.6918623351559987,0.7812801543904793,50.5,78.1,61.6
26131,"Ontonagon County, Michigan",Michigan,5850,12.52,54398.0,5.33,18.45,0.3,1.09,0,0.0,0.4419427468639434,0.7986490833065294,0.69154068832422,0.6976519781280155,0.22997748472177548,0.15792859440334514,0.7857832100353811,50.3,78.6,61.6
45027,"Clarendon County, South Carolina",South Carolina,30986,15.43,52401.0,6.85,18.22,0.9,1.87,8,2.582,0.6423287230620779,0.8394982309424253,0.8719845609520747,0.7130910260533934,0.4985525892569958,0.33386941138629783,0.5654551302669669,65.0,56.5,61.6
05101,"Newton County, Arkansas",Arkansas,7112,15.87,48986.0,4.09,15.68,0.1,0.6,0,0.0,0.6658089417819234,0.9006111289803795,0.42521711161145065,0.8414281119330974,0.11997426825345771,0.06046960437439691,0.7857832100353811,50.2,78.6,61.6
18121,"Parke County, Indiana",Indiana,16406,16.16,68485.0,4.36,15.41,1.1,0.33,0,0.0,0.6818912833708588,0.4142811193309746,0.4831135413316179,0.8510775168864587,0.5638468961080734,0.022836925056288194,0.7857832100353811,50.3,78.6,61.6
01121,"Talladega County, Alabama",Alabama,81021,17.81,57776.0,6.83,16.53,0.2,2.0,19,2.345,0.7674493406239948,0.7246703119974268,0.8710196204567385,0.7976841428111933,0.17368928916050178,0.3612093920874879,0.6153103891926665,61.6,61.5,61.6
32013,"Humboldt County, Nevada",Nevada,17289,10.63,81073.0,5.78,19.25,5.3,9.44,4,2.314,0.29205532325506595,0.17208105500160822,0.7619813444837569,0.6545513026696687,0.9279511096815697,0.8600836281762625,0.6198134448375684,61.1,62.0,61.5
31017,"Brown County, Nebraska",Nebraska,2869,13.39,54676.0,1.73,24.01,1.6,3.35,0,0.0,0.5120617561917015,0.7935027339980701,0.06175619170151174,0.4194274686394339,0.6767449340623994,0.5480862013509167,0.7857832100353811,50.2,78.6,61.5
18007,"Benton County, Indiana",Indiana,8735,13.9,65875.0,3.91,19.84,0.9,2.53,0,0.0,0.5467996140238018,0.4940495336120939,0.39498230942425216,0.6220649726600193,0.4985525892569958,0.44998391765841106,0.7857832100353811,50.1,78.6,61.5
05015,"Carroll County, Arkansas",Arkansas,28626,17.18,54230.0,4.71,19.98,2.5,9.05,9,3.144,0.7385011257639112,0.8018655516243165,0.5593438404631714,0.6140238018655516,0.8018655516243165,0.851720810550016,0.446767449340624,72.8,44.7,61.5
48457,"Tyler County, Texas",Texas,20238,17.9,55396.0,7.07,12.41,0.8,2.05,6,2.965,0.7729173367642329,0.7780636860726922,0.8845287873914442,0.9533612093920875,0.46317143776133807,0.3682856223866195,0.48214860083628175,70.3,48.2,61.5
35013,"Doña Ana County, New Mexico",New Mexico,224266,21.32,56848.0,6.76,31.68,11.0,14.73,78,3.478,0.8842071405596655,0.7455773560630428,0.8642650369893856,0.20199421035702797,0.9816661305886137,0.9398520424573817,0.3837246703119974,77.0,38.4,61.5
47091,"Johnson County, Tennessee",Tennessee,18196,21.44,53129.0,3.16,17.54,0.8,2.39,4,2.198,0.8864586683821164,0.8237375361852686,0.23673206818912834,0.7458990028948215,0.46317143776133807,0.42746863943390156,0.6407204889031843,59.7,64.1,61.5
39105,"Meigs County, Ohio",Ohio,21896,21.79,46873.0,5.39,12.19,0.1,0.49,5,2.284,0.8973946606625924,0.923126407204889,0.7040849147635896,0.9591508523641042,0.11997426825345771,0.04406561595368286,0.6246381473142489,60.8,62.5,61.5
28037,"Franklin County, Mississippi",Mississippi,7622,25.42,52939.0,3.97,18.96,0.1,0.3,0,0.0,0.9546477967192023,0.8288838854937279,0.40495336120939207,0.672885172081055,0.11997426825345771,0.020585397233837247,0.7857832100353811,50.0,78.6,61.5
30051,"Liberty County, Montana",Montana,1952,25.79,57857.0,0.6,27.85,1.0,2.87,0,0.0,0.9591508523641042,0.721132196847861,0.012865873271148279,0.28916050176905755,0.5310389192666453,0.4911547121260856,0.7857832100353811,50.1,78.6,61.5
27155,"Traverse County, Minnesota",Minnesota,3243,11.33,62989.0,4.55,16.59,0.5,2.37,0,0.0,0.3454486973303313,0.5715664200707623,0.5307172724348665,0.7922161466709553,0.3335477645545191,0.425860405275008,0.7857832100353811,50.0,78.6,61.4
51029,"Buckingham County, Virginia",Virginia,16976,12.46,60828.0,4.73,14.51,0.7,1.83,3,1.767,0.4377613380508202,0.637825667417176,0.5654551302669669,0.8925699581859119,0.42039240913477,0.3264715342553876,0.715664200707623,54.7,71.6,61.4
48305,"Lynn County, Texas",Texas,5752,15.21,73679.0,3.7,26.77,2.5,3.98,0,0.0,0.6288195561273722,0.2991315535541975,0.34448375683499516,0.3181087166291412,0.8018655516243165,0.6063042779028627,0.7857832100353811,50.0,78.6,61.4
01109,"Pike County, Alabama",Alabama,32987,23.31,48677.0,3.66,28.02,0.9,3.56,7,2.122,0.9282727565133484,0.9057574782888389,0.33708587970408493,0.2833708587970408,0.4985525892569958,0.5712447732389836,0.6532647153425539,58.7,65.3,61.4
16043,"Fremont County, Idaho",Idaho,13943,10.07,72683.0,3.86,22.83,3.1,5.53,0,0.0,0.25184946928272756,0.3187520102926986,0.3834030234802187,0.4683177870697974,0.8504342232229013,0.7169507880347379,0.7857832100353811,49.8,78.6,61.3
36003,"Allegany County, New York",New York,47159,16.18,62869.0,7.11,24.86,0.4,1.82,7,1.484,0.6831778706979736,0.5760694757156642,0.8864586683821164,0.38436796397555484,0.28208427146992604,0.32454165326471535,0.7481505307172724,52.3,74.8,61.3
21137,"Lincoln County, Kentucky",Kentucky,24504,16.29,52440.0,6.53,15.94,0.2,0.72,5,2.04,0.6905757478288839,0.8388549372788678,0.8472177549051142,0.8292055323255066,0.17368928916050178,0.07912512061756191,0.6670955291090382,57.6,66.7,61.3
45077,"Pickens County, South Carolina",South Carolina,134629,17.17,61064.0,3.63,28.54,1.1,3.55,19,1.411,0.7378578321003538,0.6313927307816019,0.3316178835638469,0.2714699260212287,0.5638468961080734,0.5706014795754262,0.7555484078481827,51.8,75.6,61.3
48277,"Lamar County, Texas",Texas,50669,18.97,61880.0,4.04,21.57,1.0,4.5,11,2.171,0.8150530717272435,0.605982631071084,0.4181408813123191,0.5262142167899646,0.5310389192666453,0.6539080090061112,0.6452235445480862,59.2,64.5,61.3
21009,"Barren County, Kentucky",Kentucky,44938,19.39,50628.0,4.15,18.32,1.3,2.75,12,2.67,0.8301704728208427,0.871662914120296,0.4367963975554841,0.7066580894178193,0.6156320360244452,0.4782888388549373,0.5474429076873593,65.7,54.7,61.3
21105,"Hickman County, Kentucky",Kentucky,4439,20.48,60867.0,3.06,15.12,0.3,1.19,0,0.0,0.861691862335156,0.6371823737536185,0.21228690897394661,0.8668382116436153,0.22997748472177548,0.18173045995496945,0.7857832100353811,49.8,78.6,61.3
13001,"Appling County, Georgia",Georgia,18493,22.48,46651.0,3.14,11.19,1.5,5.4,6,3.244,0.9115471212608556,0.9269861691862336,0.23222901254422643,0.9765197812801544,0.6587327114827919,0.7092312640720488,0.42746863943390156,73.6,42.7,61.3
26011,"Arenac County, Michigan",Michigan,15077,11.74,58811.0,6.0,15.95,0.2,0.84,0,0.0,0.38050820199421037,0.6970086844644581,0.7976841428111933,0.8279189449983918,0.17368928916050178,0.10228369250562883,0.7857832100353811,49.7,78.6,61.2
28057,"Itawamba County, Mississippi",Mississippi,24036,15.52,55546.0,5.1,16.03,0.0,0.76,0,0.0,0.6477967192023159,0.773882277259569,0.6490833065294307,0.8234158893534899,0.0,0.0874879382438083,0.7857832100353811,49.7,78.6,61.2
28063,"Jefferson County, Mississippi",Mississippi,7068,32.49,38305.0,1.84,13.45,0.0,0.18,0,0.0,0.9884207140559665,0.9829527179157286,0.07140559665487295,0.9273078160180123,0.0,0.010292698616918623,0.7857832100353811,49.7,78.6,61.2
18135,"Randolph County, Indiana",Indiana,24387,15.85,60791.0,4.53,15.05,1.3,2.38,6,2.46,0.6645223544548087,0.6391122547442908,0.526857510453522,0.869411386297845,0.6156320360244452,0.42682534577034414,0.5908652299774847,62.4,59.1,61.1
48067,"Cass County, Texas",Texas,28568,17.52,53813.0,6.39,18.91,0.2,2.85,7,2.45,0.7574782888388549,0.8092634287552267,0.8330652943068511,0.6764232872306207,0.17368928916050178,0.4892248311354133,0.5934384046317144,62.3,59.3,61.1
08125,"Yuma County, Colorado",Colorado,9979,17.93,60545.0,4.46,25.33,9.0,16.32,3,3.006,0.7748472177549051,0.6484400128658733,0.5091669347056932,0.3637825667417176,0.9729816661305886,0.9466066259247347,0.4741074300418141,70.3,47.4,61.1
35007,"Colfax County, New Mexico",New Mexico,12322,18.15,53554.0,3.76,25.4,2.2,4.26,3,2.435,0.783853329044709,0.81344483756835,0.3602444515921518,0.36153103891926663,0.7709874557735606,0.635574139594725,0.5969765197812802,62.1,59.7,61.1
29217,"Vernon County, Missouri",Missouri,19687,18.79,52230.0,4.22,16.57,1.0,2.19,5,2.54,0.8095850755870054,0.8423930524284335,0.4515921518173046,0.7941460276616276,0.5310389192666453,0.390800900611129,0.5731746542296559,63.7,57.3,61.1
48061,"Cameron County, Texas",Texas,426120,24.83,52601.0,5.91,22.08,16.0,23.17,178,4.177,0.9488581537471856,0.835316822129302,0.7832100353811515,0.5017690575747829,0.9926021228690898,0.9752331939530395,0.2682534577034416,83.9,26.8,61.1
51139,"Page County, Virginia",Virginia,23727,11.35,57037.0,5.52,15.25,0.0,3.09,4,1.686,0.3483435188163397,0.7404310067545835,0.7285300739787713,0.8597619813444838,0.0,0.518173045995497,0.7272434866516565,53.3,72.7,61.0
41057,"Tillamook County, Oregon",Oregon,27496,12.74,69105.0,4.48,26.2,1.7,5.14,4,1.455,0.45899002894821483,0.401736892891605,0.5133483435188163,0.33419105821807654,0.6960437439691219,0.6973303312962368,0.7504020585397234,51.7,75.0,61.0
30053,"Lincoln County, Montana",Montana,21175,15.44,47143.0,5.06,18.95,1.9,2.58,6,2.834,0.6432936635574139,0.9208748793824381,0.6400771952396269,0.6738501125763912,0.7301383081376649,0.45480862013509166,0.5098102283692506,67.7,51.0,61.0
45001,"Abbeville County, South Carolina",South Carolina,24420,15.66,52935.0,4.02,20.35,0.1,2.33,3,1.229,0.6551945963332261,0.8295271791572854,0.4155677066580894,0.5950466387906079,0.11997426825345771,0.4152460598263107,0.7680926342875523,50.5,76.8,61.0
19179,"Wapello County, Iowa",Iowa,35362,15.84,64766.0,4.29,19.61,4.0,9.93,10,2.828,0.6638790607912513,0.5249276294628498,0.4634930845931168,0.6349308459311676,0.8896751366999035,0.8735927951109682,0.511418462528144,67.5,51.1,61.0
48025,"Bee County, Texas",Texas,31083,17.6,57673.0,5.21,13.97,3.8,4.47,11,3.539,0.7610164039884207,0.72885172081055,0.6680604696043744,0.9092955934384046,0.8848504342232228,0.6503698938565455,0.3740752653586362,76.7,37.4,61.0
27029,"Clearwater County, Minnesota",Minnesota,8616,12.58,64475.0,7.67,19.84,0.4,1.07,0,0.0,0.4461241556770666,0.531360566098424,0.9166934705693149,0.6220649726600193,0.28208427146992604,0.15310389192666451,0.7857832100353811,49.2,78.6,60.9
37071,"Gaston County, North Carolina",North Carolina,234881,13.52,67478.0,4.76,26.49,2.2,6.37,47,2.001,0.5204245738179479,0.44001286587327115,0.5731746542296559,0.3258282405918302,0.7709874557735606,0.7616596976519782,0.6741717594081699,56.5,67.4,60.9
29015,"Benton County, Missouri",Missouri,20151,19.87,52567.0,3.78,14.96,0.5,0.93,4,1.985,0.8456095207462206,0.8362817626246382,0.36474750723705374,0.8739144419427468,0.3335477645545191,0.1254422643936957,0.6780315213895143,56.3,67.8,60.9
13069,"Coffee County, Georgia",Georgia,43347,23.15,50683.0,4.37,13.9,3.7,7.09,17,3.922,0.9266645223544548,0.8706979736249598,0.48665165648118364,0.9125120617561917,0.8819556127372146,0.7922161466709553,0.3052428433579929,81.2,30.5,60.9
45089,"Williamsburg County, South Carolina",South Carolina,30282,23.33,46213.0,3.96,17.4,0.8,2.28,8,2.642,0.9289160501769057,0.930845931167578,0.4033451270504986,0.752010292698617,0.46317143776133807,0.4062399485365069,0.5525892569958186,64.7,55.3,60.9
21147,"McCreary County, Kentucky",Kentucky,16867,38.86,33750.0,4.17,8.48,0.1,0.86,4,2.371,0.9971051785139916,0.9935670633644259,0.4422643936957221,0.9961402380186555,0.11997426825345771,0.10678674815053071,0.6095207462206498,60.9,61.0,60.9
29197,"Schuyler County, Missouri",Missouri,4038,8.56,61205.0,3.75,11.82,1.9,0.87,0,0.0,0.14924412994532005,0.6252814409778064,0.3583145706014796,0.9668703763267932,0.7301383081376649,0.1103248633000965,0.7857832100353811,49.0,78.6,60.8
06095,"Solano County, California",California,451918,9.99,100401.0,6.46,28.76,5.5,20.79,86,1.903,0.2479897073013831,0.05339337407526536,0.84078481826954,0.26407204889031843,0.9321325184946928,0.9655837889996783,0.6931489224831135,55.1,69.3,60.8
37023,"Burke County, North Carolina",North Carolina,87795,15.58,58592.0,4.38,21.01,2.0,5.32,23,2.62,0.6503698938565455,0.7050498552589257,0.48954647796719203,0.5577356063042779,0.7468639433901576,0.7053715020907044,0.5567706658089417,64.2,55.7,60.8
48123,"DeWitt County, Texas",Texas,20016,17.6,63730.0,3.72,16.87,2.1,3.52,5,2.498,0.7610164039884207,0.5484078481826954,0.34898681247989705,0.7761338050820199,0.7574782888388549,0.5667417175940817,0.5812158250241235,62.6,58.1,60.8
40015,"Caddo County, Oklahoma",Oklahoma,26447,18.3,55353.0,5.83,15.81,1.6,4.37,9,3.403,0.7915728530073979,0.7790286265680283,0.7690575747828884,0.8333869411386298,0.6767449340623994,0.6432936635574139,0.3969121904149244,74.9,39.7,60.8
46027,"Clay County, South Dakota",South Dakota,15219,19.73,56850.0,6.99,45.38,2.0,3.78,4,2.628,0.8411064651013187,0.745255709231264,0.8797040849147636,0.05339337407526536,0.7468639433901576,0.5899002894821486,0.5554840784818269,64.3,55.5,60.8
04011,"Greenlee County, Arizona",Arizona,9409,8.19,71164.0,2.33,20.87,6.9,7.92,0,0.0,0.12286908973946607,0.3557413959472499,0.1151495657767771,0.5673850112576391,0.9536828562238662,0.8163396590543583,0.7857832100353811,48.9,78.6,60.7
41031,"Jefferson County, Oregon",Oregon,25203,13.4,76260.0,8.06,21.17,1.3,6.88,6,2.381,0.5123834030234802,0.24348665165648117,0.9289160501769057,0.5496944355098102,0.6156320360244452,0.7835316822129302,0.6082341588935349,60.6,60.8,60.7
51001,"Accomack County, Virginia",Virginia,33335,13.92,58993.0,3.4,21.71,2.3,8.47,8,2.4,0.547764554519138,0.6905757478288839,0.2814409778063686,0.5194596333226118,0.7828883885493728,0.8340302348021872,0.6046960437439691,60.9,60.5,60.7
08057,"Jackson County, Colorado",Colorado,1372,14.64,47667.0,9.23,31.26,0.0,1.46,0,0.0,0.5963332261177228,0.9179800578964297,0.9575426182052107,0.21100032164683177,0.0,0.2483113541331618,0.7857832100353811,48.9,78.6,60.7
29203,"Shannon County, Missouri",Missouri,7177,18.03,55222.0,1.3,12.81,0.4,0.81,0,0.0,0.7812801543904793,0.783853329044709,0.03731103248633001,0.9430685107751688,0.28208427146992604,0.09585075587005468,0.7857832100353811,48.7,78.6,60.7
47183,"Weakley County, Tennessee",Tennessee,33016,19.04,51880.0,4.0,22.69,0.7,2.79,7,2.12,0.8173045995496945,0.8501125763911226,0.4100997105178514,0.4741074300418141,0.42039240913477,0.48214860083628175,0.6548729495014474,57.6,65.5,60.7
28161,"Yalobusha County, Mississippi",Mississippi,12419,21.51,49151.0,5.86,15.57,0.3,0.36,3,2.416,0.8883885493727887,0.8973946606625924,0.773882277259569,0.8449662270826632,0.22997748472177548,0.02541009971051785,0.6018012222579607,61.0,60.2,60.7
28077,"Lawrence County, Mississippi",Mississippi,11786,23.65,43531.0,9.17,13.19,0.0,0.08,3,2.545,0.9321325184946928,0.9540045030556449,0.9559343840463171,0.9327758121582502,0.0,0.004824702476680605,0.571888066902541,63.0,57.2,60.7
36089,"St. Lawrence County, New York",New York,107226,16.86,62850.0,5.26,25.31,0.5,3.67,20,1.865,0.7227404310067546,0.5770344162110003,0.6754583467352847,0.36506915406883245,0.3335477645545191,0.5786426503698938,0.7008684464458025,54.2,70.1,60.6
48141,"El Paso County, Texas",Texas,870779,18.75,59806.0,6.0,25.95,17.6,23.12,310,3.56,0.8086201350916693,0.667417175940817,0.7976841428111933,0.34448375683499516,0.9951752975233193,0.9745899002894821,0.3686072692183982,76.5,36.9,60.6
47003,"Bedford County, Tennessee",Tennessee,52237,12.61,67225.0,4.22,17.17,2.2,8.63,13,2.489,0.44934062399485364,0.4486973303312962,0.4515921518173046,0.7600514634930846,0.7709874557735606,0.8411064651013187,0.5831457060147958,62.0,58.3,60.5
31165,"Sioux County, Nebraska",Nebraska,1171,14.94,53929.0,1.75,22.36,2.0,1.2,0,0.0,0.6133805082019942,0.8076551945963333,0.06336442586040528,0.49051141846252816,0.7468639433901576,0.1839819877774204,0.7857832100353811,48.4,78.6,60.5
17183,"Vermilion County, Illinois",Illinois,72386,17.67,56877.0,6.14,19.23,0.7,1.8,18,2.487,0.7632679318108717,0.7439691219041492,0.8105500160823416,0.6571244773238983,0.42039240913477,0.32164683177870695,0.5837889996783532,61.9,58.4,60.5
54109,"Wyoming County, West Virginia",West Virginia,20629,22.58,48440.0,5.65,13.06,1.1,0.18,6,2.909,0.9137986490833065,0.9102605339337407,0.745255709231264,0.9356706336442586,0.5638468961080734,0.010292698616918623,0.4937278867803152,68.0,49.4,60.5
06069,"San Benito County, California",California,67290,6.67,114394.0,5.38,24.09,7.6,20.04,11,1.635,0.05242843357992924,0.022836925056288194,0.7015117401093599,0.4158893534898681,0.9581859118687681,0.9642972016725635,0.732068189128337,51.9,73.2,60.4
20067,"Grant County, Kansas",Kansas,7229,9.3,66476.0,0.69,25.12,3.3,25.02,0,0.0,0.20102926986169187,0.46735284657446124,0.01608234158893535,0.37118044387262783,0.8636217433258282,0.9807011900932776,0.7857832100353811,48.3,78.6,60.4
46025,"Clark County, South Dakota",South Dakota,3917,10.85,70726.0,3.96,19.72,1.9,2.66,0,0.0,0.3081376648440013,0.36474750723705374,0.4033451270504986,0.6272113219684786,0.7301383081376649,0.4663879060791251,0.7857832100353811,48.3,78.6,60.4
54073,"Pleasants County, West Virginia",West Virginia,7521,11.59,60932.0,8.55,14.06,0.0,0.48,0,0.0,0.36474750723705374,0.6362174332582824,0.9424252171116114,0.9060791251206176,0.0,0.04277902862656803,0.7857832100353811,48.2,78.6,60.4
51053,"Dinwiddie County, Virginia",Virginia,28191,11.66,83704.0,4.6,19.36,1.4,3.37,0,0.0,0.37214538436796396,0.1466709552910904,0.5419749115471213,0.6484400128658733,0.637825667417176,0.5503377291733677,0.7857832100353811,48.3,78.6,60.4
51141,"Patrick County, Virginia",Virginia,17512,11.67,53038.0,2.5,15.12,0.3,2.65,0,0.0,0.37246703119974267,0.8259890640077195,0.13669990350595046,0.8668382116436153,0.22997748472177548,0.4634930845931168,0.7857832100353811,48.3,78.6,60.4
48161,"Freestone County, Texas",Texas,20049,12.3,59960.0,3.04,16.54,1.0,5.43,4,1.995,0.425860405275008,0.6638790607912513,0.20874879382438083,0.7970408491476358,0.5310389192666453,0.7108394982309424,0.6764232872306207,55.6,67.6,60.4
55103,"Richland County, Wisconsin",Wisconsin,17205,14.54,66420.0,3.59,21.2,2.3,2.55,3,1.744,0.5889353489868124,0.4696043743969122,0.32196847861048566,0.5474429076873593,0.7828883885493728,0.4519137986490833,0.7195239626889676,52.7,72.0,60.4
47075,"Haywood County, Tennessee",Tennessee,17475,21.51,50472.0,5.87,14.45,0.5,1.52,5,2.861,0.8883885493727887,0.8742360887745255,0.7748472177549051,0.8957864265036989,0.3335477645545191,0.26182052106786746,0.5040205853972338,67.1,50.4,60.4
21135,"Lewis County, Kentucky",Kentucky,12965,22.03,46838.0,6.04,15.28,0.0,0.68,3,2.314,0.9031843036346092,0.9234480540366677,0.8015439047925378,0.8581537471855902,0.0,0.07237053715020907,0.6198134448375684,59.3,62.0,60.4
18087,"LaGrange County, Indiana",Indiana,40805,5.94,84487.0,4.24,11.53,6.4,2.32,5,1.225,0.031843036346091994,0.13991637182373753,0.45513026696687037,0.9710517851399164,0.9472499195882921,0.41202959150852364,0.7687359279511097,49.3,76.9,60.3
48213,"Henderson County, Texas",Texas,84862,14.73,65179.0,4.91,20.67,2.1,5.49,22,2.592,0.6024445159215182,0.5139916371823737,0.6091990993888711,0.5770344162110003,0.7574782888388549,0.7137343197169508,0.563203602444516,62.9,56.3,60.3
40031,"Comanche County, Oklahoma",Oklahoma,121825,18.09,60761.0,7.07,24.26,1.8,5.79,37,3.037,0.7828883885493728,0.6397555484078482,0.8845287873914442,0.4091347700225153,0.7140559665487295,0.7323898359601158,0.4663879060791251,69.4,46.6,60.3
21139,"Livingston County, Kentucky",Kentucky,8903,19.26,58984.0,4.21,14.72,0.0,0.44,0,0.0,0.8269540045030557,0.6912190414924413,0.44901897716307493,0.8842071405596655,0.0,0.037954326149887425,0.7857832100353811,48.2,78.6,60.3
40033,"Cotton County, Oklahoma",Oklahoma,5485,20.47,58425.0,3.48,23.1,0.6,1.19,0,0.0,0.8613702155033773,0.7089096172402701,0.2984882598906401,0.45738179478932134,0.38018655516243166,0.18173045995496945,0.7857832100353811,48.1,78.6,60.3
31095,"Jefferson County, Nebraska",Nebraska,7161,10.13,59044.0,1.17,20.21,2.6,2.82,0,0.0,0.25603087809585073,0.689289160501769,0.030556449018977163,0.6021228690897394,0.8118366034094564,0.48600836281762627,0.7857832100353811,47.9,78.6,60.2
51820,"Waynesboro city, Virginia",Virginia,22841,11.22,59994.0,5.09,25.69,1.6,6.69,5,2.189,0.33772917336764235,0.6625924734641364,0.6468317787069797,0.3550981022836925,0.6767449340623994,0.7745255709231265,0.6423287230620779,57.6,64.2,60.2
38051,"McIntosh County, North Dakota",North Dakota,2497,12.25,64419.0,3.07,20.95,1.0,4.04,0,0.0,0.42232229012544226,0.5329688002573174,0.21518173045995498,0.5606304277902863,0.5310389192666453,0.6130588613702155,0.7857832100353811,47.9,78.6,60.2
53051,"Pend Oreille County, Washington",Washington,14050,14.38,67436.0,6.08,20.93,0.1,2.06,0,0.0,0.5802508845287874,0.4416211000321647,0.8044387262785462,0.5619170151174011,0.11997426825345771,0.36989385654551304,0.7857832100353811,48.0,78.6,60.2
47077,"Henderson County, Tennessee",Tennessee,27980,16.85,55136.0,6.1,16.06,0.5,1.38,7,2.502,0.7220971373431971,0.7854615632036025,0.8070119009327759,0.8211643615310389,0.3335477645545191,0.22997748472177548,0.5805725313605661,61.7,58.1,60.2
54035,"Jackson County, West Virginia",West Virginia,27705,18.45,58845.0,5.15,19.61,0.4,2.07,6,2.166,0.7986490833065294,0.6960437439691219,0.6568028304921196,0.6349308459311676,0.28208427146992604,0.37214538436796396,0.6455451913798649,57.3,64.6,60.2
17103,"Lee County, Illinois",Illinois,33869,11.82,70292.0,5.21,19.37,1.0,2.24,5,1.476,0.3888710196204567,0.3756834995175298,0.6680604696043744,0.6471534255387584,0.5310389192666453,0.39755548407848185,0.749758764876166,50.1,75.0,60.1
18049,"Fulton County, Indiana",Indiana,20312,15.26,61360.0,6.81,16.93,0.6,2.07,5,2.462,0.6310710839498231,0.619170151174011,0.869411386297845,0.7725956899324542,0.38018655516243166,0.37214538436796396,0.590543583145706,60.7,59.1,60.1
21231,"Wayne County, Kentucky",Kentucky,19602,24.76,45739.0,5.75,13.9,1.6,1.74,7,3.571,0.9475715664200708,0.936313927307816,0.7584432293341911,0.9125120617561917,0.6767449340623994,0.30974589900289484,0.36635574139594723,75.7,36.6,60.1
40085,"Love County, Oklahoma",Oklahoma,10261,14.98,66580.0,5.24,16.62,1.9,6.5,3,2.924,0.6165969765197813,0.46445802508845285,0.6712769379221615,0.7909295593438405,0.7301383081376649,0.7664844001286587,0.4911547121260856,67.3,49.1,60.0
39047,"Fayette County, Ohio",Ohio,28876,15.53,63275.0,3.72,14.41,1.1,1.88,6,2.078,0.6484400128658733,0.5625603087809585,0.34898681247989705,0.896751366999035,0.5638468961080734,0.3367642328723062,0.6603409456416854,56.0,66.0,60.0
45037,"Edgefield County, South Carolina",South Carolina,27476,17.77,73029.0,4.78,23.31,1.8,4.0,6,2.184,0.7668060469604374,0.30974589900289484,0.5786426503698938,0.44773238983596014,0.7140559665487295,0.6082341588935349,0.6429720167256352,57.1,64.3,60.0
47041,"DeKalb County, Tennessee",Tennessee,20959,18.57,53153.0,5.64,20.82,2.1,4.84,7,3.34,0.8031521389514313,0.8234158893534899,0.7439691219041492,0.5693148922483113,0.7574782888388549,0.6777098745577356,0.4059183017047282,72.9,40.6,60.0
40041,"Delaware County, Oklahoma",Oklahoma,41279,18.96,56676.0,5.16,19.89,0.7,1.87,10,2.423,0.8144097780636861,0.7516886458668383,0.6600192988099067,0.619170151174011,0.42039240913477,0.33386941138629783,0.599228047603731,60.0,59.9,60.0
48021,"Bastrop County, Texas",Texas,106582,10.18,86226.0,4.28,24.99,5.4,13.22,18,1.689,0.26021228690897397,0.12705049855258926,0.4609199099388871,0.377613380508202,0.9298809906722418,0.9234480540366677,0.7266001929880991,51.3,72.7,59.9
42053,"Forest County, Pennsylvania",Pennsylvania,6715,11.93,52191.0,2.46,12.29,0.2,1.94,0,0.0,0.39723383724670314,0.8433579929237697,0.12962367320681892,0.9565776777098746,0.17368928916050178,0.3499517529752332,0.7857832100353811,47.5,78.6,59.9
18039,"Elkhart County, Indiana",Indiana,207132,12.4,68561.0,3.6,20.12,4.5,9.66,49,2.366,0.4342232229012544,0.41202959150852364,0.32486330009649406,0.6053393374075265,0.9067224187841749,0.8655516243165005,0.6114506272113219,59.1,61.1,59.9
37077,"Granville County, North Carolina",North Carolina,60877,15.18,71111.0,4.57,25.2,1.0,5.73,11,1.807,0.6265680283049212,0.35702798327436475,0.534577034416211,0.36989385654551304,0.5310389192666453,0.7275651334834352,0.7114827918944998,52.4,71.1,59.9
53027,"Grays Harbor County, Washington",Washington,77053,15.31,64414.0,7.01,18.15,1.7,5.57,24,3.115,0.633322611772274,0.5332904470890961,0.8806690254100997,0.7188806690254101,0.6960437439691219,0.7175940816982953,0.45255709231264074,69.7,45.3,59.9
05079,"Lincoln County, Arkansas",Arkansas,12950,15.35,51778.0,2.69,11.97,0.7,2.81,3,2.317,0.6375040205853972,0.8520424573817947,0.16018012222579608,0.9639755548407848,0.42039240913477,0.48504342232229014,0.6188485043422323,58.7,61.9,59.9
47123,"Monroe County, Tennessee",Tennessee,47695,15.47,56895.0,4.35,17.11,0.5,2.22,10,2.097,0.6452235445480862,0.7436474750723705,0.478610485686716,0.7619813444837569,0.3335477645545191,0.3956256030878096,0.6577677709874558,56.0,65.8,59.9
42087,"Mifflin County, Pennsylvania",Pennsylvania,46041,16.23,63953.0,2.66,14.93,1.5,1.22,8,1.738,0.6854293985204246,0.5439047925377936,0.15825024123512382,0.8755226761016404,0.6587327114827919,0.18977163074943712,0.7198456095207462,51.9,72.0,59.9
16003,"Adams County, Idaho",Idaho,4744,17.92,61808.0,7.45,21.61,0.0,0.46,0,0.0,0.7742039240913478,0.6085558057253136,0.9047925377935028,0.5242843357992923,0.0,0.03891926664522354,0.7857832100353811,47.5,78.6,59.9
36047,"Kings County, New York",New York,2631580,19.13,80263.0,7.92,42.11,14.6,35.28,754,2.865,0.8211643615310389,0.1839819877774204,0.9234480540366677,0.0688324220006433,0.9906722418784175,0.9971051785139916,0.5024123512383403,66.4,50.2,59.9
29059,"Dallas County, Missouri",Missouri,17551,20.49,53464.0,3.9,16.43,1.0,0.75,4,2.279,0.8620135091669348,0.8163396590543583,0.39273078160180125,0.8028304921196526,0.5310389192666453,0.08523641042135735,0.6252814409778064,58.2,62.5,59.9
37091,"Hertford County, North Carolina",North Carolina,19908,22.93,45537.0,5.97,16.58,2.2,4.03,8,4.018,0.9208748793824381,0.9382438082984883,0.7931810871662914,0.7935027339980701,0.7709874557735606,0.6120939208748793,0.289803795432615,80.5,29.0,59.9
22001,"Acadia Parish, Louisiana",Louisiana,56955,24.98,45562.0,7.72,13.94,0.8,1.21,19,3.336,0.9501447410743005,0.9379221614667096,0.9186233515599871,0.9112254744290769,0.46317143776133807,0.18559022193631391,0.4065615953682856,72.8,40.7,59.9
08001,"Adams County, Colorado",Colorado,530225,9.81,94571.0,4.63,29.02,4.5,15.63,76,1.433,0.2341588935348987,0.0733354776455452,0.5480862013509167,0.2605339337407527,0.9067224187841749,0.9437118044387263,0.7526535863621744,49.4,75.3,59.8
26117,"Montcalm County, Michigan",Michigan,67816,12.55,67344.0,5.03,16.02,0.8,2.29,13,1.917,0.4435509810228369,0.44515921518173046,0.6336442586040527,0.824380829848826,0.46317143776133807,0.4084914763589579,0.6896108073335477,53.6,69.0,59.8
12105,"Polk County, Florida",Florida,790694,14.47,65978.0,4.83,23.46,5.6,12.57,226,2.858,0.5844322933419106,0.49051141846252816,0.5918301704728208,0.441299453200386,0.9327758121582502,0.9157285300739788,0.50498552589257,65.9,50.5,59.8
21213,"Simpson County, Kentucky",Kentucky,19972,15.55,59858.0,3.56,18.79,1.5,1.76,4,2.003,0.6497266001929881,0.6664522354454808,0.3136056609842393,0.6815696365390801,0.6587327114827919,0.31457060147957544,0.6738501125763912,54.7,67.4,59.8
12023,"Columbia County, Florida",Florida,71789,16.67,59205.0,5.33,16.81,1.7,4.73,23,3.204,0.7121260855580572,0.686072692183982,0.69154068832422,0.7796719202315857,0.6960437439691219,0.6696687037632679,0.435831457060148,70.6,43.6,59.8
22083,"Richland Parish, Louisiana",Louisiana,19822,24.05,53544.0,8.89,17.59,0.2,0.58,5,2.522,0.936313927307816,0.8144097780636861,0.9482148600836282,0.7439691219041492,0.17368928916050178,0.057253136056609845,0.5776777098745577,61.2,57.8,59.8
20199,"Wallace County, Kansas",Kansas,1417,12.28,63207.0,1.33,24.54,2.8,3.6,0,0.0,0.4242521711161145,0.5638468961080734,0.03827597298166613,0.39755548407848185,0.8308137664844001,0.5751045352203281,0.7857832100353811,47.2,78.6,59.7
29125,"Maries County, Missouri",Missouri,8450,13.51,59455.0,4.79,16.27,0.2,0.62,0,0.0,0.5191379864908331,0.6770665808941781,0.5825024123512383,0.8095850755870054,0.17368928916050178,0.06400771952396268,0.7857832100353811,47.1,78.6,59.7
41033,"Josephine County, Oregon",Oregon,88179,15.59,60098.0,6.4,19.69,0.8,3.84,24,2.722,0.651013187520103,0.6600192988099067,0.8349951752975233,0.6297844966227083,0.46317143776133807,0.5940816982952718,0.534577034416211,63.9,53.5,59.7
51111,"Lunenburg County, Virginia",Virginia,12016,15.89,54842.0,3.56,11.6,0.4,4.07,3,2.497,0.6661305886137021,0.7906079125120618,0.3136056609842393,0.9700868446445803,0.28208427146992604,0.6182052106786748,0.5818591186876809,60.7,58.2,59.7
29143,"New Madrid County, Missouri",Missouri,15731,17.68,51881.0,3.37,14.45,0.4,0.97,3,1.907,0.763911225474429,0.8497909295593439,0.2753296880025732,0.8957864265036989,0.28208427146992604,0.1338050820199421,0.6921839819877774,53.3,69.2,59.7
54007,"Braxton County, West Virginia",West Virginia,12208,20.42,50331.0,9.36,14.38,0.0,0.1,3,2.457,0.8600836281762625,0.8764876165969765,0.9610807333547765,0.8977163074943711,0.0,0.005467996140238018,0.5915085236410421,60.0,59.2,59.7
02195,"Petersburg Borough, Alaska",Alaska,3409,6.97,75125.0,3.77,25.82,3.0,13.82,0,0.0,0.06304277902862657,0.265680283049212,0.36153103891926663,0.34963010614345447,0.8446445802508845,0.9298809906722418,0.7857832100353811,46.9,78.6,59.6
48361,"Orange County, Texas",Texas,85307,12.54,72104.0,6.03,17.71,1.5,3.18,20,2.344,0.4425860405275008,0.3319395303956256,0.8012222579607591,0.7375361852685751,0.6587327114827919,0.5271791572853007,0.6156320360244452,58.3,61.6,59.6
47171,"Unicoi County, Tennessee",Tennessee,17756,14.32,52218.0,4.34,21.26,0.1,1.48,0,0.0,0.5760694757156642,0.8427146992602123,0.4760373110324863,0.5451913798649083,0.11997426825345771,0.252492762946285,0.7857832100353811,46.9,78.6,59.6
53077,"Yakima County, Washington",Washington,257152,15.46,70656.0,7.33,19.15,8.4,18.21,92,3.578,0.6445802508845287,0.3660340945641685,0.8993245416532647,0.6609842393052429,0.9694435509810229,0.9559343840463171,0.3657124477323898,74.9,36.6,59.6
01075,"Lamar County, Alabama",Alabama,13693,18.0,50000.0,5.47,12.05,0.0,0.53,3,2.191,0.7783853329044709,0.8822772595689933,0.7204889031843036,0.9623673206818912,0.0,0.04985525892569958,0.6416854293985205,56.6,64.2,59.6
29133,"Mississippi County, Missouri",Missouri,11902,19.04,48160.0,2.74,14.74,0.0,0.42,0,0.0,0.8173045995496945,0.912190414924413,0.16982952717915728,0.8832422000643294,0.0,0.03441621100032165,0.7857832100353811,46.9,78.6,59.6
21221,"Trigg County, Kentucky",Kentucky,14315,20.6,59857.0,4.17,21.74,0.1,1.28,0,0.0,0.8658732711482792,0.6667738822772595,0.4422643936957221,0.518173045995497,0.11997426825345771,0.20488903184303633,0.7857832100353811,47.0,78.6,59.6
20187,"Stanton County, Kansas",Kansas,2038,1.49,71700.0,1.75,24.18,20.0,33.86,0,0.0,0.000321646831778707,0.3406239948536507,0.06336442586040528,0.41299453200385977,0.9971051785139916,0.9954969443550981,0.7857832100353811,46.8,78.6,59.5
38021,"Dickey County, North Dakota",North Dakota,4935,11.75,68654.0,4.12,28.93,2.1,3.55,0,0.0,0.3814731424895465,0.40945641685429396,0.4310067545834674,0.26117722740431004,0.7574782888388549,0.5706014795754262,0.7857832100353811,46.9,78.6,59.5
29169,"Pulaski County, Missouri",Missouri,53894,12.67,64466.0,4.72,25.81,0.8,4.84,9,1.67,0.45416532647153424,0.5320038597619814,0.5615953682856224,0.3505950466387906,0.46317143776133807,0.6777098745577356,0.72885172081055,50.7,72.9,59.5
20039,"Decatur County, Kansas",Kansas,2726,12.73,53870.0,4.11,26.96,0.7,2.13,0,0.0,0.45770344162110005,0.8082984882598906,0.4287552267610164,0.3136056609842393,0.42039240913477,0.38050820199421037,0.7857832100353811,46.8,78.6,59.5
47107,"McMinn County, Tennessee",Tennessee,54884,12.96,61470.0,4.86,18.62,0.8,2.32,11,2.004,0.4789321325184947,0.6149887423608877,0.5985847539401737,0.6873592795110968,0.46317143776133807,0.41202959150852364,0.6732068189128337,54.3,67.3,59.5
54093,"Tucker County, West Virginia",West Virginia,6654,15.34,53358.0,6.07,23.6,0.0,0.87,0,0.0,0.6368607269218398,0.8179478932132519,0.8037954326149888,0.43550981022836927,0.0,0.1103248633000965,0.7857832100353811,46.7,78.6,59.5
05021,"Clay County, Arkansas",Arkansas,14280,17.19,51481.0,6.3,15.28,0.0,0.47,3,2.101,0.7391444194274687,0.8571888066902541,0.8237375361852686,0.8581537471855902,0.0,0.04052750080411708,0.657446124155677,55.3,65.7,59.5
47063,"Hamblen County, Tennessee",Tennessee,65669,18.35,55454.0,5.26,20.03,3.7,7.96,24,3.655,0.794789321325185,0.7761338050820199,0.6754583467352847,0.6124155677066581,0.8819556127372146,0.8182695400450306,0.34802187198456097,76.0,34.8,59.5
13019,"Berrien County, Georgia",Georgia,18352,20.58,52876.0,3.67,15.75,0.3,1.58,4,2.18,0.8652299774847217,0.829848825989064,0.340302348021872,0.837568349951753,0.22997748472177548,0.276616275329688,0.6432936635574139,56.3,64.3,59.5
02063,"Chugach Census Area, Alaska",Alaska,6862,5.88,90509.0,9.47,31.41,2.2,5.84,0,0.0,0.03087809585075587,0.0923126407204889,0.9620456738501125,0.2071405596654873,0.7709874557735606,0.7352846574461241,0.7857832100353811,46.6,78.6,59.4
19173,"Taylor County, Iowa",Iowa,5868,11.01,67740.0,2.95,16.01,0.9,3.19,0,0.0,0.31553554197491157,0.43229334191058216,0.19556127372145385,0.8256674171759408,0.4985525892569958,0.529109038275973,0.7857832100353811,46.6,78.6,59.4
05081,"Little River County, Arkansas",Arkansas,11821,15.53,53344.0,7.32,17.17,0.8,0.58,3,2.538,0.6484400128658733,0.8182695400450306,0.899002894821486,0.7600514634930846,0.46317143776133807,0.057253136056609845,0.5738179478932133,60.8,57.4,59.4
48093,"Comanche County, Texas",Texas,13950,16.16,59635.0,6.21,21.36,4.3,9.95,5,3.584,0.6818912833708588,0.6715985847539402,0.8156963653908009,0.540045030556449,0.9002894821486008,0.8755226761016404,0.3637825667417176,74.8,36.4,59.4
48119,"Delta County, Texas",Texas,5438,11.36,66575.0,4.28,14.92,0.6,1.49,0,0.0,0.34930845931167576,0.46477967192023156,0.4609199099388871,0.8761659697651978,0.38018655516243166,0.25442264393695724,0.7857832100353811,46.4,78.6,59.3
17091,"Kankakee County, Illinois",Illinois,106635,12.2,71281.0,4.94,21.18,1.6,5.74,23,2.157,0.41717594081698295,0.3531682212930203,0.614667095529109,0.5490511418462528,0.6767449340623994,0.7282084271469926,0.646510131875201,55.7,64.7,59.3
36073,"Orleans County, New York",New York,39608,12.75,65969.0,5.09,17.92,1.0,3.54,9,2.272,0.45995496944355097,0.49083306529430687,0.6468317787069797,0.7272434866516565,0.5310389192666453,0.5699581859118688,0.6262463814731425,57.1,62.6,59.3
55057,"Juneau County, Wisconsin",Wisconsin,26689,13.01,67270.0,3.78,16.87,0.8,2.33,4,1.499,0.48247024766806046,0.4470890961724027,0.36474750723705374,0.7761338050820199,0.46317143776133807,0.4152460598263107,0.745255709231264,49.1,74.5,59.3
54091,"Taylor County, West Virginia",West Virginia,16487,13.86,57795.0,7.51,20.49,0.0,0.38,0,0.0,0.5445480862013509,0.7237053715020907,0.9092955934384046,0.5860405275008042,0.0,0.0276616275329688,0.7857832100353811,46.5,78.6,59.3
37051,"Cumberland County, North Carolina",North Carolina,338545,16.7,61291.0,7.64,27.82,2.0,6.76,103,3.042,0.7140559665487295,0.6211000321646831,0.914441942746864,0.2904470890961724,0.7468639433901576,0.779350273399807,0.4657446124155677,67.8,46.6,59.3
20165,"Rush County, Kansas",Kansas,2947,11.14,59970.0,3.6,21.21,2.1,1.09,0,0.0,0.3303312962367321,0.6635574139594725,0.32486330009649406,0.5471212608555805,0.7574782888388549,0.15792859440334514,0.7857832100353811,46.4,78.6,59.2
18001,"Adams County, Indiana",Indiana,36227,11.16,65289.0,2.8,16.16,3.8,1.58,6,1.656,0.3316178835638469,0.5130266966870376,0.17722740431006753,0.8144097780636861,0.8848504342232228,0.276616275329688,0.7301383081376649,50.0,73.0,59.2
48373,"Polk County, Texas",Texas,52800,17.46,62259.0,8.08,16.17,1.2,4.48,18,3.409,0.7539401736892891,0.5940816982952718,0.9298809906722418,0.8140881312319074,0.5895786426503699,0.6516564811836604,0.3965905435831457,72.2,39.7,59.2
28147,"Walthall County, Mississippi",Mississippi,13839,18.77,48905.0,6.63,12.94,0.1,1.71,4,2.89,0.8092634287552267,0.9018977163074944,0.8549372788678031,0.9401736892891605,0.11997426825345771,0.30459954969443553,0.4982309424252171,65.5,49.8,59.2
26107,"Mecosta County, Michigan",Michigan,41242,19.86,60951.0,3.98,22.45,0.4,2.03,7,1.697,0.8449662270826632,0.6349308459311676,0.40720488903184304,0.48665165648118364,0.28208427146992604,0.36474750723705374,0.7253136056609842,50.3,72.5,59.2
53015,"Cowlitz County, Washington",Washington,112360,12.2,76531.0,5.91,17.62,1.6,4.27,27,2.403,0.41717594081698295,0.23834030234802187,0.7832100353811515,0.7423608877452557,0.6767449340623994,0.6362174332582824,0.6043743969121904,58.2,60.4,59.1
05105,"Perry County, Arkansas",Arkansas,10101,14.24,55764.0,4.13,16.47,0.0,1.23,0,0.0,0.5706014795754262,0.7703441621100032,0.4326149887423609,0.8005789642972017,0.0,0.194274686394339,0.7857832100353811,46.1,78.6,59.1
29013,"Bates County, Missouri",Missouri,16186,15.86,60733.0,5.94,14.77,0.7,1.08,4,2.471,0.6654872949501447,0.6416854293985205,0.7877130910260534,0.8813123190736571,0.42039240913477,0.15567706658089417,0.5886137021550337,59.2,58.9,59.1
22059,"LaSalle Parish, Louisiana",Louisiana,14789,16.01,68497.0,4.88,13.08,0.9,0.89,3,2.029,0.6741717594081699,0.4136378256674172,0.6030878095850756,0.9347056931489225,0.4985525892569958,0.1151495657767771,0.6683821164361531,54.0,66.8,59.1
18177,"Wayne County, Indiana",Indiana,66397,17.89,55692.0,5.42,20.45,1.2,2.61,19,2.862,0.7716307494371181,0.7719523962688968,0.7089096172402701,0.5892569958185911,0.5895786426503699,0.45899002894821483,0.5036989385654551,64.8,50.4,59.1
32033,"White Pine County, Nevada",Nevada,8735,8.19,72865.0,4.02,12.36,0.7,3.24,0,0.0,0.12286908973946607,0.3126407204889032,0.4155677066580894,0.9546477967192023,0.42039240913477,0.534577034416211,0.7857832100353811,46.0,78.6,59.0
48147,"Fannin County, Texas",Texas,37326,13.75,72295.0,4.99,19.48,1.6,4.93,9,2.411,0.5355419749115471,0.327114827918945,0.6243165004824702,0.6416854293985205,0.6767449340623994,0.6847861048568672,0.6027661627532969,58.2,60.3,59.0
48335,"Mitchell County, Texas",Texas,9018,13.8,60550.0,5.3,11.5,2.8,3.76,3,3.327,0.5397233837246703,0.6477967192023159,0.6844644580250885,0.9716950788034738,0.8308137664844001,0.5876487616596977,0.40977806368607267,71.0,41.0,59.0
47139,"Polk County, Tennessee",Tennessee,17898,13.95,62522.0,5.28,16.56,0.0,1.01,0,0.0,0.5513026696687038,0.5866838211643616,0.6809263428755227,0.7944676744934063,0.0,0.14216789964618848,0.7857832100353811,45.9,78.6,59.0
01129,"Washington County, Alabama",Alabama,15143,17.11,61042.0,4.86,16.96,0.0,0.28,0,0.0,0.7352846574461241,0.6323576712769379,0.5985847539401737,0.7706658089417819,0.0,0.0183338694113863,0.7857832100353811,45.9,78.6,59.0
21001,"Adair County, Kentucky",Kentucky,19089,18.39,53553.0,6.82,21.76,1.0,3.69,6,3.143,0.7976841428111933,0.8137664844001287,0.8697330331296237,0.5175297523319395,0.5310389192666453,0.5808941781923448,0.4470890961724027,68.5,44.7,59.0
13061,"Clay County, Georgia",Georgia,2850,21.02,49147.0,4.5,23.42,0.0,0.32,0,0.0,0.8787391444194275,0.8980379543261499,0.5191379864908331,0.4419427468639434,0.0,0.02122869089739466,0.7857832100353811,46.0,78.6,59.0
26073,"Isabella County, Michigan",Michigan,64565,21.9,55237.0,6.39,31.32,0.7,3.28,17,2.633,0.9006111289803795,0.7835316822129302,0.8330652943068511,0.2081055001608234,0.42039240913477,0.5403666773882277,0.5545191379864909,61.4,55.5,59.0
22087,"St. Bernard Parish, Louisiana",Louisiana,44419,22.96,58651.0,7.57,17.6,2.1,5.67,18,4.052,0.9215181730459955,0.7034416211000322,0.9112254744290769,0.7433258282405918,0.7574782888388549,0.7237053715020907,0.28465744612415567,79.3,28.5,59.0
26001,"Alcona County, Michigan",Michigan,10397,12.31,54993.0,4.49,21.41,0.1,2.0,0,0.0,0.42746863943390156,0.7867481505307172,0.5155998713412673,0.5368285622386619,0.11997426825345771,0.3612093920874879,0.7857832100353811,45.8,78.6,58.9
18041,"Fayette County, Indiana",Indiana,23334,17.86,59321.0,3.41,16.05,0.8,1.57,5,2.143,0.7700225152782245,0.6828562238661949,0.28433579929237696,0.8214860083628176,0.46317143776133807,0.27436474750723705,0.6490833065294307,54.9,64.9,58.9
13149,"Heard County, Georgia",Georgia,11773,17.92,65868.0,4.28,12.81,0.0,0.66,0,0.0,0.7742039240913478,0.49501447410743005,0.4609199099388871,0.9430685107751688,0.0,0.0688324220006433,0.7857832100353811,45.7,78.6,58.9
29223,"Wayne County, Missouri",Missouri,10862,25.72,47226.0,7.34,12.69,0.0,0.61,3,2.762,0.9585075587005468,0.9199099388871019,0.9002894821486008,0.9469282727565134,0.0,0.06272113219684786,0.5255709231264072,63.1,52.6,58.9
36045,"Jefferson County, New York",New York,115040,13.68,66301.0,5.88,26.45,1.2,4.6,26,2.26,0.5294306851077517,0.4753940173689289,0.7767770987455773,0.327114827918945,0.5895786426503699,0.6603409456416854,0.630106143454487,56.0,63.0,58.8
37085,"Harnett County, North Carolina",North Carolina,139150,13.75,71287.0,4.69,24.47,1.6,6.53,30,2.156,0.5355419749115471,0.35252492762946286,0.5561273721453843,0.39916371823737534,0.6767449340623994,0.7677709874557735,0.6471534255387584,54.8,64.7,58.8
06045,"Mendocino County, California",California,90244,15.36,68092.0,9.02,25.15,3.1,12.17,29,3.214,0.6387906079125121,0.4239305242843358,0.9507880347378578,0.37053715020907046,0.8504342232229013,0.9109038275972982,0.43454486973303313,69.1,43.5,58.8
37171,"Surry County, North Carolina",North Carolina,71425,16.82,55656.0,4.38,20.39,1.8,6.1,22,3.08,0.7198456095207462,0.7722740431006755,0.48954647796719203,0.5931167577999357,0.7140559665487295,0.747507237053715,0.4605982631071084,67.3,46.1,58.8
40111,"Okmulgee County, Oklahoma",Oklahoma,36899,18.02,54029.0,7.26,17.69,0.5,1.14,10,2.71,0.7806368607269218,0.8060469604374397,0.8951431328401416,0.7381794789321325,0.3335477645545191,0.16950788034737857,0.5384367963975555,62.1,53.8,58.8
21225,"Union County, Kentucky",Kentucky,13260,18.44,60327.0,2.69,13.09,0.1,0.65,0,0.0,0.7983274364747507,0.65422965583789,0.16018012222579608,0.9340623994853651,0.11997426825345771,0.06722418784174976,0.7857832100353811,45.6,78.6,58.8
20101,"Lane County, Kansas",Kansas,1461,6.95,54526.0,0.45,24.41,1.7,6.37,0,0.0,0.06272113219684786,0.7960759086522998,0.009327758121582503,0.401736892891605,0.6960437439691219,0.7616596976519782,0.7857832100353811,45.5,78.6,58.7
06065,"Riverside County, California",California,2478600,10.62,93074.0,6.5,25.57,6.4,21.94,605,2.441,0.2907687359279511,0.08009006111289804,0.8443229334191058,0.3583145706014796,0.9472499195882921,0.9688002573174654,0.5963332261177228,58.2,59.6,58.7
21191,"Pendleton County, Kentucky",Kentucky,14723,15.91,64669.0,4.52,15.36,0.0,1.07,0,0.0,0.6677388227725957,0.5262142167899646,0.5239626889675136,0.8536506915406883,0.0,0.15310389192666451,0.7857832100353811,45.4,78.6,58.7
13025,"Brantley County, Georgia",Georgia,18315,17.08,58239.0,2.8,14.53,0.0,1.3,0,0.0,0.7327114827918945,0.7127693792216147,0.17722740431006753,0.891283370858797,0.0,0.20939208748793825,0.7857832100353811,45.4,78.6,58.7
22003,"Allen Parish, Louisiana",Louisiana,22477,23.07,46469.0,9.79,11.89,0.2,5.97,9,4.004,0.9237697008684465,0.9279511096815697,0.9668703763267932,0.9655837889996783,0.17368928916050178,0.742039240913477,0.2933419105821808,78.3,29.3,58.7
29045,"Clark County, Missouri",Missouri,6675,11.2,51781.0,5.03,14.88,0.0,0.25,0,0.0,0.3361209392087488,0.851720810550016,0.6336442586040527,0.87809585075587,0.0,0.01576069475715664,0.7857832100353811,45.3,78.6,58.6
39077,"Huron County, Ohio",Ohio,58319,13.21,67878.0,4.54,16.68,1.0,1.68,11,1.886,0.4991958829205532,0.43004181408813125,0.5284657446124156,0.7886780315213895,0.5310389192666453,0.2988099067224188,0.6966870376326794,51.3,69.7,58.6
13249,"Schley County, Georgia",Georgia,4513,13.89,56875.0,7.61,22.19,0.0,0.33,0,0.0,0.545513026696687,0.7442907687359279,0.9131553554197491,0.49565776777098747,0.0,0.022836925056288194,0.7857832100353811,45.4,78.6,58.6
42035,"Clinton County, Pennsylvania",Pennsylvania,37798,14.81,60816.0,5.64,21.5,0.4,1.43,7,1.852,0.6072692183981988,0.6381473142489547,0.7439691219041492,0.5307172724348665,0.28208427146992604,0.24091347700225152,0.7031199742682535,50.7,70.3,58.6
05127,"Scott County, Arkansas",Arkansas,9816,18.73,43270.0,6.17,13.0,1.1,4.59,4,4.075,0.8079768414281119,0.954969443550981,0.8121582502412351,0.9372788678031522,0.5638468961080734,0.6600192988099067,0.2807976841428112,78.9,28.1,58.6
51620,"Franklin city, Virginia",Virginia,8250,19.35,63245.0,7.93,27.31,0.0,0.81,0,0.0,0.8292055323255066,0.563203602444516,0.9240913477002252,0.30202637504020585,0.0,0.09585075587005468,0.7857832100353811,45.2,78.6,58.6
54053,"Mason County, West Virginia",West Virginia,25043,19.4,49761.0,3.81,16.29,0.0,0.25,4,1.597,0.8304921196526214,0.8861370215503377,0.37118044387262783,0.8086201350916693,0.0,0.01576069475715664,0.7359279511096816,48.5,73.6,58.6
21133,"Letcher County, Kentucky",Kentucky,20808,24.35,41793.0,6.15,12.48,0.1,0.66,6,2.884,0.9424252171116114,0.965905435831457,0.8108716629141203,0.9523962688967513,0.11997426825345771,0.0688324220006433,0.49951752975233193,64.3,50.0,58.6
21203,"Rockcastle County, Kentucky",Kentucky,16163,25.64,48862.0,4.57,13.75,0.2,0.37,4,2.475,0.957220971373432,0.9028626568028305,0.534577034416211,0.9173367642328724,0.17368928916050178,0.02637504020585397,0.587327114827919,58.5,58.7,58.6
47129,"Morgan County, Tennessee",Tennessee,21361,15.15,65954.0,5.08,13.56,0.0,1.0,3,1.404,0.6233515599871341,0.49179800578964294,0.6452235445480862,0.9237697008684465,0.0,0.14023801865551624,0.7571566420070762,47.1,75.7,58.5
29225,"Webster County, Missouri",Missouri,40500,15.24,71155.0,3.85,18.34,0.7,1.63,5,1.235,0.630106143454487,0.3560630427790286,0.3811514956577678,0.7053715020907044,0.42039240913477,0.28723062077838535,0.7674493406239948,46.3,76.7,58.5
40079,"Le Flore County, Oklahoma",Oklahoma,49053,19.37,51565.0,5.21,15.42,1.0,3.59,17,3.466,0.829848825989064,0.856223866194918,0.6680604696043744,0.8504342232229013,0.5310389192666453,0.5738179478932133,0.38533290447089097,71.8,38.5,58.5
45031,"Darlington County, South Carolina",South Carolina,62558,21.09,48581.0,6.65,19.86,0.6,1.87,19,3.037,0.8800257317465423,0.907687359279511,0.8568671598584754,0.6211000321646831,0.38018655516243166,0.33386941138629783,0.4663879060791251,66.3,46.6,58.5
22029,"Concordia Parish, Louisiana",Louisiana,18174,31.82,39943.0,11.7,17.2,0.1,1.98,6,3.301,0.9848825989064007,0.9781280154390479,0.9852042457381794,0.7568349951752975,0.11997426825345771,0.3583145706014796,0.41653264715342553,69.7,41.7,58.5
48257,"Kaufman County, Texas",Texas,172604,9.68,89485.0,5.31,26.5,2.9,11.39,33,1.912,0.22322290125442265,0.10067545834673529,0.6873592795110968,0.32422000643293664,0.8378899967835317,0.9015760694757157,0.6912190414924413,51.2,69.1,58.4
18023,"Clinton County, Indiana",Indiana,32944,9.85,65019.0,2.61,16.5,3.9,9.09,8,2.428,0.23834030234802187,0.5188163396590544,0.14827918944998392,0.7986490833065294,0.8867803152138951,0.8530073978771309,0.598263107108395,57.4,59.8,58.4
20031,"Coffey County, Kansas",Kansas,8308,10.74,70346.0,6.4,19.68,0.6,1.17,0,0.0,0.3000964940495336,0.37471855902219364,0.8349951752975233,0.6307494371180444,0.38018655516243166,0.1749758764876166,0.7857832100353811,44.9,78.6,58.4
47011,"Bradley County, Tennessee",Tennessee,111065,12.69,66552.0,6.57,24.44,1.7,5.89,29,2.611,0.45513026696687037,0.4651013187520103,0.85075587005468,0.4007719523962689,0.6960437439691219,0.7378578321003538,0.5593438404631714,60.1,55.9,58.4
18083,"Knox County, Indiana",Indiana,36007,13.69,61237.0,3.12,19.07,1.8,1.91,7,1.944,0.5310389192666453,0.6239948536506915,0.22611772274043102,0.6661305886137021,0.7140559665487295,0.34384046317143774,0.6844644580250885,51.8,68.4,58.4
22099,"St. Martin Parish, Louisiana",Louisiana,51353,15.26,55960.0,4.0,16.76,2.4,1.83,14,2.726,0.6310710839498231,0.7658411064651013,0.4100997105178514,0.783853329044709,0.7918944998391766,0.3264715342553876,0.5339337407526535,61.8,53.4,58.4
47109,"McNairy County, Tennessee",Tennessee,25970,16.52,53473.0,5.81,13.04,0.4,1.14,7,2.695,0.7044065615953683,0.8160180122225796,0.7668060469604374,0.9366355741395948,0.28208427146992604,0.16950788034737857,0.5416532647153426,61.3,54.2,58.4
01061,"Geneva County, Alabama",Alabama,26887,19.18,52771.0,5.63,13.24,0.9,2.25,9,3.347,0.8227725956899324,0.8321003538115149,0.7413959472499196,0.9318108716629141,0.4985525892569958,0.39980701190093276,0.40431006754583465,70.4,40.4,58.4
48463,"Uvalde County, Texas",Texas,24881,22.17,53801.0,4.3,19.79,9.7,10.92,10,4.019,0.9064007719523963,0.8099067224187841,0.4663879060791251,0.6239948536506915,0.9765197812801544,0.8948214860083629,0.28948214860083626,78.0,28.9,58.4
01131,"Wilcox County, Alabama",Alabama,10172,28.2,40640.0,11.76,12.95,0.0,0.39,3,2.949,0.9720167256352525,0.973624959794146,0.9855258925699582,0.9395303956256031,0.0,0.030234802187198456,0.48600836281762627,65.0,48.6,58.4
31029,"Chase County, Nebraska",Nebraska,3671,7.48,68173.0,1.89,24.14,4.5,7.0,0,0.0,0.08555805725313606,0.42167899646188484,0.07430041814088131,0.4146027661627533,0.9067224187841749,0.7889996783531682,0.7857832100353811,44.9,78.6,58.3
48187,"Guadalupe County, Texas",Texas,183642,9.31,92375.0,4.76,31.43,3.0,7.51,19,1.035,0.2016725635252493,0.0833065294306851,0.5731746542296559,0.20617561917015118,0.8446445802508845,0.8031521389514313,0.7787069797362496,45.2,77.9,58.3
53013,"Columbia County, Washington",Washington,4014,9.31,71810.0,3.87,24.92,1.7,5.01,0,0.0,0.2016725635252493,0.3383724670311997,0.3866194917980058,0.38018655516243166,0.6960437439691219,0.6873592795110968,0.7857832100353811,44.8,78.6,58.3
48199,"Hardin County, Texas",Texas,57642,12.09,75808.0,5.43,20.98,1.0,2.26,9,1.561,0.4091347700225153,0.25152782245094885,0.7118044387262785,0.5590221936313927,0.5310389192666453,0.40270183338694115,0.7401093599228048,47.8,74.0,58.3
16087,"Washington County, Idaho",Idaho,11142,15.28,54000.0,5.24,20.63,5.4,6.35,4,3.59,0.6323576712769379,0.8063686072692184,0.6712769379221615,0.5789642972016725,0.9298809906722418,0.7610164039884207,0.3628176262463815,73.0,36.3,58.3
06113,"Yolo County, California",California,220564,16.69,91752.0,6.12,44.81,6.0,20.97,57,2.584,0.7130910260533934,0.0871662914120296,0.808941781923448,0.055001608234158894,0.9411386297844966,0.9665487294950145,0.5644901897716308,59.5,56.4,58.3
13285,"Troup County, Georgia",Georgia,70330,16.9,56776.0,5.3,23.76,1.6,4.53,21,2.986,0.7240270183338694,0.7478288838854937,0.6844644580250885,0.4310067545834674,0.6767449340623994,0.6561595368285622,0.47796719202315857,65.3,47.8,58.3
48297,"Live Oak County, Texas",Texas,11620,17.06,57150.0,5.88,15.92,4.6,8.67,5,4.303,0.7311032486330009,0.7375361852685751,0.7767770987455773,0.8295271791572854,0.9102605339337407,0.8423930524284335,0.25184946928272756,80.5,25.2,58.3
47025,"Claiborne County, Tennessee",Tennessee,32466,17.36,49379.0,4.5,18.22,0.2,1.24,7,2.156,0.7494371180443873,0.8928916050176906,0.5191379864908331,0.7130910260533934,0.17368928916050178,0.19652621421678995,0.6471534255387584,54.1,64.7,58.3
21177,"Muhlenberg County, Kentucky",Kentucky,30591,18.37,51927.0,5.66,14.66,0.0,1.77,8,2.615,0.7963975554840785,0.8475394017368929,0.7468639433901576,0.8874236088774525,0.0,0.3158571888066903,0.558700546799614,59.9,55.9,58.3
08071,"Las Animas County, Colorado",Colorado,14413,18.71,52074.0,5.64,19.29,1.8,3.18,5,3.469,0.8070119009327759,0.8449662270826632,0.7439691219041492,0.6522997748472178,0.7140559665487295,0.5271791572853007,0.38436796397555484,71.5,38.4,58.3
02275,"Wrangell City and Borough, Alaska",Alaska,2088,12.09,63750.0,4.33,21.38,0.0,5.46,0,0.0,0.4091347700225153,0.5480862013509167,0.47282084271469926,0.5381151495657768,0.0,0.7118044387262785,0.7857832100353811,44.7,78.6,58.2
21183,"Ohio County, Kentucky",Kentucky,23735,12.54,57798.0,5.04,13.86,0.7,2.12,6,2.528,0.4425860405275008,0.723383724670312,0.6358957864265037,0.9137986490833065,0.42039240913477,0.37954326149887424,0.5760694757156642,58.6,57.6,58.2
29147,"Nodaway County, Missouri",Missouri,20774,17.09,59315.0,2.4,27.9,1.3,2.09,3,1.444,0.7336764232872306,0.6838211643615311,0.12061756191701511,0.2881955612737215,0.6156320360244452,0.3756834995175298,0.7513669990350595,47.0,75.1,58.2
39015,"Brown County, Ohio",Ohio,43845,19.6,71270.0,4.93,15.71,0.2,0.61,7,1.597,0.837568349951753,0.3538115149565777,0.6130588613702155,0.8394982309424253,0.17368928916050178,0.06272113219684786,0.7359279511096816,48.0,73.6,58.2
22093,"St. James Parish, Louisiana",Louisiana,19528,11.09,65531.0,4.12,19.49,1.3,1.78,3,1.536,0.32422000643293664,0.5053071727243487,0.4310067545834674,0.6413637825667418,0.6156320360244452,0.3174654229655838,0.7426825345770344,47.2,74.3,58.1
39171,"Williams County, Ohio",Ohio,36719,12.75,61048.0,4.05,13.67,0.3,1.36,6,1.634,0.45995496944355097,0.6317143776133806,0.4187841749758765,0.9192666452235445,0.22997748472177548,0.22450948858153746,0.7323898359601158,48.1,73.2,58.1
55077,"Marquette County, Wisconsin",Wisconsin,15746,13.05,65681.0,2.71,16.22,0.6,1.8,0,0.0,0.48472177549051143,0.49983917658411064,0.16307494371180445,0.8124798970730138,0.38018655516243166,0.32164683177870695,0.7857832100353811,44.4,78.6,58.1
40113,"Osage County, Oklahoma",Oklahoma,45997,13.09,62847.0,5.34,22.73,0.3,1.43,5,1.087,0.4882598906400772,0.577356063042779,0.6944355098102284,0.47282084271469926,0.22997748472177548,0.24091347700225152,0.7761338050820199,45.1,77.6,58.1
37009,"Ashe County, North Carolina",North Carolina,26950,13.49,56866.0,4.8,25.94,1.2,2.83,6,2.226,0.518173045995497,0.7449340623994853,0.5847539401736893,0.34480540366677387,0.5895786426503699,0.48761659697651977,0.635574139594725,54.5,63.6,58.1
36025,"Delaware County, New York",New York,44487,14.41,63337.0,6.45,27.59,1.0,4.41,11,2.473,0.5825024123512383,0.5612737214538437,0.8394982309424253,0.295271791572853,0.5310389192666453,0.646510131875201,0.5879704084914763,57.6,58.8,58.1
17125,"Mason County, Illinois",Illinois,12745,14.83,62845.0,4.86,17.05,0.0,0.91,0,0.0,0.6082341588935349,0.5776777098745577,0.5985847539401737,0.7655194596333226,0.0,0.11868768092634288,0.7857832100353811,44.5,78.6,58.1
28129,"Smith County, Mississippi",Mississippi,14132,17.05,60916.0,4.45,15.61,2.8,1.33,4,2.83,0.7307816018012222,0.6368607269218398,0.50498552589257,0.8440012865873271,0.8308137664844001,0.21839819877774205,0.5110968156963653,62.8,51.1,58.1
37145,"Person County, North Carolina",North Carolina,39542,17.49,63300.0,5.58,19.34,0.9,3.13,11,2.782,0.755226761016404,0.5622386619491798,0.7362495979414603,0.6500482470247668,0.4985525892569958,0.5217111611450628,0.5220328079768414,62.1,52.2,58.1
30079,"Prairie County, Montana",Montana,1250,20.61,51250.0,0.92,26.93,0.0,4.0,0,0.0,0.8661949179800579,0.8610485686715986,0.02122869089739466,0.31424895464779673,0.0,0.6082341588935349,0.7857832100353811,44.5,78.6,58.1
31051,"Dixon County, Nebraska",Nebraska,5545,7.34,72454.0,2.37,23.41,4.1,7.41,0,0.0,0.0784818269540045,0.3238983596011579,0.11868768092634288,0.4432293341910582,0.8941781923448054,0.8012222579607591,0.7857832100353811,44.3,78.6,58.0
36115,"Washington County, New York",New York,60522,10.73,73495.0,5.02,22.37,0.9,3.18,8,1.322,0.29945320038597617,0.30202637504020585,0.6310710839498231,0.49018977163074945,0.4985525892569958,0.5271791572853007,0.7616596976519782,45.8,76.2,58.0
18055,"Greene County, Indiana",Indiana,31021,12.75,62094.0,6.04,16.15,0.3,1.01,6,1.934,0.45995496944355097,0.601479575426182,0.8015439047925378,0.8156963653908009,0.22997748472177548,0.14216789964618848,0.6867159858475395,50.8,68.7,58.0
48019,"Bandera County, Texas",Texas,22021,13.47,75813.0,8.74,27.24,1.1,5.34,5,2.271,0.5165648118366034,0.25120617561917014,0.9466066259247347,0.30459954969443553,0.5638468961080734,0.7073013830813767,0.6268896751366999,54.8,62.7,58.0
40129,"Roger Mills County, Oklahoma",Oklahoma,3359,14.67,66094.0,3.19,24.89,1.0,2.32,0,0.0,0.5979414602766163,0.48697330331296235,0.24252171116114507,0.38211643615310387,0.5310389192666453,0.41202959150852364,0.7857832100353811,44.2,78.6,58.0
41045,"Malheur County, Oregon",Oregon,31954,17.57,54519.0,5.24,15.18,2.3,7.37,13,4.068,0.7590865229977485,0.7963975554840785,0.6712769379221615,0.8633000964940495,0.7828883885493728,0.7992923769700868,0.28176262463814733,77.9,28.2,58.0
28095,"Monroe County, Mississippi",Mississippi,33747,18.04,51866.0,6.31,16.41,0.3,0.91,9,2.667,0.781601801222258,0.8504342232229013,0.8247024766806047,0.80347378578321,0.22997748472177548,0.11868768092634288,0.547764554519138,60.1,54.8,58.0
51730,"Petersburg city, Virginia",Virginia,33537,21.73,50698.0,10.05,25.4,2.4,4.54,13,3.876,0.8941781923448054,0.8703763267931811,0.9729816661305886,0.36153103891926663,0.7918944998391766,0.6568028304921196,0.31231907365712447,75.8,31.2,58.0
08121,"Washington County, Colorado",Colorado,4831,8.08,67167.0,3.1,24.87,3.4,4.0,0,0.0,0.11643615310389192,0.45030556449018977,0.2209713734319717,0.38404631714377613,0.869411386297845,0.6082341588935349,0.7857832100353811,44.2,78.6,57.9
05013,"Calhoun County, Arkansas",Arkansas,4704,10.17,66809.0,5.59,19.8,0.6,1.19,0,0.0,0.2586040527500804,0.4612415567706658,0.7375361852685751,0.6230299131553554,0.38018655516243166,0.18173045995496945,0.7857832100353811,44.0,78.6,57.9
53041,"Lewis County, Washington",Washington,85154,12.22,74796.0,5.33,21.54,1.4,5.32,19,2.231,0.4187841749758765,0.2730781601801222,0.69154068832422,0.5281440977806369,0.637825667417176,0.7053715020907044,0.6346091990993888,54.2,63.5,57.9
37149,"Polk County, North Carolina",North Carolina,19891,14.01,67758.0,5.07,36.22,0.3,4.49,0,0.0,0.5570923126407205,0.43165004824702474,0.6436153103891926,0.13026696687037634,0.22997748472177548,0.6529430685107752,0.7857832100353811,44.1,78.6,57.9
20021,"Cherokee County, Kansas",Kansas,19151,14.11,57668.0,3.26,19.42,0.7,1.33,3,1.566,0.5644901897716308,0.7291733676423288,0.25667417175940815,0.6445802508845287,0.42039240913477,0.21839819877774205,0.7391444194274687,47.2,73.9,57.9
20109,"Logan County, Kansas",Kansas,2707,15.03,75662.0,1.83,25.7,4.4,2.51,0,0.0,0.6188485043422323,0.25506593760051466,0.07011900932775812,0.3541331617883564,0.9035059504663879,0.4470890961724027,0.7857832100353811,44.1,78.6,57.9
48387,"Red River County, Texas",Texas,11611,15.62,48491.0,2.04,15.42,1.0,2.94,3,2.584,0.6529430685107752,0.9089739466066259,0.08620135091669347,0.8504342232229013,0.5310389192666453,0.5014474107430041,0.5644901897716308,58.9,56.4,57.9
48177,"Gonzales County, Texas",Texas,19851,15.82,58672.0,4.31,11.92,5.4,11.66,8,4.03,0.6632357671276938,0.702476680604696,0.4692827275651335,0.9652621421678996,0.9298809906722418,0.9041492441299454,0.28787391444194277,77.2,28.8,57.9
41003,"Benton County, Oregon",Oregon,96303,18.2,77702.0,6.98,54.2,2.1,9.93,25,2.596,0.7861048568671598,0.21936313927307816,0.87809585075587,0.0183338694113863,0.7574782888388549,0.8735927951109682,0.5612737214538437,58.9,56.1,57.8
13081,"Crisp County, Georgia",Georgia,19790,23.34,45105.0,7.46,15.33,2.0,3.11,9,4.548,0.9295593438404631,0.9414602766162753,0.9054358314570602,0.8546156320360244,0.7468639433901576,0.5197812801543905,0.2216146670955291,81.6,22.2,57.8
42009,"Bedford County, Pennsylvania",Pennsylvania,47513,11.55,59992.0,3.91,16.08,0.3,1.22,5,1.052,0.36185268575104534,0.6629141202959151,0.39498230942425216,0.8192344805403666,0.22997748472177548,0.18977163074943712,0.7777420392409135,44.3,77.8,57.7
19053,"Decatur County, Iowa",Iowa,7759,14.56,59044.0,1.94,23.52,0.9,1.88,0,0.0,0.5899002894821486,0.689289160501769,0.0781601801222258,0.4384046317143776,0.4985525892569958,0.3367642328723062,0.7857832100353811,43.9,78.6,57.7
30035,"Glacier County, Montana",Montana,13637,31.14,46875.0,10.02,16.46,1.3,0.78,5,3.666,0.9832743647475073,0.9228047603731103,0.9720167256352525,0.8018655516243165,0.6156320360244452,0.08941781923448054,0.3454486973303313,73.1,34.5,57.7
20093,"Kearny County, Kansas",Kansas,3864,4.51,89135.0,2.21,19.39,2.5,17.62,0,0.0,0.006754583467352846,0.10357027983274365,0.1016403988420714,0.6455451913798649,0.8018655516243165,0.9536828562238662,0.7857832100353811,43.6,78.6,57.6
48205,"Hartley County, Texas",Texas,5215,9.38,75841.0,1.65,20.72,1.5,9.82,0,0.0,0.2071405596654873,0.2508845287873914,0.05596654872949502,0.5734963010614346,0.6587327114827919,0.8700546799614024,0.7857832100353811,43.6,78.6,57.6
21149,"McLean County, Kentucky",Kentucky,9114,9.45,65596.0,5.62,16.82,0.5,0.55,0,0.0,0.21100032164683177,0.5033772917336764,0.7407526535863622,0.7790286265680283,0.3335477645545191,0.05242843357992924,0.7857832100353811,43.7,78.6,57.6
18065,"Henry County, Indiana",Indiana,48970,13.63,63150.0,3.72,17.45,0.4,1.3,6,1.225,0.5265358636217433,0.5651334834351882,0.34898681247989705,0.7510453522032808,0.28208427146992604,0.20939208748793825,0.7687359279511097,44.7,76.9,57.6
55023,"Crawford County, Wisconsin",Wisconsin,16042,13.78,64094.0,3.15,18.33,0.9,2.47,3,1.87,0.5387584432293342,0.540045030556449,0.2344805403666774,0.7060147957542618,0.4985525892569958,0.4409778063686073,0.6999035059504664,49.3,70.0,57.6
21089,"Greenup County, Kentucky",Kentucky,35501,15.43,60751.0,6.77,18.8,0.4,0.92,8,2.253,0.6423287230620779,0.641042135734963,0.8652299774847217,0.6802830492119653,0.28208427146992604,0.12158250241235123,0.6310710839498231,53.9,63.1,57.6
05113,"Polk County, Arkansas",Arkansas,19361,15.89,49191.0,7.26,17.76,1.6,2.62,7,3.616,0.6661305886137021,0.8961080733354776,0.8951431328401416,0.7349630106143454,0.6767449340623994,0.4605982631071084,0.3563846896108073,72.2,35.6,57.6
45075,"Orangeburg County, South Carolina",South Carolina,83253,22.44,45675.0,8.31,19.38,0.9,2.21,30,3.603,0.9109038275972982,0.9369572209713735,0.9376005146349309,0.6461884850434223,0.4985525892569958,0.3936957220971373,0.3599228047603731,72.1,36.0,57.6
48287,"Lee County, Texas",Texas,17971,11.33,76371.0,6.51,20.88,3.5,6.98,5,2.782,0.3454486973303313,0.24187841749758765,0.8452878739144419,0.5657767770987456,0.8735927951109682,0.7873914441942746,0.5220328079768414,61.0,52.2,57.5
27167,"Wilkin County, Minnesota",Minnesota,6371,14.08,71410.0,4.8,22.96,0.3,2.35,0,0.0,0.5622386619491798,0.3483435188163397,0.5847539401736893,0.46220649726600194,0.22997748472177548,0.42039240913477,0.7857832100353811,43.5,78.6,57.5
54099,"Wayne County, West Virginia",West Virginia,38164,14.58,58878.0,4.89,19.18,0.0,0.62,3,0.786,0.5918301704728208,0.6944355098102284,0.605982631071084,0.6590543583145706,0.0,0.06400771952396268,0.7835316822129302,43.6,78.4,57.5
46047,"Fall River County, South Dakota",South Dakota,7258,16.57,67917.0,2.48,29.42,1.3,2.69,0,0.0,0.7076230299131554,0.428111933097459,0.13155355419749115,0.25217111611450627,0.6156320360244452,0.4715342553875844,0.7857832100353811,43.4,78.6,57.5
05029,"Conway County, Arkansas",Arkansas,21054,19.71,54187.0,6.41,19.94,0.4,1.88,6,2.85,0.839819877774204,0.8021871984560952,0.8369250562881956,0.6165969765197813,0.28208427146992604,0.3367642328723062,0.5078803473785783,61.9,50.8,57.5
39001,"Adams County, Ohio",Ohio,27540,20.22,50264.0,6.45,14.89,0.1,1.26,8,2.905,0.8555805725313606,0.8787391444194275,0.8394982309424253,0.8771309102605339,0.11997426825345771,0.19974268253457703,0.49533612093920876,62.8,49.5,57.5
27149,"Stevens County, Minnesota",Minnesota,9739,11.13,75733.0,1.95,31.15,4.2,8.01,0,0.0,0.32936635574139594,0.2537793502733998,0.0784818269540045,0.21486008362817627,0.8970730138308137,0.8208427146992602,0.7857832100353811,43.2,78.6,57.4
29123,"Madison County, Missouri",Missouri,12729,13.2,54434.0,4.77,16.32,0.6,1.36,3,2.357,0.4985525892569958,0.7973624959794146,0.576391122547443,0.8066902541009972,0.38018655516243166,0.22450948858153746,0.6133805082019942,54.7,61.3,57.4
36107,"Tioga County, New York",New York,47864,13.36,72739.0,5.48,25.27,0.5,2.11,5,1.045,0.5101318752010293,0.31714377613380507,0.7227404310067546,0.36699903505950465,0.3335477645545191,0.3788999678353168,0.7783853329044709,43.8,77.8,57.4
48363,"Palo Pinto County, Texas",Texas,29295,16.75,67674.0,6.1,17.81,2.2,5.1,10,3.414,0.715664200707623,0.43518816339659055,0.8070119009327759,0.7336764232872306,0.7709874557735606,0.6944355098102284,0.39498230942425216,69.3,39.5,57.4
40135,"Sequoyah County, Oklahoma",Oklahoma,39860,20.19,51093.0,4.71,15.15,0.5,2.05,12,3.011,0.8542939852042457,0.8639433901576069,0.5593438404631714,0.8652299774847217,0.3335477645545191,0.3682856223866195,0.473142489546478,64.1,47.3,57.4
40141,"Tillman County, Oklahoma",Oklahoma,6910,21.01,48939.0,5.87,16.84,4.6,3.02,3,4.342,0.8784174975876488,0.901254422643937,0.7748472177549051,0.7780636860726922,0.9102605339337407,0.5094885815374719,0.24638147314248954,79.2,24.6,57.4
48371,"Pecos County, Texas",Texas,14896,21.57,72750.0,2.55,14.07,6.0,13.92,5,3.357,0.8919266645223545,0.3158571888066903,0.14023801865551624,0.9054358314570602,0.9411386297844966,0.9314892248311354,0.40398842071405594,68.8,40.4,57.4
48431,"Sterling County, Texas",Texas,1468,4.32,64954.0,2.14,24.49,1.5,11.85,0,0.0,0.004503055644901898,0.5197812801543905,0.09327758121582502,0.3985204245738179,0.6587327114827919,0.9073657124477323,0.7857832100353811,43.0,78.6,57.3
35043,"Sandoval County, New Mexico",New Mexico,153604,9.96,86636.0,5.18,33.75,2.4,5.63,22,1.432,0.24670311997426825,0.12319073657124477,0.6635574139594725,0.1666130588613702,0.7918944998391766,0.7224187841749758,0.7532968800257317,45.2,75.3,57.3
32015,"Lander County, Nevada",Nevada,5770,10.74,89014.0,9.4,19.28,0.0,3.5,0,0.0,0.3000964940495336,0.10453522032807977,0.9614023801865552,0.6529430685107752,0.0,0.5648118366034095,0.7857832100353811,43.1,78.6,57.3
40043,"Dewey County, Oklahoma",Oklahoma,4360,14.11,62569.0,3.47,22.4,0.6,1.54,0,0.0,0.5644901897716308,0.5857188806690254,0.29688002573174654,0.4889031843036346,0.38018655516243166,0.2679318108716629,0.7857832100353811,43.1,78.6,57.3
17095,"Knox County, Illinois",Illinois,49046,14.57,57030.0,5.1,20.97,1.4,3.18,14,2.854,0.5908652299774847,0.7407526535863622,0.6490833065294307,0.5596654872949501,0.637825667417176,0.5271791572853007,0.5059504663879061,61.8,50.6,57.3
26069,"Iosco County, Michigan",Michigan,25347,17.73,50066.0,6.49,19.34,0.1,2.04,7,2.762,0.7651978128015439,0.8813123190736571,0.843036346091991,0.6500482470247668,0.11997426825345771,0.3657124477323898,0.5255709231264072,60.4,52.6,57.3
17019,"Champaign County, Illinois",Illinois,208741,19.07,63683.0,4.3,46.18,6.5,14.2,61,2.922,0.8185911868768093,0.5513026696687038,0.4663879060791251,0.04663879060791251,0.9501447410743005,0.9347056931489225,0.4914763589578643,62.8,49.1,57.3
47039,"Decatur County, Tennessee",Tennessee,11579,22.15,45375.0,7.16,14.03,0.1,2.36,4,3.455,0.9054358314570602,0.9398520424573817,0.8890318430363461,0.9070440656159536,0.11997426825345771,0.4239305242843358,0.38726278546156323,69.8,38.7,57.3
55053,"Jackson County, Wisconsin",Wisconsin,20981,12.36,68110.0,4.72,15.89,0.7,1.62,4,1.906,0.4310067545834674,0.4236088774525571,0.5615953682856224,0.8308137664844001,0.42039240913477,0.28465744612415567,0.6925056288195561,49.2,69.3,57.2
41053,"Polk County, Oregon",Oregon,89662,12.66,85118.0,5.65,31.21,1.4,6.33,17,1.896,0.45320038597619816,0.1338050820199421,0.745255709231264,0.2119652621421679,0.637825667417176,0.7600514634930846,0.6947571566420071,49.0,69.5,57.2
21039,"Carlisle County, Kentucky",Kentucky,4762,15.08,62439.0,3.7,14.94,0.0,1.07,0,0.0,0.6201350916693471,0.5889353489868124,0.34448375683499516,0.8748793824380829,0.0,0.15310389192666451,0.7857832100353811,43.0,78.6,57.2
29163,"Pike County, Missouri",Missouri,17711,15.97,54989.0,3.94,16.64,2.2,1.47,5,2.823,0.6706336442586041,0.7870697973624959,0.4010935992280476,0.790286265680283,0.7709874557735606,0.25120617561917014,0.5123834030234802,61.2,51.2,57.2
40101,"Muskogee County, Oklahoma",Oklahoma,66444,19.12,53619.0,5.66,18.82,1.0,2.69,22,3.311,0.8205210678674815,0.8128015439047925,0.7468639433901576,0.6793181087166291,0.5310389192666453,0.4715342553875844,0.4146027661627533,67.7,41.5,57.2
46003,"Aurora County, South Dakota",South Dakota,2642,10.6,72885.0,1.24,21.38,1.9,4.66,0,0.0,0.289803795432615,0.31231907365712447,0.033772917336764234,0.5381151495657768,0.7301383081376649,0.6654872949501447,0.7857832100353811,42.8,78.6,57.1
20119,"Meade County, Kansas",Kansas,3903,11.04,71852.0,1.53,26.52,1.4,11.38,0,0.0,0.3181087166291412,0.33772917336764235,0.04889031843036346,0.3238983596011579,0.637825667417176,0.901254422643937,0.7857832100353811,42.8,78.6,57.1
18155,"Switzerland County, Indiana",Indiana,9909,12.62,65343.0,4.18,8.86,0.0,1.12,0,0.0,0.45030556449018977,0.5123834030234802,0.44483756834995175,0.9938887101962046,0.0,0.16436153103891926,0.7857832100353811,42.8,78.6,57.1
39027,"Clinton County, Ohio",Ohio,42012,12.88,70407.0,4.55,19.33,0.4,2.18,6,1.428,0.47185590221936313,0.37246703119974267,0.5307172724348665,0.6513348343518817,0.28208427146992604,0.38919266645223544,0.7539401736892891,45.0,75.4,57.1
54027,"Hampshire County, West Virginia",West Virginia,23465,13.07,63116.0,9.02,18.3,0.1,1.57,5,2.131,0.48665165648118364,0.5670633644258604,0.9507880347378578,0.7092312640720488,0.11997426825345771,0.27436474750723705,0.6516564811836604,51.8,65.2,57.1
12121,"Suwannee County, Florida",Florida,45342,14.97,56658.0,6.28,16.65,1.5,6.03,17,3.749,0.6153103891926665,0.7523319395303957,0.822129302026375,0.7896429720167256,0.6587327114827919,0.7449340623994853,0.332582824059183,73.1,33.3,57.1
48349,"Navarro County, Texas",Texas,54711,17.12,63111.0,4.43,18.23,3.7,12.87,20,3.656,0.7356063042779029,0.5677066580894178,0.5011257639112254,0.7124477323898359,0.8819556127372146,0.9189449983917658,0.34770022515278226,72.0,34.8,57.1
05103,"Ouachita County, Arkansas",Arkansas,22085,18.87,49268.0,5.16,16.29,0.4,0.86,6,2.717,0.811193309745899,0.8951431328401416,0.6600192988099067,0.8086201350916693,0.28208427146992604,0.10678674815053071,0.5361852685751045,59.4,53.6,57.1
39115,"Morgan County, Ohio",Ohio,13651,12.91,59351.0,3.48,14.35,0.1,0.72,0,0.0,0.47507237053715023,0.6818912833708588,0.2984882598906401,0.8983596011579286,0.11997426825345771,0.07912512061756191,0.7857832100353811,42.5,78.6,57.0
18035,"Delaware County, Indiana",Indiana,112280,19.65,58127.0,5.77,26.19,0.7,2.49,30,2.672,0.8385332904470891,0.7163074943711805,0.7597298166613059,0.3351559987134127,0.42039240913477,0.44515921518173046,0.5458346735284657,58.6,54.6,57.0
20185,"Stafford County, Kansas",Kansas,3978,10.49,64226.0,2.49,27.14,1.3,4.68,0,0.0,0.28208427146992604,0.5368285622386619,0.1338050820199421,0.3091026053393374,0.6156320360244452,0.6664522354454808,0.7857832100353811,42.4,78.6,56.9
37069,"Franklin County, North Carolina",North Carolina,74386,11.06,74240.0,4.61,27.01,1.3,6.01,13,1.748,0.3206818912833709,0.28401415246059825,0.5451913798649083,0.31135413316178834,0.6156320360244452,0.7442907687359279,0.717915728530074,47.0,71.8,56.9
51005,"Alleghany County, Virginia",Virginia,14859,11.64,56188.0,2.28,14.65,0.4,0.98,0,0.0,0.36989385654551304,0.762946284979093,0.10775168864586684,0.8877452557092312,0.28208427146992604,0.13573496301061436,0.7857832100353811,42.4,78.6,56.9
17037,"DeKalb County, Illinois",Illinois,100703,14.8,70724.0,6.8,32.95,1.9,6.44,27,2.681,0.6063042779028627,0.36506915406883245,0.8684464458025088,0.1794789321325185,0.7301383081376649,0.7642328723062077,0.5429398520424574,58.6,54.3,56.9
48133,"Eastland County, Texas",Texas,18011,16.21,53549.0,4.69,21.82,2.6,4.81,6,3.331,0.6841428111933098,0.8140881312319074,0.5561273721453843,0.5149565776777099,0.8118366034094564,0.6748150530717273,0.40784818269540046,67.6,40.8,56.9
13237,"Putnam County, Georgia",Georgia,22855,17.65,72096.0,3.72,31.13,1.5,7.57,5,2.188,0.7626246381473143,0.33226117722740434,0.34898681247989705,0.21582502412351237,0.6587327114827919,0.8050820199421036,0.6426503698938566,52.1,64.3,56.9
26151,"Sanilac County, Michigan",Michigan,40462,15.33,58863.0,5.96,16.47,0.6,1.39,11,2.719,0.6358957864265037,0.6950788034737858,0.7909295593438405,0.8005789642972017,0.38018655516243166,0.23158571888066903,0.5352203280797684,58.9,53.5,56.8
23021,"Piscataquis County, Maine",Maine,17263,15.48,61345.0,3.59,21.62,0.4,2.3,3,1.738,0.6461884850434223,0.6198134448375684,0.32196847861048566,0.5233193953039562,0.28208427146992604,0.4100997105178514,0.7198456095207462,46.7,72.0,56.8
22031,"De Soto Parish, Louisiana",Louisiana,27026,21.53,48578.0,5.98,16.04,0.2,1.1,8,2.96,0.8899967835316822,0.9080090061112898,0.7951109681569637,0.822129302026375,0.17368928916050178,0.1605017690575748,0.4831135413316179,62.5,48.3,56.8
51670,"Hopewell city, Virginia",Virginia,22959,21.79,54729.0,9.24,13.73,2.6,4.63,12,5.227,0.8973946606625924,0.7922161466709553,0.9581859118687681,0.917658411064651,0.8118366034094564,0.6629141202959151,0.15889353489868124,84.0,15.9,56.8
30107,"Wheatland County, Montana",Montana,2056,23.02,49489.0,0.82,23.18,0.0,1.46,0,0.0,0.9228047603731103,0.8903184303634609,0.019620456738501126,0.45448697330331295,0.0,0.2483113541331618,0.7857832100353811,42.3,78.6,56.8
27153,"Todd County, Minnesota",Minnesota,25575,11.5,67662.0,4.1,16.11,2.8,4.72,7,2.737,0.3579929237697009,0.4361531038919267,0.42746863943390156,0.8176262463814732,0.8308137664844001,0.6687037632679318,0.5316822129302027,59.0,53.2,56.7
16067,"Minidoka County, Idaho",Idaho,22208,14.54,70377.0,3.43,15.75,4.0,11.8,7,3.152,0.5889353489868124,0.3734319716950788,0.28851720810550013,0.837568349951753,0.8896751366999035,0.9064007719523963,0.44515921518173046,64.7,44.5,56.7
01019,"Cherokee County, Alabama",Alabama,25443,14.75,53863.0,3.88,16.5,1.2,2.05,7,2.751,0.6040527500804117,0.808941781923448,0.38726278546156323,0.7986490833065294,0.5895786426503699,0.3682856223866195,0.5281440977806369,59.3,52.8,56.7
37167,"Stanly County, North Carolina",North Carolina,64651,15.25,60704.0,4.05,19.89,0.9,4.38,17,2.63,0.6304277902862657,0.6426503698938566,0.4187841749758765,0.619170151174011,0.4985525892569958,0.6445802508845287,0.5548407848182696,57.6,55.5,56.7
45065,"McCormick County, South Carolina",South Carolina,9760,17.61,55798.0,4.36,23.99,0.0,0.77,0,0.0,0.7616596976519782,0.7697008684464458,0.4831135413316179,0.4207140559665487,0.0,0.08845287873914442,0.7857832100353811,42.1,78.6,56.7
21099,"Hart County, Kentucky",Kentucky,19603,19.31,52285.0,3.75,12.22,0.4,0.9,5,2.551,0.8282405918301705,0.8420714055966548,0.3583145706014796,0.9578642650369894,0.28208427146992604,0.11643615310389192,0.5709231264072049,56.4,57.1,56.7
13305,"Wayne County, Georgia",Georgia,30949,21.3,53427.0,7.19,16.2,1.2,4.07,13,4.2,0.8835638468961081,0.8169829527179158,0.891283370858797,0.8137664844001287,0.5895786426503699,0.6182052106786748,0.26407204889031843,76.9,26.4,56.7
30003,"Big Horn County, Montana",Montana,12891,22.08,58750.0,13.24,17.82,0.7,0.85,4,3.103,0.9044708909617241,0.6989385654551302,0.9919588292055324,0.7323898359601158,0.42039240913477,0.10517851399163718,0.45513026696687037,64.2,45.5,56.7
48353,"Nolan County, Texas",Texas,14454,22.51,50747.0,5.98,16.05,3.3,4.47,7,4.843,0.9125120617561917,0.8690897394660663,0.7951109681569637,0.8214860083628176,0.8636217433258282,0.6503698938565455,0.188806690254101,81.9,18.9,56.7
47105,"Loudon County, Tennessee",Tennessee,58580,12.61,84185.0,2.78,29.45,2.3,6.81,7,1.195,0.44934062399485364,0.1424895464779672,0.1743325828240592,0.25152782245094885,0.7828883885493728,0.7812801543904793,0.7703441621100032,43.0,77.0,56.6
48051,"Burleson County, Texas",Texas,18857,12.69,70000.0,4.96,23.47,2.2,7.07,5,2.652,0.45513026696687037,0.3817947893213252,0.619170151174011,0.4406561595368286,0.7709874557735606,0.7909295593438405,0.5500160823415889,57.6,55.0,56.6
37199,"Yancey County, North Carolina",North Carolina,18797,15.17,58709.0,7.3,25.06,0.5,3.2,5,2.66,0.6256030878095851,0.7005467996140238,0.8977163074943711,0.3737536185268575,0.3335477645545191,0.5300739787713091,0.5490511418462528,57.7,54.9,56.6
41019,"Douglas County, Oregon",Oregon,112072,16.27,61310.0,5.38,19.31,0.5,2.81,30,2.677,0.689289160501769,0.6201350916693471,0.7015117401093599,0.6516564811836604,0.3335477645545191,0.48504342232229014,0.5439047925377936,58.0,54.4,56.6
30041,"Hill County, Montana",Montana,16155,20.7,52798.0,4.24,24.4,1.3,1.01,4,2.476,0.8681247989707301,0.8308137664844001,0.45513026696687037,0.40238018655516244,0.6156320360244452,0.14216789964618848,0.5866838211643616,55.2,58.7,56.6
47083,"Houston County, Tennessee",Tennessee,8353,11.06,59576.0,3.88,13.63,0.0,1.28,0,0.0,0.3206818912833709,0.6735284657446124,0.38726278546156323,0.9211965262142168,0.0,0.20488903184303633,0.7857832100353811,41.8,78.6,56.5
38053,"McKenzie County, North Dakota",North Dakota,14321,11.96,93404.0,1.27,19.06,1.4,5.03,0,0.0,0.39916371823737534,0.0784818269540045,0.035702798327436475,0.667417175940817,0.637825667417176,0.6889675136699903,0.7857832100353811,41.8,78.6,56.5
47053,"Gibson County, Tennessee",Tennessee,50869,13.68,62755.0,4.98,20.53,0.4,1.85,10,1.966,0.5294306851077517,0.5805725313605661,0.6227082663235767,0.5841106465101319,0.28208427146992604,0.32936635574139594,0.6809263428755227,48.8,68.1,56.5
54077,"Preston County, West Virginia",West Virginia,34160,13.77,61880.0,5.31,17.55,0.5,1.56,8,2.342,0.5381151495657768,0.605982631071084,0.6873592795110968,0.745255709231264,0.3335477645545191,0.27114827918945,0.6162753296880026,53.0,61.6,56.5
45083,"Spartanburg County, South Carolina",South Carolina,347852,14.5,66234.0,4.33,25.05,2.6,8.71,97,2.789,0.5853972338372467,0.47796719202315857,0.47282084271469926,0.37439691219041493,0.8118366034094564,0.8440012865873271,0.5197812801543905,59.4,52.0,56.5
16061,"Lewis County, Idaho",Idaho,3682,15.31,51615.0,2.42,21.27,0.2,1.17,0,0.0,0.633322611772274,0.8546156320360244,0.1247989707301383,0.5445480862013509,0.17368928916050178,0.1749758764876166,0.7857832100353811,41.8,78.6,56.5
29039,"Cedar County, Missouri",Missouri,14615,16.98,48181.0,2.58,19.0,0.0,0.57,0,0.0,0.7282084271469926,0.9118687680926343,0.14441942746863942,0.6699903505950466,0.0,0.055001608234158894,0.7857832100353811,41.8,78.6,56.5
13293,"Upson County, Georgia",Georgia,28029,19.33,55429.0,3.89,15.48,0.3,1.48,7,2.497,0.8288838854937279,0.7764554519137986,0.390800900611129,0.8478610485686716,0.22997748472177548,0.252492762946285,0.5818591186876809,55.4,58.2,56.5
01099,"Monroe County, Alabama",Alabama,19388,20.09,42292.0,10.37,11.67,0.0,0.67,6,3.095,0.8513991637182374,0.9604374396912191,0.9765197812801544,0.9697651978128016,0.0,0.07076230299131553,0.4564168542939852,63.8,45.6,56.5
01085,"Lowndes County, Alabama",Alabama,9833,29.95,37052.0,6.84,14.37,0.0,0.56,3,3.051,0.9787713091026053,0.9864908330652943,0.871662914120296,0.8980379543261499,0.0,0.05339337407526536,0.46477967192023156,63.1,46.5,56.5
06091,"Sierra County, California",California,2746,4.44,63355.0,12.63,25.81,0.0,3.75,0,0.0,0.006111289803795433,0.5596654872949501,0.9909938887101962,0.3505950466387906,0.0,0.587327114827919,0.7857832100353811,41.6,78.6,56.4
20171,"Scott County, Kansas",Kansas,5027,6.46,68839.0,2.73,28.72,2.3,8.1,0,0.0,0.0459954969443551,0.40688324220006433,0.16693470569314892,0.265680283049212,0.7828883885493728,0.8240591830170473,0.7857832100353811,41.5,78.6,56.4
27071,"Koochiching County, Minnesota",Minnesota,11833,10.87,66940.0,4.82,21.98,0.1,3.03,0,0.0,0.30974589900289484,0.45706014795754263,0.5895786426503699,0.508201994210357,0.11997426825345771,0.5107751688645867,0.7857832100353811,41.6,78.6,56.4
21233,"Webster County, Kentucky",Kentucky,12842,13.52,59628.0,4.11,12.76,1.3,4.38,4,3.115,0.5204245738179479,0.6719202315857189,0.4287552267610164,0.9453200385976198,0.6156320360244452,0.6445802508845287,0.45255709231264074,63.8,45.3,56.4
47023,"Chester County, Tennessee",Tennessee,17611,16.05,59341.0,4.13,22.04,0.1,1.83,3,1.703,0.6764232872306207,0.6822129302026375,0.4326149887423609,0.5040205853972338,0.11997426825345771,0.3264715342553876,0.7249919588292055,45.7,72.5,56.4
29161,"Phelps County, Missouri",Missouri,45194,16.78,58396.0,3.89,32.35,1.3,4.21,11,2.434,0.7182373753618527,0.710196204567385,0.390800900611129,0.1894499839176584,0.6156320360244452,0.6310710839498231,0.5972981666130589,54.3,59.7,56.4
40035,"Craig County, Oklahoma",Oklahoma,14302,19.02,51922.0,5.13,15.3,1.2,1.96,5,3.496,0.8163396590543583,0.8478610485686716,0.6535863621743326,0.856223866194918,0.5895786426503699,0.35284657446124157,0.3817947893213252,68.6,38.2,56.4
08103,"Rio Blanco County, Colorado",Colorado,6544,8.5,65473.0,2.43,24.65,1.4,4.81,0,0.0,0.14409778063686074,0.5069154068832422,0.12672885172081055,0.39273078160180125,0.637825667417176,0.6748150530717273,0.7857832100353811,41.4,78.6,56.3
48497,"Wise County, Texas",Texas,75005,8.89,93421.0,5.31,22.15,1.6,8.0,15,2.0,0.17208105500160822,0.07783853329044708,0.6873592795110968,0.4988742360887745,0.6767449340623994,0.819877774203924,0.6748150530717273,48.9,67.5,56.3
27107,"Norman County, Minnesota",Minnesota,6367,10.12,72260.0,5.25,22.83,0.5,2.4,0,0.0,0.25474429076873595,0.3277581215825024,0.6735284657446124,0.4683177870697974,0.3335477645545191,0.4290768735927951,0.7857832100353811,41.4,78.6,56.3
20135,"Ness County, Kansas",Kansas,2653,11.23,68616.0,0.81,25.01,0.9,8.78,0,0.0,0.3383724670311997,0.4100997105178514,0.01929880990672242,0.3763267931810872,0.4985525892569958,0.8465744612415568,0.7857832100353811,41.5,78.6,56.3
48337,"Montague County, Texas",Texas,21046,14.19,64545.0,7.06,18.87,0.7,3.15,6,2.851,0.5683499517529752,0.5303956256030878,0.8838854937278868,0.6780315213895143,0.42039240913477,0.5239626889675136,0.5069154068832422,60.1,50.7,56.3
20019,"Chautauqua County, Kansas",Kansas,3370,14.92,56438.0,3.62,18.56,0.0,0.8,0,0.0,0.6117722740431006,0.7568349951752975,0.33000964940495336,0.6908973946606626,0.0,0.09392087487938244,0.7857832100353811,41.4,78.6,56.3
31125,"Nance County, Nebraska",Nebraska,3324,16.63,65179.0,3.62,20.11,0.4,0.51,0,0.0,0.7108394982309424,0.5139916371823737,0.33000964940495336,0.6069475715664201,0.28208427146992604,0.04663879060791251,0.7857832100353811,41.5,78.6,56.3
05137,"Stone County, Arkansas",Arkansas,12568,19.35,40943.0,3.23,15.77,0.1,1.24,3,2.387,0.8292055323255066,0.9726600192988099,0.24991958829205532,0.835316822129302,0.11997426825345771,0.19652621421678995,0.6072692183981988,53.4,60.7,56.3
41055,"Sherman County, Oregon",Oregon,1938,22.03,60161.0,1.01,16.04,0.0,0.72,0,0.0,0.9031843036346092,0.6580894178192345,0.024766806046960438,0.822129302026375,0.0,0.07912512061756191,0.7857832100353811,41.5,78.6,56.3
13011,"Banks County, Georgia",Georgia,19264,11.27,77063.0,2.91,18.56,2.4,5.75,4,2.076,0.340302348021872,0.23126407204889032,0.1891283370858797,0.6908973946606626,0.7918944998391766,0.7294950144741075,0.6606625924734641,49.5,66.1,56.2
47125,"Montgomery County, Tennessee",Tennessee,234153,11.27,75613.0,5.08,31.08,1.8,6.84,48,2.05,0.340302348021872,0.25635252492762944,0.6452235445480862,0.21743325828240592,0.7140559665487295,0.7822450948858154,0.6661305886137021,49.3,66.6,56.2
26141,"Presque Isle County, Michigan",Michigan,13209,13.96,59321.0,6.53,21.44,0.5,1.11,3,2.271,0.553232550659376,0.6828562238661949,0.8472177549051142,0.5342553875844323,0.3335477645545191,0.1617883563846896,0.6268896751366999,51.9,62.7,56.2
20065,"Graham County, Kansas",Kansas,2389,14.83,50650.0,5.02,26.93,0.0,0.54,0,0.0,0.6082341588935349,0.8710196204567385,0.6310710839498231,0.31424895464779673,0.0,0.05049855258925699,0.7857832100353811,41.3,78.6,56.2
36097,"Schuyler County, New York",New York,17562,14.84,67663.0,6.53,26.38,1.0,2.04,4,2.278,0.6088774525570924,0.435831457060148,0.8472177549051142,0.3277581215825024,0.5310389192666453,0.3657124477323898,0.6256030878095851,51.9,62.6,56.2
01091,"Marengo County, Alabama",Alabama,18851,21.85,43825.0,4.09,19.45,1.5,1.62,6,3.183,0.8999678353168221,0.9520746220649726,0.42521711161145065,0.6429720167256352,0.6587327114827919,0.28465744612415567,0.4387262785461563,64.4,43.9,56.2
46085,"Lyman County, South Dakota",South Dakota,3724,23.65,67143.0,4.01,24.55,0.3,0.59,0,0.0,0.9321325184946928,0.4512705049855259,0.41267288517208106,0.3965905435831457,0.22997748472177548,0.058861370215503375,0.7857832100353811,41.4,78.6,56.2
40025,"Cimarron County, Oklahoma",Oklahoma,2218,7.44,62188.0,0.36,33.44,2.4,7.98,0,0.0,0.08201994210357028,0.5976198134448376,0.007397877130910261,0.17240270183338693,0.7918944998391766,0.8195561273721453,0.7857832100353811,41.2,78.6,56.1
32001,"Churchill County, Nevada",Nevada,25805,8.14,79163.0,5.32,17.69,0.7,5.32,5,1.938,0.11868768092634288,0.19684786104856866,0.6899324541653264,0.7381794789321325,0.42039240913477,0.7053715020907044,0.6854293985204246,47.8,68.5,56.1
48089,"Colorado County, Texas",Texas,21006,10.68,66377.0,2.88,22.93,4.7,8.72,5,2.38,0.29688002573174654,0.4712126085558057,0.18494692827275652,0.4638147314248955,0.9125120617561917,0.8446445802508845,0.6085558057253136,52.9,60.9,56.1
41069,"Wheeler County, Oregon",Oregon,1485,10.77,55284.0,2.64,18.81,0.0,3.37,0,0.0,0.3026696687037633,0.7819234480540367,0.15503377291733678,0.6796397555484078,0.0,0.5503377291733677,0.7857832100353811,41.2,78.6,56.1
55067,"Langlade County, Wisconsin",Wisconsin,19490,13.49,55878.0,3.49,16.98,0.1,1.14,3,1.539,0.518173045995497,0.7671276937922161,0.30138308137664843,0.7693792216146671,0.11997426825345771,0.16950788034737857,0.7423608877452557,44.1,74.2,56.1
29137,"Monroe County, Missouri",Missouri,8734,14.18,54516.0,1.78,18.88,0.3,0.96,0,0.0,0.5677066580894178,0.7967192023158571,0.06561595368285622,0.6777098745577356,0.22997748472177548,0.13123190736571244,0.7857832100353811,41.1,78.6,56.1
21091,"Hancock County, Kentucky",Kentucky,9034,16.25,65464.0,4.38,17.27,0.0,0.34,0,0.0,0.6873592795110968,0.5075587005467996,0.48954647796719203,0.7549051141846252,0.0,0.02348021871984561,0.7857832100353811,41.0,78.6,56.1
47015,"Cannon County, Tennessee",Tennessee,14818,18.27,59443.0,2.8,16.83,0.7,0.81,3,2.025,0.7889996783531682,0.678353168221293,0.17722740431006753,0.7787069797362496,0.42039240913477,0.09585075587005468,0.6687037632679318,49.0,66.9,56.1
18157,"Tippecanoe County, Indiana",Indiana,189071,19.21,60636.0,3.25,40.52,3.3,12.32,54,2.856,0.8253457703441621,0.6449018977163075,0.25506593760051466,0.08362817626246381,0.8636217433258282,0.9134770022515278,0.5053071727243487,59.8,50.5,56.1
40089,"McCurtain County, Oklahoma",Oklahoma,30863,21.2,51929.0,4.75,16.34,1.7,3.44,12,3.888,0.8829205532325507,0.8472177549051142,0.5715664200707623,0.8054036667738823,0.6960437439691219,0.556449018977163,0.31135413316178834,72.7,31.1,56.1
55041,"Forest County, Wisconsin",Wisconsin,9369,15.23,61071.0,2.89,16.14,0.1,0.7,0,0.0,0.6294628497909296,0.6310710839498231,0.18687680926342876,0.8163396590543583,0.11997426825345771,0.07655194596333226,0.7857832100353811,41.0,78.6,56.0
29171,"Putnam County, Missouri",Missouri,4642,15.52,63510.0,3.99,22.55,0.2,1.21,0,0.0,0.6477967192023159,0.5570923126407205,0.4084914763589579,0.48182695400450304,0.17368928916050178,0.18559022193631391,0.7857832100353811,40.9,78.6,56.0
40053,"Grant County, Oklahoma",Oklahoma,4131,17.5,60758.0,4.3,23.12,0.1,0.29,0,0.0,0.7555484078481827,0.6403988420714056,0.4663879060791251,0.4557735606304278,0.11997426825345771,0.01929880990672242,0.7857832100353811,41.0,78.6,56.0
01027,"Clay County, Alabama",Alabama,14192,17.55,55250.0,2.4,14.71,0.4,1.05,3,2.114,0.7577999356706336,0.7825667417175941,0.12061756191701511,0.8851720810550016,0.28208427146992604,0.14892248311354134,0.6555162431650048,49.6,65.6,56.0
01111,"Randolph County, Alabama",Alabama,22510,19.91,52338.0,3.77,18.36,0.7,1.41,6,2.665,0.8468961080733355,0.84078481826954,0.36153103891926663,0.7034416211000322,0.42039240913477,0.23801865551624315,0.5480862013509167,56.9,54.8,56.0
53047,"Okanogan County, Washington",Washington,43425,20.74,63207.0,4.52,24.71,2.3,13.17,15,3.454,0.8700546799614024,0.5638468961080734,0.5239626889675136,0.38983596011579286,0.7828883885493728,0.9228047603731103,0.3875844322933419,67.6,38.8,56.0
21207,"Russell County, Kentucky",Kentucky,18221,23.11,44738.0,6.45,15.41,0.7,1.96,7,3.842,0.92537793502734,0.9456416854293985,0.8394982309424253,0.8510775168864587,0.42039240913477,0.35284657446124157,0.31714377613380507,72.2,31.7,56.0
54089,"Summers County, West Virginia",West Virginia,11729,23.79,40699.0,2.2,18.77,0.9,0.97,3,2.558,0.9340623994853651,0.9733033129623673,0.09906722418784175,0.6825345770344162,0.4985525892569958,0.1338050820199421,0.5693148922483113,55.4,56.9,56.0
34033,"Salem County, New Jersey",New Jersey,65275,12.68,79960.0,7.42,24.96,2.3,3.05,16,2.451,0.45480862013509166,0.18752010292698618,0.9031843036346092,0.3782566741717594,0.7828883885493728,0.5143132840141524,0.592795110968157,53.7,59.3,55.9
26157,"Tuscola County, Michigan",Michigan,52980,12.84,63811.0,5.98,16.33,0.3,0.86,11,2.076,0.4660662592473464,0.5464779671920231,0.7951109681569637,0.8060469604374397,0.22997748472177548,0.10678674815053071,0.6606625924734641,49.2,66.1,55.9
29115,"Linn County, Missouri",Missouri,11852,13.74,61635.0,3.15,19.24,0.3,1.18,0,0.0,0.5342553875844323,0.6117722740431006,0.2344805403666774,0.6561595368285622,0.22997748472177548,0.17754905114184624,0.7857832100353811,40.7,78.6,55.9
26057,"Gratiot County, Michigan",Michigan,41385,13.97,63556.0,4.18,18.71,0.3,1.34,7,1.691,0.5541974911547122,0.5548407848182696,0.44483756834995175,0.6851077516886459,0.22997748472177548,0.2203280797684143,0.7262785461563204,44.8,72.6,55.9
19169,"Story County, Iowa",Iowa,100466,18.24,69685.0,4.76,54.85,1.9,8.6,26,2.588,0.7880347378578321,0.3888710196204567,0.5731746542296559,0.017690575747828882,0.7301383081376649,0.839819877774204,0.5638468961080734,55.6,56.4,55.9
29215,"Texas County, Missouri",Missouri,25161,19.81,50036.0,5.1,16.46,0.2,1.07,7,2.782,0.8433579929237697,0.8816339659054359,0.6490833065294307,0.8018655516243165,0.17368928916050178,0.15310389192666451,0.5220328079768414,58.4,52.2,55.9
08123,"Weld County, Colorado",Colorado,350396,9.58,97097.0,4.78,33.17,3.2,9.09,64,1.827,0.21743325828240592,0.06368607269218399,0.5786426503698938,0.175619170151174,0.8587970408491477,0.8530073978771309,0.7082663235767128,45.8,70.8,55.8
31161,"Sheridan County, Nebraska",Nebraska,5014,11.27,60121.0,1.96,24.24,0.9,2.51,0,0.0,0.340302348021872,0.6593760051463493,0.07944676744934062,0.4104213573496301,0.4985525892569958,0.4470890961724027,0.7857832100353811,40.6,78.6,55.8
47089,"Jefferson County, Tennessee",Tennessee,56864,11.39,66114.0,4.59,20.85,0.4,1.87,8,1.407,0.3509166934705693,0.48472177549051143,0.5394017368928916,0.5683499517529752,0.28208427146992604,0.33386941138629783,0.7561917015117401,42.7,75.6,55.8
26075,"Jackson County, Michigan",Michigan,160060,11.65,66073.0,5.53,23.41,0.7,2.17,31,1.937,0.37150209070440654,0.48729495014474106,0.7291733676423288,0.4432293341910582,0.42039240913477,0.3882277259568993,0.6857510453522033,47.3,68.6,55.8
13217,"Newton County, Georgia",Georgia,118152,12.29,77179.0,6.64,25.02,0.8,6.97,28,2.37,0.42489546477967194,0.22997748472177548,0.856223866194918,0.3756834995175298,0.46317143776133807,0.7864265036989385,0.6101640398842071,52.3,61.0,55.8
38047,"Logan County, North Dakota",North Dakota,1819,12.43,62750.0,1.74,25.82,2.1,1.48,0,0.0,0.4367963975554841,0.5808941781923448,0.06272113219684786,0.34963010614345447,0.7574782888388549,0.252492762946285,0.7857832100353811,40.7,78.6,55.8
53039,"Klickitat County, Washington",Washington,23411,12.93,71042.0,5.22,31.18,0.1,8.79,4,1.709,0.47668060469604373,0.358957864265037,0.6703119974268253,0.21260855580572532,0.11997426825345771,0.8468961080733355,0.7240270183338694,44.8,72.4,55.8
55107,"Rusk County, Wisconsin",Wisconsin,14179,13.11,59944.0,5.38,16.92,0.2,1.09,3,2.116,0.49018977163074945,0.6645223544548087,0.7015117401093599,0.7732389835960116,0.17368928916050178,0.15792859440334514,0.6551945963332261,49.4,65.5,55.8
42049,"Erie County, Pennsylvania",Pennsylvania,269052,14.97,63354.0,5.4,30.3,1.4,4.86,73,2.713,0.6153103891926665,0.5599871341267288,0.7060147957542618,0.23158571888066903,0.637825667417176,0.6789964618848504,0.5368285622386619,57.2,53.7,55.8
51149,"Prince George County, Virginia",Virginia,43146,8.89,84897.0,5.21,24.96,0.6,5.85,5,1.159,0.17208105500160822,0.13573496301061436,0.6680604696043744,0.3782566741717594,0.38018655516243166,0.736571244773239,0.7735606304277903,41.2,77.4,55.7
18113,"Noble County, Indiana",Indiana,47495,9.15,71723.0,3.16,18.8,2.0,6.05,10,2.105,0.18752010292698618,0.33998070119009327,0.23673206818912834,0.6802830492119653,0.7468639433901576,0.7455773560630428,0.6571244773238983,48.9,65.7,55.7
48235,"Irion County, Texas",Texas,1409,10.79,70357.0,0.43,28.32,2.2,5.11,0,0.0,0.3039562560308781,0.37439691219041493,0.008684464458025088,0.2775812158250241,0.7709874557735606,0.6960437439691219,0.7857832100353811,40.5,78.6,55.7
39017,"Butler County, Ohio",Ohio,392876,11.82,81590.0,5.07,32.85,3.1,8.05,89,2.265,0.3888710196204567,0.1659697651978128,0.6436153103891926,0.18140881312319074,0.8504342232229013,0.8227725956899324,0.6288195561273722,50.9,62.9,55.7
29009,"Barry County, Missouri",Missouri,35033,15.19,58346.0,4.55,14.61,1.1,4.8,12,3.425,0.6272113219684786,0.7114827918944998,0.5307172724348665,0.8883885493727887,0.5638468961080734,0.6738501125763912,0.39240913477002254,66.6,39.2,55.7
05047,"Franklin County, Arkansas",Arkansas,17326,17.98,55886.0,4.87,14.51,0.4,1.51,5,2.886,0.7767770987455773,0.7668060469604374,0.6008362817626246,0.8925699581859119,0.28208427146992604,0.2582824059183017,0.4985525892569958,59.6,49.9,55.7
39075,"Holmes County, Ohio",Ohio,44418,9.26,76140.0,2.24,11.06,8.2,0.38,6,1.351,0.19749115471212608,0.24605982631071083,0.10485686715985848,0.9781280154390479,0.9675136699903506,0.0276616275329688,0.7597298166613059,42.0,76.0,55.6
06009,"Calaveras County, California",California,46248,13.0,78647.0,4.52,23.87,0.4,6.14,8,1.73,0.48150530717272433,0.20488903184303633,0.5239626889675136,0.42650369893856543,0.28208427146992604,0.7510453522032808,0.7214538436796397,44.5,72.1,55.6
17151,"Pope County, Illinois",Illinois,3739,13.31,60050.0,2.79,15.67,0.1,0.88,0,0.0,0.5072370537150209,0.6606625924734641,0.17626246381473143,0.8420714055966548,0.11997426825345771,0.11321968478610486,0.7857832100353811,40.3,78.6,55.6
26165,"Wexford County, Michigan",Michigan,34077,13.92,61085.0,5.29,21.31,0.2,1.79,7,2.054,0.547764554519138,0.6307494371180444,0.6828562238661949,0.5429398520424574,0.17368928916050178,0.31971695078803475,0.6654872949501447,48.3,66.5,55.6
17101,"Lawrence County, Illinois",Illinois,15031,14.49,55324.0,8.1,14.95,0.9,1.48,5,3.326,0.585075587005468,0.7812801543904793,0.9302026375040205,0.8745577356063042,0.4985525892569958,0.252492762946285,0.4104213573496301,65.4,41.0,55.6
48005,"Angelina County, Texas",Texas,87275,15.76,60960.0,6.39,17.94,2.4,8.0,36,4.125,0.6600192988099067,0.6346091990993888,0.8330652943068511,0.7262785461563204,0.7918944998391766,0.819877774203924,0.27468639433901576,74.4,27.5,55.6
01093,"Marion County, Alabama",Alabama,29184,16.21,50088.0,5.02,13.26,0.3,0.74,8,2.741,0.6841428111933098,0.880347378578321,0.6310710839498231,0.9314892248311354,0.22997748472177548,0.08427146992602123,0.5300739787713091,57.4,53.0,55.6
12123,"Taylor County, Florida",Florida,21503,17.34,49073.0,5.39,16.54,0.0,5.3,7,3.255,0.747507237053715,0.8993245416532647,0.7040849147635896,0.7970408491476358,0.0,0.7044065615953683,0.425860405275008,64.2,42.6,55.6
29227,"Worth County, Missouri",Missouri,1934,20.56,47847.0,1.56,21.08,0.0,0.41,0,0.0,0.8642650369893856,0.9163718237375362,0.05114184625281441,0.5551624316500482,0.0,0.03312962367320682,0.7857832100353811,40.3,78.6,55.6
19079,"Hamilton County, Iowa",Iowa,14886,7.4,72432.0,4.85,22.76,1.4,6.39,3,2.015,0.08105500160823416,0.32454165326471535,0.5966548729495015,0.4705693148922483,0.637825667417176,0.7632679318108717,0.6699903505950466,47.9,67.0,55.5
08017,"Cheyenne County, Colorado",Colorado,1741,8.23,70865.0,0.41,26.13,4.2,4.77,0,0.0,0.12672885172081055,0.36185268575104534,0.008362817626246381,0.33772917336764235,0.8970730138308137,0.6715985847539402,0.7857832100353811,40.1,78.6,55.5
51183,"Sussex County, Virginia",Virginia,10765,11.59,63530.0,4.08,16.5,0.1,1.02,0,0.0,0.36474750723705374,0.5551624316500482,0.4236088774525571,0.7986490833065294,0.11997426825345771,0.14506272113219684,0.7857832100353811,40.1,78.6,55.5
18153,"Sullivan County, Indiana",Indiana,20780,13.85,56204.0,4.45,14.55,0.0,0.81,4,1.925,0.5432614988742361,0.7623029913155356,0.50498552589257,0.8909617240270183,0.0,0.09585075587005468,0.6880025731746542,46.6,68.8,55.5
38001,"Adams County, North Dakota",North Dakota,2145,14.79,62500.0,2.23,24.4,0.0,5.41,0,0.0,0.6056609842393053,0.5870054679961403,0.10324863300096494,0.40238018655516244,0.0,0.7095529109038275,0.7857832100353811,40.1,78.6,55.5
22037,"East Feliciana Parish, Louisiana",Louisiana,19271,16.23,73085.0,5.88,19.25,0.1,0.46,3,1.557,0.6854293985204246,0.30749437118044387,0.7767770987455773,0.6545513026696687,0.11997426825345771,0.03891926664522354,0.7410743004181409,43.1,74.1,55.5
40081,"Lincoln County, Oklahoma",Oklahoma,34219,17.27,62216.0,3.86,16.14,0.3,0.88,7,2.046,0.7439691219041492,0.5963332261177228,0.3834030234802187,0.8163396590543583,0.22997748472177548,0.11321968478610486,0.6664522354454808,48.1,66.6,55.5
22085,"Sabine Parish, Louisiana",Louisiana,21977,23.72,50329.0,6.59,13.63,0.8,0.83,8,3.64,0.9327758121582502,0.8768092634287552,0.8520424573817947,0.9211965262142168,0.46317143776133807,0.1013187520102927,0.351238340302348,69.1,35.1,55.5
28159,"Winston County, Mississippi",Mississippi,17536,26.86,53031.0,6.72,19.7,0.3,0.19,5,2.851,0.9649404953361209,0.826632357671277,0.861691862335156,0.6294628497909296,0.22997748472177548,0.011257639112254744,0.5069154068832422,58.7,50.7,55.5
17041,"Douglas County, Illinois",Illinois,19751,8.47,77320.0,2.53,20.86,3.2,4.17,3,1.519,0.14152460598263106,0.22708266323576712,0.1379864908330653,0.5680283049211965,0.8587970408491477,0.6281762624638147,0.7436474750723705,42.7,74.4,55.4
12053,"Hernando County, Florida",Florida,207018,11.74,66058.0,5.32,21.08,2.2,8.41,64,3.092,0.38050820199421037,0.4879382438082985,0.6899324541653264,0.5551624316500482,0.7709874557735606,0.8314570601479575,0.45706014795754263,61.9,45.7,55.4
08101,"Pueblo County, Colorado",Colorado,169356,14.6,64010.0,4.78,25.61,1.5,4.06,45,2.657,0.5934384046317144,0.5426182052106787,0.5786426503698938,0.35670633644258604,0.6587327114827919,0.6162753296880026,0.5493727886780315,55.8,54.9,55.4
45071,"Newberry County, South Carolina",South Carolina,38435,17.36,61780.0,4.45,23.09,1.9,4.88,12,3.122,0.7494371180443873,0.6091990993888711,0.50498552589257,0.45802508845287876,0.7301383081376649,0.6812479897073014,0.4515921518173046,62.2,45.2,55.4
17141,"Ogle County, Illinois",Illinois,51495,8.36,82132.0,5.04,24.28,1.5,4.53,9,1.748,0.1338050820199421,0.1611450627211322,0.6358957864265037,0.40784818269540046,0.6587327114827919,0.6561595368285622,0.717915728530074,44.2,71.8,55.3
40115,"Ottawa County, Oklahoma",Oklahoma,30341,20.87,49947.0,3.01,15.0,1.1,2.65,10,3.296,0.8739144419427468,0.8832422000643294,0.20553232550659375,0.8710196204567385,0.5638468961080734,0.4634930845931168,0.41781923448054037,64.4,41.8,55.3
37169,"Stokes County, North Carolina",North Carolina,45139,11.17,62969.0,3.13,18.21,0.6,1.47,6,1.329,0.332582824059183,0.5722097137343197,0.22901254422643938,0.7143776133805082,0.38018655516243166,0.25120617561917014,0.7610164039884207,41.3,76.1,55.2
21081,"Grant County, Kentucky",Kentucky,25418,11.73,69178.0,4.91,15.3,0.5,1.35,5,1.967,0.37922161466709553,0.4004503055644902,0.6091990993888711,0.856223866194918,0.3335477645545191,0.22290125442264394,0.680604696043744,46.7,68.1,55.2
42011,"Berks County, Pennsylvania",Pennsylvania,433015,12.23,79777.0,5.43,27.7,5.8,9.74,120,2.771,0.4194274686394339,0.19041492441299454,0.7118044387262785,0.29398520424573815,0.938565455130267,0.867159858475394,0.5242843357992923,57.0,52.4,55.2
26121,"Muskegon County, Michigan",Michigan,175961,14.05,65024.0,6.44,21.35,0.2,1.91,39,2.216,0.5603087809585076,0.5184946928272757,0.8391765841106466,0.5403666773882277,0.17368928916050178,0.34384046317143774,0.6368607269218398,49.6,63.7,55.2
17015,"Carroll County, Illinois",Illinois,15576,14.2,60758.0,3.07,17.75,0.2,2.43,3,1.926,0.5689932454165326,0.6403988420714056,0.21518173045995498,0.7359279511096816,0.17368928916050178,0.4332582824059183,0.6876809263428755,46.1,68.8,55.2
48347,"Nacogdoches County, Texas",Texas,65162,21.8,53555.0,7.02,28.19,2.6,8.0,28,4.297,0.8983596011579286,0.8131231907365712,0.8816339659054359,0.2807976841428112,0.8118366034094564,0.819877774203924,0.252492762946285,75.1,25.2,55.2
46119,"Sully County, South Dakota",South Dakota,1526,6.32,72578.0,0.0,24.06,4.7,4.78,0,0.0,0.04245738179478932,0.32164683177870695,0.0,0.4181408813123191,0.9125120617561917,0.6722418784174976,0.7857832100353811,39.4,78.6,55.1
20153,"Rawlins County, Kansas",Kansas,2516,6.75,67742.0,1.33,19.98,1.6,3.42,0,0.0,0.05596654872949502,0.43197169507880345,0.03827597298166613,0.6140238018655516,0.6767449340623994,0.5548407848182696,0.7857832100353811,39.5,78.6,55.1
31131,"Otoe County, Nebraska",Nebraska,16241,9.09,82188.0,2.71,27.22,3.1,5.26,0,0.0,0.18366034094564168,0.16018012222579608,0.16307494371180445,0.30492119652621424,0.8504342232229013,0.7034416211000322,0.7857832100353811,39.4,78.6,55.1
26147,"St. Clair County, Michigan",Michigan,160221,11.28,71270.0,5.72,20.31,0.3,2.02,28,1.748,0.34223222901254424,0.3538115149565777,0.7536185268575104,0.5966548729495015,0.22997748472177548,0.3634609199099389,0.717915728530074,44.0,71.8,55.1
17123,"Marshall County, Illinois",Illinois,11647,11.43,71585.0,3.82,18.02,0.7,1.06,0,0.0,0.3541331617883564,0.343518816339659,0.3731103248633001,0.7243486651656481,0.42039240913477,0.15117401093599228,0.7857832100353811,39.4,78.6,55.1
38003,"Barnes County, North Dakota",North Dakota,10773,12.11,68038.0,3.78,30.68,1.0,2.32,0,0.0,0.4107430041814088,0.425860405275008,0.36474750723705374,0.22483113541331617,0.5310389192666453,0.41202959150852364,0.7857832100353811,39.5,78.6,55.1
47059,"Greene County, Tennessee",Tennessee,71628,15.36,56194.0,5.73,18.7,0.3,2.01,20,2.792,0.6387906079125121,0.7626246381473143,0.7549051141846252,0.686072692183982,0.22997748472177548,0.3631392730781602,0.5194596333226118,57.3,51.9,55.1
24019,"Dorchester County, Maryland",Maryland,32754,17.14,61839.0,5.71,19.36,0.9,4.48,11,3.358,0.736571244773239,0.6079125120617562,0.752010292698617,0.6484400128658733,0.4985525892569958,0.6516564811836604,0.4036667738822773,64.9,40.4,55.1
46075,"Jones County, South Dakota",South Dakota,1004,18.31,65119.0,2.13,27.37,0.0,4.68,0,0.0,0.7918944998391766,0.515921518173046,0.0919909938887102,0.3000964940495336,0.0,0.6664522354454808,0.7857832100353811,39.4,78.6,55.1
39009,"Athens County, Ohio",Ohio,61737,21.49,56001.0,6.52,34.92,1.1,3.72,20,3.24,0.8877452557092312,0.7651978128015439,0.8462528144097781,0.14602766162753297,0.5638468961080734,0.5844322933419106,0.4284335799292377,63.2,42.8,55.1
38081,"Sargent County, North Dakota",North Dakota,3804,6.88,77946.0,0.77,18.22,1.9,4.13,0,0.0,0.0601479575426182,0.21582502412351237,0.017690575747828882,0.7130910260533934,0.7301383081376649,0.6239948536506915,0.7857832100353811,39.3,78.6,55.0
29025,"Caldwell County, Missouri",Missouri,8927,10.34,64806.0,2.88,19.94,1.1,1.23,0,0.0,0.2721132196847861,0.524605982631071,0.18494692827275652,0.6165969765197813,0.5638468961080734,0.194274686394339,0.7857832100353811,39.3,78.6,55.0
10005,"Sussex County, Delaware",Delaware,255626,10.87,81497.0,5.33,32.99,2.6,8.37,58,2.269,0.30974589900289484,0.16757799935670634,0.69154068832422,0.17883563846896108,0.8118366034094564,0.8304921196526214,0.6281762624638147,49.8,62.8,55.0
47169,"Trousdale County, Tennessee",Tennessee,11957,11.87,72747.0,0.64,14.32,0.5,2.25,0,0.0,0.3930524284335799,0.31650048247024765,0.014795754261820521,0.899002894821486,0.3335477645545191,0.39980701190093276,0.7857832100353811,39.3,78.6,55.0
22095,"St. John the Baptist Parish, Louisiana",Louisiana,40743,14.42,66630.0,10.86,18.17,1.6,5.33,15,3.682,0.5834673528465745,0.4634930845931168,0.9807011900932776,0.7166291412029592,0.6767449340623994,0.7066580894178193,0.34287552267610166,68.8,34.3,55.0
06023,"Humboldt County, California",California,134541,18.67,61160.0,9.02,33.13,1.5,6.16,47,3.493,0.8050820199421036,0.6265680283049212,0.9507880347378578,0.17658411064651014,0.6587327114827919,0.7516886458668383,0.3824380829848826,66.2,38.2,55.0
48041,"Brazos County, Texas",Texas,242311,24.27,58553.0,4.72,43.01,4.1,12.8,88,3.632,0.9401736892891605,0.7060147957542618,0.5615953682856224,0.06336442586040528,0.8941781923448054,0.917658411064651,0.3531682212930203,68.0,35.3,55.0
13005,"Bacon County, Georgia",Georgia,11109,24.47,44694.0,2.64,10.4,0.8,3.52,4,3.601,0.9437118044387263,0.9466066259247347,0.15503377291733678,0.9839176584110646,0.46317143776133807,0.5667417175940817,0.3602444515921518,67.7,36.0,55.0
51153,"Prince William County, Virginia",Virginia,488880,6.19,131402.0,4.8,44.92,5.2,26.29,84,1.718,0.037954326149887425,0.008362817626246381,0.5847539401736893,0.054679961402380184,0.9260212286908974,0.984560952074622,0.7230620778385333,43.3,72.3,54.9
49001,"Beaver County, Utah",Utah,7273,6.64,79360.0,1.67,23.48,2.7,6.72,0,0.0,0.05049855258925699,0.19556127372145385,0.057253136056609845,0.44033451270504986,0.8230942425217112,0.7758121582502412,0.7857832100353811,39.0,78.6,54.9
32029,"Storey County, Nevada",Nevada,4140,7.06,93409.0,6.47,31.24,0.7,5.75,0,0.0,0.06722418784174976,0.0781601801222258,0.8411064651013187,0.21132196847861048,0.42039240913477,0.7294950144741075,0.7857832100353811,39.1,78.6,54.9
53023,"Garfield County, Washington",Washington,2353,11.99,64884.0,6.27,31.78,0.0,2.25,0,0.0,0.40205853972338373,0.5226761016403988,0.8205210678674815,0.20070762302991316,0.0,0.39980701190093276,0.7857832100353811,39.1,78.6,54.9
29073,"Gasconade County, Missouri",Missouri,14746,12.58,64232.0,3.28,18.11,0.5,0.5,0,0.0,0.4461241556770666,0.5365069154068832,0.26117722740431004,0.7214538436796397,0.3335477645545191,0.0459954969443551,0.7857832100353811,39.1,78.6,54.9
47173,"Union County, Tennessee",Tennessee,20431,13.8,62727.0,2.63,14.18,0.1,0.51,0,0.0,0.5397233837246703,0.5812158250241235,0.15310389192666451,0.9025410099710518,0.11997426825345771,0.04663879060791251,0.7857832100353811,39.1,78.6,54.9
13093,"Dooly County, Georgia",Georgia,10984,15.73,60987.0,3.57,14.82,0.3,4.27,3,2.731,0.6584110646510132,0.6342875522676101,0.31682212930202636,0.8800257317465423,0.22997748472177548,0.6362174332582824,0.5323255065937601,55.9,53.2,54.9
30109,"Wibaux County, Montana",Montana,1193,15.81,67462.0,1.71,22.47,0.0,5.2,0,0.0,0.6625924734641364,0.44033451270504986,0.0601479575426182,0.48568671598584756,0.0,0.7011900932775812,0.7857832100353811,39.2,78.6,54.9
45085,"Sumter County, South Carolina",South Carolina,104725,16.56,56693.0,6.87,23.55,0.4,3.0,31,2.96,0.7066580894178193,0.7513669990350595,0.8735927951109682,0.43743969121904147,0.28208427146992604,0.5065937600514635,0.4831135413316179,59.3,48.3,54.9
51740,"Portsmouth city, Virginia",Virginia,97190,17.34,60491.0,6.55,24.32,0.8,3.26,30,3.087,0.747507237053715,0.6497266001929881,0.8488259890640077,0.4065615953682856,0.46317143776133807,0.5381151495657768,0.45802508845287876,60.9,45.8,54.9
06019,"Fresno County, California",California,1016725,18.31,74201.0,8.69,24.27,9.0,20.0,414,4.072,0.7918944998391766,0.2856223866194918,0.9453200385976198,0.4081698295271792,0.9729816661305886,0.9639755548407848,0.2814409778063686,72.8,28.1,54.9
37109,"Lincoln County, North Carolina",North Carolina,92716,11.25,80016.0,3.34,28.31,2.1,5.47,15,1.618,0.33933740752653585,0.18719845609520747,0.27114827918945,0.2785461563203602,0.7574782888388549,0.7127693792216147,0.7336764232872306,42.4,73.4,54.8
46011,"Brookings County, South Dakota",South Dakota,35353,13.16,70064.0,3.75,42.51,1.8,6.18,7,1.98,0.49501447410743005,0.38050820199421037,0.3583145706014796,0.06722418784174976,0.7140559665487295,0.752975233193953,0.6789964618848504,46.1,67.9,54.8
08043,"Fremont County, Colorado",Colorado,49634,13.35,62664.0,4.26,21.97,0.5,2.28,10,2.015,0.5088452878739145,0.5821807655194596,0.45834673528465747,0.5085236410421358,0.3335477645545191,0.4062399485365069,0.6699903505950466,46.6,67.0,54.8
54067,"Nicholas County, West Virginia",West Virginia,24277,15.4,54639.0,5.92,23.31,0.2,1.64,6,2.471,0.6403988420714056,0.7944676744934063,0.7848182695400451,0.44773238983596014,0.17368928916050178,0.28916050176905755,0.5886137021550337,52.2,58.9,54.8
42075,"Lebanon County, Pennsylvania",Pennsylvania,144186,10.1,78425.0,4.32,24.27,2.5,4.35,29,2.011,0.2534577034416211,0.20907044065615954,0.470890961724027,0.4081698295271792,0.8018655516243165,0.6416854293985205,0.6712769379221615,46.4,67.1,54.7
20055,"Finney County, Kansas",Kansas,38084,11.08,73009.0,4.06,18.99,13.9,23.92,12,3.151,0.3235767127693792,0.3107108394982309,0.41974911547121263,0.6703119974268253,0.9887423608877453,0.9778063686072692,0.44548086201350917,61.5,44.5,54.7
41059,"Umatilla County, Oregon",Oregon,79940,11.78,67728.0,5.04,18.31,4.0,10.91,28,3.503,0.3834030234802187,0.4329366355741396,0.6358957864265037,0.7079446767449341,0.8896751366999035,0.8941781923448054,0.3808298488259891,65.7,38.1,54.7
29017,"Bollinger County, Missouri",Missouri,10559,13.63,63814.0,3.46,13.89,0.0,0.49,0,0.0,0.5265358636217433,0.5461563203602444,0.2946284979092956,0.9131553554197491,0.0,0.04406561595368286,0.7857832100353811,38.7,78.6,54.7
48401,"Rusk County, Texas",Texas,52842,14.41,68658.0,4.46,17.53,1.9,6.3,17,3.217,0.5825024123512383,0.4091347700225153,0.5091669347056932,0.7465422965583789,0.7301383081376649,0.7584432293341911,0.4339015760694757,62.3,43.4,54.7
21175,"Morgan County, Kentucky",Kentucky,14053,17.07,47913.0,3.07,18.74,0.0,1.81,3,2.135,0.7314248954647796,0.9150852364104214,0.21518173045995498,0.6834995175297524,0.0,0.3232550659376005,0.651013187520103,47.8,65.1,54.7
01081,"Lee County, Alabama",Alabama,181134,18.94,65824.0,3.55,42.38,2.8,7.05,49,2.705,0.8131231907365712,0.4969443550981023,0.31199742682534576,0.06754583467352847,0.8308137664844001,0.7906079125120618,0.5397233837246703,55.2,54.0,54.7
51069,"Frederick County, Virginia",Virginia,95008,6.81,97606.0,4.24,31.87,1.9,7.81,6,0.632,0.05789642972016726,0.060791251206175616,0.45513026696687037,0.1984560952074622,0.7301383081376649,0.8121582502412351,0.7851399163718238,38.6,78.5,54.6
27003,"Anoka County, Minnesota",Minnesota,370349,7.02,101869.0,4.26,32.18,2.7,10.21,55,1.485,0.0646510131875201,0.049533612093920876,0.45834673528465747,0.1929880990672242,0.8230942425217112,0.8809906722418784,0.747507237053715,41.2,74.8,54.6
42089,"Monroe County, Pennsylvania",Pennsylvania,167515,10.68,83565.0,6.9,27.39,2.2,11.23,45,2.686,0.29688002573174654,0.14860083628176263,0.8748793824380829,0.2997748472177549,0.7709874557735606,0.8993245416532647,0.5426182052106787,54.8,54.3,54.6
24033,"Prince George's County, Maryland",Maryland,959754,10.84,101798.0,6.38,36.68,6.1,25.25,252,2.626,0.3078160180122226,0.04985525892569958,0.8321003538115149,0.12254744290768736,0.9437118044387263,0.9819877774203924,0.5561273721453843,54.0,55.6,54.6
24015,"Cecil County, Maryland",Maryland,104960,10.85,92007.0,5.46,27.98,1.1,3.93,18,1.715,0.3081376648440013,0.08523641042135735,0.717915728530074,0.2849790929559344,0.5638468961080734,0.6018012222579607,0.723383724670312,42.7,72.3,54.6
51171,"Shenandoah County, Virginia",Virginia,44925,11.8,67191.0,4.77,21.59,2.9,5.17,13,2.894,0.38533290447089097,0.44934062399485364,0.576391122547443,0.524605982631071,0.8378899967835317,0.6986169186233515,0.4975876487616597,57.9,49.8,54.6
17107,"Logan County, Illinois",Illinois,27713,13.13,66358.0,3.98,20.91,0.2,1.46,3,1.083,0.49179800578964294,0.47185590221936313,0.40720488903184304,0.5635252492762947,0.17368928916050178,0.2483113541331618,0.7764554519137986,39.3,77.6,54.6
08029,"Delta County, Colorado",Colorado,31598,13.99,57774.0,3.15,26.64,1.9,3.8,8,2.532,0.5558057253136056,0.7249919588292055,0.2344805403666774,0.32164683177870695,0.7301383081376649,0.5921518173045995,0.5751045352203281,52.7,57.5,54.6
48501,"Yoakum County, Texas",Texas,7571,16.78,84925.0,6.86,20.09,7.5,22.1,3,3.962,0.7182373753618527,0.13541331617883565,0.8723062077838534,0.6085558057253136,0.9568993245416533,0.9697651978128016,0.2991315535541975,71.0,29.9,54.6
28137,"Tate County, Mississippi",Mississippi,28321,16.86,69704.0,4.66,23.64,0.2,1.12,4,1.412,0.7227404310067546,0.3875844322933419,0.5519459633322612,0.4339015760694757,0.17368928916050178,0.16436153103891926,0.755226761016404,40.6,75.5,54.6
28015,"Carroll County, Mississippi",Mississippi,9686,17.89,59327.0,1.62,21.15,0.0,1.51,0,0.0,0.7716307494371181,0.6825345770344162,0.05371502090704407,0.5509810228369251,0.0,0.2582824059183017,0.7857832100353811,38.6,78.6,54.6
29069,"Dunklin County, Missouri",Missouri,27493,22.03,47849.0,4.76,13.21,0.8,2.91,11,4.001,0.9031843036346092,0.9160501769057575,0.5731746542296559,0.9324541653264715,0.46317143776133807,0.4979092955934384,0.29398520424573815,71.4,29.4,54.6
01013,"Butler County, Alabama",Alabama,18630,22.41,44755.0,6.47,13.54,0.7,2.32,8,4.294,0.9102605339337407,0.9453200385976198,0.8411064651013187,0.9244129945320039,0.42039240913477,0.41202959150852364,0.2528144097780637,74.2,25.3,54.6
55027,"Dodge County, Wisconsin",Wisconsin,88742,8.5,75929.0,3.78,20.31,1.2,2.45,11,1.24,0.14409778063686074,0.2495979414602766,0.36474750723705374,0.5966548729495015,0.5895786426503699,0.4367963975554841,0.7668060469604374,39.7,76.7,54.5
48173,"Glasscock County, Texas",Texas,1068,8.9,101250.0,0.78,29.25,5.4,10.11,0,0.0,0.17304599549694435,0.05114184625281441,0.018012222579607592,0.255709231264072,0.9298809906722418,0.8787391444194275,0.7857832100353811,38.4,78.6,54.5
13013,"Barrow County, Georgia",Georgia,89886,9.55,80653.0,3.75,21.22,1.9,10.13,20,2.225,0.21614667095529108,0.17787069797362495,0.3583145706014796,0.5461563203602444,0.7301383081376649,0.8797040849147636,0.6358957864265037,48.5,63.6,54.5
51165,"Rockingham County, Virginia",Virginia,85600,9.78,80693.0,2.73,29.03,1.8,6.21,3,0.35,0.23287230620778385,0.17690575747828885,0.16693470569314892,0.25989064007719526,0.7140559665487295,0.7536185268575104,0.7854615632036025,38.4,78.5,54.5
27065,"Kanabec County, Minnesota",Minnesota,16390,10.02,71460.0,4.59,15.73,0.2,1.11,0,0.0,0.2492762946284979,0.34705693148922484,0.5394017368928916,0.8385332904470891,0.17368928916050178,0.1617883563846896,0.7857832100353811,38.5,78.6,54.5
17029,"Coles County, Illinois",Illinois,46777,18.7,56478.0,6.12,26.9,0.6,2.77,14,2.993,0.8063686072692184,0.7558700546799614,0.808941781923448,0.31489224831135415,0.38018655516243166,0.4808620135091669,0.47668060469604373,59.1,47.7,54.5
47081,"Hickman County, Tennessee",Tennessee,25436,10.64,68247.0,2.42,13.86,0.5,1.53,3,1.179,0.2933419105821808,0.4191058218076552,0.1247989707301383,0.9137986490833065,0.3335477645545191,0.2653586362174333,0.7713091026053394,39.2,77.1,54.4
13097,"Douglas County, Georgia",Georgia,147888,10.86,82984.0,6.22,30.85,2.0,9.58,37,2.502,0.3091026053393374,0.15471212608555807,0.8163396590543583,0.22290125442264394,0.7468639433901576,0.8645866838211643,0.5805725313605661,51.9,58.1,54.4
13143,"Haralson County, Georgia",Georgia,31285,15.35,72127.0,4.45,16.96,0.0,1.49,5,1.598,0.6375040205853972,0.3309745899002895,0.50498552589257,0.7706658089417819,0.0,0.25442264393695724,0.7356063042779029,41.6,73.6,54.4
54005,"Boone County, West Virginia",West Virginia,21026,16.24,57093.0,8.89,11.52,0.7,0.46,7,3.329,0.6863943390157607,0.7385011257639112,0.9482148600836282,0.9713734319716951,0.42039240913477,0.03891926664522354,0.4084914763589579,63.4,40.8,54.4
40137,"Stephens County, Oklahoma",Oklahoma,43551,18.02,61620.0,5.23,20.62,1.2,2.68,14,3.215,0.7806368607269218,0.6124155677066581,0.6709552910903828,0.5805725313605661,0.5895786426503699,0.4689610807333548,0.4342232229012544,61.7,43.4,54.4
41035,"Klamath County, Oregon",Oregon,70247,18.31,58830.0,7.18,22.68,1.1,4.7,26,3.701,0.7918944998391766,0.6966870376326794,0.8903184303634609,0.4744290768735928,0.5638468961080734,0.667417175940817,0.33965905435831456,68.1,34.0,54.4
28067,"Jones County, Mississippi",Mississippi,66472,18.74,52216.0,4.0,20.65,1.0,2.86,21,3.159,0.8082984882598906,0.843036346091991,0.4100997105178514,0.577356063042779,0.5310389192666453,0.49051141846252816,0.44419427468639433,61.0,44.4,54.4
40009,"Beckham County, Oklahoma",Oklahoma,22148,21.68,53328.0,7.86,12.95,0.6,3.7,10,4.515,0.893534898681248,0.8189128337085879,0.9215181730459955,0.9395303956256031,0.38018655516243166,0.5821807655194596,0.22643936957220973,75.6,22.6,54.4
13205,"Mitchell County, Georgia",Georgia,21058,23.44,57613.0,5.95,14.26,1.1,2.97,9,4.274,0.9305242843357993,0.7304599549694436,0.7896429720167256,0.9015760694757157,0.5638468961080734,0.5046638790607912,0.255709231264072,73.7,25.6,54.4
19051,"Davis County, Iowa",Iowa,9157,7.16,77194.0,2.72,17.06,2.6,1.43,0,0.0,0.07269218398198778,0.2293341910582181,0.16500482470247668,0.7648761659697652,0.8118366034094564,0.24091347700225152,0.7857832100353811,38.1,78.6,54.3
27009,"Benton County, Minnesota",Minnesota,41593,9.87,74410.0,3.94,26.22,1.0,3.49,5,1.202,0.23994853650691542,0.2807976841428112,0.4010935992280476,0.3329044708909617,0.5310389192666453,0.563203602444516,0.7700225152782245,39.1,77.0,54.3
39059,"Guernsey County, Ohio",Ohio,38223,15.31,58478.0,5.25,15.6,0.3,0.86,10,2.616,0.633322611772274,0.7079446767449341,0.6735284657446124,0.8443229334191058,0.22997748472177548,0.10678674815053071,0.5583788999678353,53.3,55.8,54.3
29141,"Morgan County, Missouri",Missouri,21717,18.32,53412.0,2.89,16.61,1.3,0.92,6,2.763,0.7928594403345127,0.8176262463814732,0.18687680926342876,0.7912512061756192,0.6156320360244452,0.12158250241235123,0.5249276294628498,55.4,52.5,54.3
13255,"Spalding County, Georgia",Georgia,68892,18.94,62071.0,7.3,18.47,1.6,4.07,28,4.064,0.8131231907365712,0.6018012222579607,0.8977163074943711,0.6966870376326794,0.6767449340623994,0.6182052106786748,0.28208427146992604,71.7,28.2,54.3
48425,"Somervell County, Texas",Texas,9691,7.51,79825.0,3.17,29.3,1.6,8.32,0,0.0,0.08813123190736571,0.18977163074943712,0.23834030234802187,0.25474429076873595,0.6767449340623994,0.829848825989064,0.7857832100353811,38.0,78.6,54.2
48057,"Calhoun County, Texas",Texas,19868,7.66,79959.0,7.37,20.06,3.7,9.23,6,3.02,0.09392087487938244,0.1878417497587649,0.901254422643937,0.6101640398842071,0.8819556127372146,0.8555805725313606,0.4715342553875844,58.8,47.2,54.2
54009,"Brooke County, West Virginia",West Virginia,21805,13.08,54316.0,6.26,23.4,0.1,1.52,5,2.293,0.48697330331296235,0.8009006111289804,0.8189128337085879,0.4438726278546156,0.11997426825345771,0.26182052106786746,0.6230299131553554,48.9,62.3,54.2
17157,"Randolph County, Illinois",Illinois,30058,14.63,68131.0,5.04,15.25,1.1,2.45,9,2.994,0.5944033451270505,0.42264393695722097,0.6358957864265037,0.8597619813444838,0.5638468961080734,0.4367963975554841,0.476358957864265,58.6,47.6,54.2
15001,"Hawaii County, Hawaii",Hawaii,205769,14.94,78639.0,6.0,31.42,3.5,11.8,64,3.11,0.6133805082019942,0.20521067867481504,0.7976841428111933,0.2068189128337086,0.8735927951109682,0.9064007719523963,0.45416532647153424,60.1,45.4,54.2
12065,"Jefferson County, Florida",Florida,15091,20.97,61212.0,7.42,19.16,0.2,3.16,5,3.313,0.8761659697651978,0.6249597941460276,0.9031843036346092,0.6603409456416854,0.17368928916050178,0.5252492762946285,0.41299453200385977,62.7,41.3,54.2
35047,"San Miguel County, New Mexico",New Mexico,26850,24.41,49431.0,4.79,26.5,4.2,2.43,10,3.724,0.9430685107751688,0.8916050176905758,0.5825024123512383,0.32422000643293664,0.8970730138308137,0.4332582824059183,0.33708587970408493,67.9,33.7,54.2
36099,"Seneca County, New York",New York,32920,13.47,68089.0,4.52,25.24,0.8,2.96,7,2.126,0.5165648118366034,0.42457381794789323,0.5239626889675136,0.3686072692183982,0.46317143776133807,0.5030556449018977,0.6526214216789965,46.7,65.3,54.1
19013,"Black Hawk County, Iowa",Iowa,131049,14.95,66417.0,4.56,30.29,2.6,6.47,38,2.9,0.6143454486973303,0.46992602122869087,0.5329688002573174,0.23190736571244774,0.8118366034094564,0.7655194596333226,0.4966227082663236,57.1,49.7,54.1
18103,"Miami County, Indiana",Indiana,35712,15.11,61139.0,6.56,16.07,0.2,1.43,10,2.8,0.6220649726600193,0.6284979092955935,0.8491476358957865,0.8201994210357028,0.17368928916050178,0.24091347700225152,0.5178513991637183,55.6,51.8,54.1
37005,"Alleghany County, North Carolina",North Carolina,11174,15.98,47172.0,3.71,23.58,3.6,5.11,4,3.58,0.6722418784174976,0.9205532325506594,0.34705693148922484,0.4361531038919267,0.8784174975876488,0.6960437439691219,0.36506915406883245,65.8,36.5,54.1
04007,"Gila County, Arizona",Arizona,53795,16.89,61986.0,7.05,18.73,1.2,3.56,20,3.718,0.7237053715020907,0.6030878095850756,0.8832422000643294,0.6841428111933098,0.5895786426503699,0.5712447732389836,0.33772917336764235,67.6,33.8,54.1
16065,"Madison County, Idaho",Idaho,54618,24.48,60160.0,8.27,41.81,0.7,5.25,18,3.296,0.944033451270505,0.6584110646510132,0.9369572209713735,0.07269218398198778,0.42039240913477,0.702476680604696,0.41781923448054037,62.2,41.8,54.1
20069,"Gray County, Kansas",Kansas,5701,8.52,79122.0,2.65,25.92,1.0,10.37,0,0.0,0.14570601479575426,0.19716950788034737,0.1566420070762303,0.3454486973303313,0.5310389192666453,0.8842071405596655,0.7857832100353811,37.7,78.6,54.0
26091,"Lenawee County, Michigan",Michigan,98415,10.71,70518.0,4.72,22.67,0.7,2.16,17,1.727,0.2988099067224188,0.36957220971373433,0.5615953682856224,0.4753940173689289,0.42039240913477,0.3856545513026697,0.7217754905114184,41.9,72.2,54.0
26053,"Gogebic County, Michigan",Michigan,14319,14.4,52732.0,6.49,22.84,0.7,1.17,4,2.793,0.5815374718559022,0.8330652943068511,0.843036346091991,0.46735284657446124,0.42039240913477,0.1749758764876166,0.5191379864908331,55.3,51.9,54.0
21049,"Clark County, Kentucky",Kentucky,37192,14.58,64348.0,4.41,22.92,0.3,1.64,7,1.882,0.5918301704728208,0.534577034416211,0.4975876487616597,0.4641363782566742,0.22997748472177548,0.28916050176905755,0.6976519781280155,43.5,69.8,54.0
48225,"Houston County, Texas",Texas,22051,15.03,56531.0,6.71,14.8,1.3,3.41,9,4.081,0.6188485043422323,0.7542618205210678,0.8597619813444838,0.8806690254100997,0.6156320360244452,0.5545191379864909,0.27983274364747507,71.4,28.0,54.0
26021,"Berrien County, Michigan",Michigan,153288,15.08,65425.0,6.17,30.94,0.8,5.46,43,2.805,0.6201350916693471,0.5085236410421358,0.8121582502412351,0.2209713734319717,0.46317143776133807,0.7118044387262785,0.5168864586683821,55.6,51.7,54.0
26143,"Roscommon County, Michigan",Michigan,23737,15.54,55246.0,4.74,20.22,0.4,1.3,6,2.528,0.6490833065294307,0.7832100353811515,0.5693148922483113,0.6005146349308459,0.28208427146992604,0.20939208748793825,0.5760694757156642,51.6,57.6,54.0
48333,"Mills County, Texas",Texas,4511,7.2,67620.0,3.19,27.89,1.0,4.72,0,0.0,0.07430041814088131,0.43711804438726276,0.24252171116114507,0.28883885493727884,0.5310389192666453,0.6687037632679318,0.7857832100353811,37.4,78.6,53.9
38025,"Dunn County, North Dakota",North Dakota,4040,7.4,97689.0,3.42,25.21,5.7,3.04,0,0.0,0.08105500160823416,0.0598263107108395,0.2859440334512705,0.36957220971373433,0.9347056931489225,0.5127050498552589,0.7857832100353811,37.4,78.6,53.9
48035,"Bosque County, Texas",Texas,18687,9.29,68914.0,3.58,20.37,1.0,5.97,4,2.141,0.20038597619813445,0.40431006754583465,0.31939530395625604,0.5940816982952718,0.5310389192666453,0.742039240913477,0.6497266001929881,46.5,65.0,53.9
20157,"Republic County, Kansas",Kansas,4646,10.63,56833.0,1.8,21.5,0.4,1.87,0,0.0,0.29205532325506595,0.7462206497266002,0.06690254100997105,0.5307172724348665,0.28208427146992604,0.33386941138629783,0.7857832100353811,37.5,78.6,53.9
26079,"Kalkaska County, Michigan",Michigan,18239,12.24,68578.0,3.85,18.99,0.1,1.45,0,0.0,0.42039240913477,0.4113862978449662,0.3811514956577678,0.6703119974268253,0.11997426825345771,0.24605982631071083,0.7857832100353811,37.5,78.6,53.9
26059,"Hillsdale County, Michigan",Michigan,45654,14.37,64242.0,4.38,21.17,0.1,1.45,8,1.752,0.5792859440334512,0.5361852685751045,0.48954647796719203,0.5496944355098102,0.11997426825345771,0.24605982631071083,0.7172724348665166,42.0,71.7,53.9
54045,"Logan County, West Virginia",West Virginia,31418,21.78,49723.0,8.51,14.72,0.0,0.39,10,3.183,0.896751366999035,0.8871019620456738,0.941781923448054,0.8842071405596655,0.0,0.030234802187198456,0.4387262785461563,60.7,43.9,53.9
22045,"Iberia Parish, Louisiana",Louisiana,68599,22.84,56961.0,7.26,14.84,1.0,2.58,30,4.373,0.9189449983917658,0.7423608877452557,0.8951431328401416,0.8793824380829849,0.5310389192666453,0.45480862013509166,0.24187841749758765,73.7,24.2,53.9
35037,"Quay County, New Mexico",New Mexico,8564,27.12,41946.0,7.43,19.59,0.5,0.6,3,3.503,0.9662270826632358,0.9636539080090061,0.9038275972981666,0.6365390800900611,0.3335477645545191,0.06046960437439691,0.3808298488259891,64.4,38.1,53.9
45005,"Allendale County, South Carolina",South Carolina,7661,28.15,32328.0,8.49,14.26,0.3,0.94,3,3.916,0.9716950788034738,0.9967835316822129,0.9411386297844966,0.9015760694757157,0.22997748472177548,0.12737214538436797,0.30620778385332903,69.5,30.6,53.9
20017,"Chase County, Kansas",Kansas,2561,8.35,56484.0,0.94,30.24,0.8,4.14,0,0.0,0.13348343518816339,0.7555484078481827,0.021871984560952074,0.23319395303956256,0.46317143776133807,0.6252814409778064,0.7857832100353811,37.2,78.6,53.8
55075,"Marinette County, Wisconsin",Wisconsin,42046,9.76,63809.0,3.43,19.77,0.8,1.75,7,1.665,0.2302991315535542,0.5467996140238018,0.28851720810550013,0.6249597941460276,0.46317143776133807,0.31199742682534576,0.7291733676423288,41.1,72.9,53.8
16027,"Canyon County, Idaho",Idaho,250790,10.51,76488.0,3.66,23.24,3.4,8.73,62,2.472,0.2833708587970408,0.2396268896751367,0.33708587970408493,0.45223544548086203,0.869411386297845,0.8449662270826632,0.588292055323255,50.4,58.8,53.8
17069,"Hardin County, Illinois",Illinois,3605,10.96,54271.0,2.76,13.28,0.0,0.28,0,0.0,0.3132840141524606,0.8015439047925378,0.17272434866516564,0.9305242843357993,0.0,0.0183338694113863,0.7857832100353811,37.3,78.6,53.8
29173,"Ralls County, Missouri",Missouri,10428,11.38,65388.0,4.83,17.0,0.0,0.2,0,0.0,0.3499517529752332,0.5101318752010293,0.5918301704728208,0.7680926342875523,0.0,0.012222579607590866,0.7857832100353811,37.2,78.6,53.8
51650,"Hampton city, Virginia",Virginia,137557,12.72,69621.0,6.34,28.53,1.2,5.9,38,2.762,0.45738179478932134,0.3904792537793503,0.8282405918301705,0.2724348665165648,0.5895786426503699,0.7391444194274687,0.5255709231264072,54.6,52.6,53.8
29167,"Polk County, Missouri",Missouri,32444,16.3,59647.0,4.01,22.49,0.5,1.27,7,2.158,0.6912190414924413,0.6709552910903828,0.41267288517208106,0.48472177549051143,0.3335477645545191,0.20231585718880668,0.6461884850434223,46.6,64.6,53.8
51177,"Spotsylvania County, Virginia",Virginia,146603,7.1,112738.0,5.07,34.95,2.3,10.38,27,1.842,0.07011900932775812,0.025088452878739145,0.6436153103891926,0.14538436796397555,0.7828883885493728,0.8845287873914442,0.7053715020907044,42.5,70.5,53.7
42103,"Pike County, Pennsylvania",Pennsylvania,60621,9.81,81323.0,7.47,29.68,2.2,8.24,16,2.639,0.2341588935348987,0.16886458668382118,0.9070440656159536,0.24477323898359601,0.7709874557735606,0.826632357671277,0.5535541974911548,52.5,55.4,53.7
27099,"Mower County, Minnesota",Minnesota,40343,10.39,73074.0,3.93,23.92,4.7,12.19,11,2.727,0.27725956899324544,0.3081376648440013,0.39884207140559663,0.42457381794789323,0.9125120617561917,0.9115471212608556,0.5336120939208748,53.9,53.4,53.7
47117,"Marshall County, Tennessee",Tennessee,36049,11.78,71049.0,3.92,23.11,0.9,3.23,7,1.942,0.3834030234802187,0.3586362174332583,0.39723383724670314,0.4567385011257639,0.4985525892569958,0.5339337407526535,0.6851077516886459,43.8,68.5,53.7
05117,"Prairie County, Arkansas",Arkansas,8064,11.84,51646.0,3.04,18.23,0.0,0.61,0,0.0,0.39015760694757157,0.8536506915406883,0.20874879382438083,0.7124477323898359,0.0,0.06272113219684786,0.7857832100353811,37.1,78.6,53.7
27011,"Big Stone County, Minnesota",Minnesota,5127,12.94,70400.0,1.79,25.7,1.4,1.77,0,0.0,0.47700225152782244,0.3727886780315214,0.06593760051463493,0.3541331617883564,0.637825667417176,0.3158571888066903,0.7857832100353811,37.1,78.6,53.7
30011,"Carter County, Montana",Montana,1308,15.4,54167.0,2.84,20.68,0.0,0.38,0,0.0,0.6403988420714056,0.8028304921196526,0.1804438726278546,0.5760694757156642,0.0,0.0276616275329688,0.7857832100353811,37.1,78.6,53.7
37047,"Columbus County, North Carolina",North Carolina,50140,18.18,49442.0,4.39,14.6,1.7,3.32,21,4.188,0.7854615632036025,0.891283370858797,0.4930845931167578,0.8887101962045674,0.6960437439691219,0.5451913798649083,0.26696687037632677,71.7,26.7,53.7
27089,"Marshall County, Minnesota",Minnesota,8909,8.3,72543.0,3.47,18.74,0.7,2.04,0,0.0,0.12962367320681892,0.3222901254422644,0.29688002573174654,0.6834995175297524,0.42039240913477,0.3657124477323898,0.7857832100353811,37.0,78.6,53.6
36117,"Wayne County, New York",New York,90929,11.43,74506.0,3.32,25.6,1.2,2.9,13,1.43,0.3541331617883564,0.27725956899324544,0.26889675136699903,0.35734963010614346,0.5895786426503699,0.4966227082663236,0.7536185268575104,39.1,75.4,53.6
13079,"Crawford County, Georgia",Georgia,12225,11.6,67116.0,2.4,14.53,0.0,2.16,0,0.0,0.3660340945641685,0.45223544548086203,0.12061756191701511,0.891283370858797,0.0,0.3856545513026697,0.7857832100353811,36.9,78.6,53.6
39133,"Portage County, Ohio",Ohio,161956,11.68,75766.0,5.34,32.5,0.7,3.68,29,1.791,0.3734319716950788,0.2528144097780637,0.6944355098102284,0.18655516243165005,0.42039240913477,0.5799292376970087,0.7127693792216147,41.8,71.3,53.6
21163,"Meade County, Kentucky",Kentucky,30158,12.23,74355.0,4.83,19.98,0.2,1.39,4,1.326,0.4194274686394339,0.28176262463814733,0.5918301704728208,0.6140238018655516,0.17368928916050178,0.23158571888066903,0.7613380508201995,38.5,76.1,53.6
39019,"Carroll County, Ohio",Ohio,26659,12.85,64835.0,5.63,16.1,0.0,0.21,5,1.876,0.46767449340623996,0.5236410421357349,0.7413959472499196,0.8179478932132519,0.0,0.012865873271148279,0.6986169186233515,42.7,69.9,53.6
19137,"Montgomery County, Iowa",Iowa,10214,15.27,63666.0,2.63,20.38,0.0,1.6,0,0.0,0.6320360244451592,0.5519459633322612,0.15310389192666451,0.5937600514634931,0.0,0.28176262463814733,0.7857832100353811,36.9,78.6,53.6
27143,"Sibley County, Minnesota",Minnesota,15005,9.01,77634.0,3.78,19.43,1.3,4.17,3,1.999,0.17851399163718237,0.22000643293663558,0.36474750723705374,0.6439369572209713,0.6156320360244452,0.6281762624638147,0.675136699903506,44.2,67.5,53.5
12035,"Flagler County, Florida",Florida,126528,10.27,77363.0,4.36,31.31,3.5,12.8,31,2.45,0.26664522354454806,0.22515278224509488,0.4831135413316179,0.20907044065615954,0.8735927951109682,0.917658411064651,0.5934384046317144,49.6,59.3,53.5
22063,"Livingston Parish, Louisiana",Louisiana,148115,12.86,80122.0,4.19,20.54,1.9,4.04,37,2.498,0.4683177870697974,0.18526857510453523,0.4470890961724027,0.5837889996783532,0.7301383081376649,0.6130588613702155,0.5812158250241235,50.5,58.1,53.5
31077,"Greeley County, Nebraska",Nebraska,2202,13.08,63929.0,3.52,21.32,0.3,0.82,0,0.0,0.48697330331296235,0.5445480862013509,0.30685107751688645,0.5426182052106787,0.22997748472177548,0.09874557735606304,0.7857832100353811,36.8,78.6,53.5
40071,"Kay County, Oklahoma",Oklahoma,43625,16.0,58423.0,5.8,19.24,1.5,2.96,16,3.668,0.6735284657446124,0.7095529109038275,0.7648761659697652,0.6561595368285622,0.6587327114827919,0.5030556449018977,0.3451270504985526,66.1,34.5,53.5
17109,"McDonough County, Illinois",Illinois,26920,17.2,52795.0,7.87,31.41,1.1,2.65,9,3.343,0.7394660662592474,0.8311354133161788,0.9221614667095529,0.2071405596654873,0.5638468961080734,0.4634930845931168,0.4052750080411708,62.1,40.5,53.5
48009,"Archer County, Texas",Texas,8867,9.17,72159.0,3.04,25.37,0.9,4.0,0,0.0,0.18977163074943712,0.3303312962367321,0.20874879382438083,0.3628176262463815,0.4985525892569958,0.6082341588935349,0.7857832100353811,36.6,78.6,53.4
19083,"Hardin County, Iowa",Iowa,16639,9.68,65069.0,4.29,21.94,1.4,3.63,4,2.404,0.22322290125442265,0.5172081055001608,0.4634930845931168,0.5094885815374719,0.637825667417176,0.576391122547443,0.6040527500804117,48.8,60.4,53.4
17011,"Bureau County, Illinois",Illinois,32866,10.76,69257.0,4.26,21.66,0.9,3.39,7,2.13,0.30138308137664843,0.39819877774203927,0.45834673528465747,0.5223544548086201,0.4985525892569958,0.5522676101640399,0.6519781280154391,45.5,65.2,53.4
37037,"Chatham County, North Carolina",North Carolina,80151,11.05,94317.0,2.93,48.94,3.1,10.43,12,1.497,0.31971695078803475,0.07462206497266002,0.1929880990672242,0.03441621100032165,0.8504342232229013,0.8854937278867803,0.7455773560630428,39.3,74.6,53.4
17175,"Stark County, Illinois",Illinois,5308,11.05,62878.0,2.33,21.43,0.3,2.35,0,0.0,0.31971695078803475,0.5747828883885494,0.1151495657767771,0.5352203280797684,0.22997748472177548,0.42039240913477,0.7857832100353811,36.6,78.6,53.4
42085,"Mercer County, Pennsylvania",Pennsylvania,109257,13.16,59976.0,5.34,25.63,0.6,1.77,26,2.38,0.49501447410743005,0.6632357671276938,0.6944355098102284,0.3563846896108073,0.38018655516243166,0.3158571888066903,0.6085558057253136,48.4,60.9,53.4
13295,"Walker County, Georgia",Georgia,68762,13.29,59469.0,3.86,21.33,0.3,1.32,13,1.891,0.5053071727243487,0.6764232872306207,0.3834030234802187,0.5422965583789,0.22997748472177548,0.21614667095529108,0.6963653908009007,42.6,69.6,53.4
39127,"Perry County, Ohio",Ohio,35535,14.73,67460.0,3.7,16.15,0.2,0.54,6,1.688,0.6024445159215182,0.4406561595368286,0.34448375683499516,0.8156963653908009,0.17368928916050178,0.05049855258925699,0.7269218398198778,40.5,72.7,53.4
40139,"Texas County, Oklahoma",Oklahoma,20774,15.72,60069.0,3.43,22.11,15.3,23.13,8,3.851,0.657446124155677,0.6603409456416854,0.28851720810550013,0.5014474107430041,0.9919588292055324,0.9749115471212608,0.31617883563846894,67.9,31.6,53.4
18101,"Martin County, Indiana",Indiana,9830,16.28,68594.0,2.39,13.32,0.0,0.52,0,0.0,0.6899324541653264,0.4110646510131875,0.11933097458990029,0.9298809906722418,0.0,0.04856867159858475,0.7857832100353811,36.6,78.6,53.4
17193,"White County, Illinois",Illinois,13619,16.37,54813.0,3.96,18.29,0.1,0.6,3,2.203,0.6957220971373432,0.7909295593438405,0.4033451270504986,0.710196204567385,0.11997426825345771,0.06046960437439691,0.6391122547442908,46.3,63.9,53.4
51105,"Lee County, Virginia",Virginia,21900,28.83,41827.0,9.52,14.08,0.0,1.0,8,3.653,0.9755548407848182,0.9652621421678996,0.9636539080090061,0.9047925377935028,0.0,0.14023801865551624,0.3486651656481184,65.8,34.9,53.4
17009,"Brown County, Illinois",Illinois,6322,9.25,67917.0,3.06,12.58,0.1,1.58,0,0.0,0.19620456738501127,0.428111933097459,0.21228690897394661,0.9498230942425218,0.11997426825345771,0.276616275329688,0.7857832100353811,36.4,78.6,53.3
20201,"Washington County, Kansas",Kansas,5533,9.28,65482.0,1.09,25.78,1.3,2.82,0,0.0,0.19942103570279832,0.5065937600514635,0.02894821486008363,0.35188163396590544,0.6156320360244452,0.48600836281762627,0.7857832100353811,36.5,78.6,53.3
12119,"Sumter County, Florida",Florida,143408,9.71,76508.0,5.45,35.33,0.8,6.12,27,1.883,0.22708266323576712,0.23898359601157929,0.7169507880347379,0.14055966548729495,0.46317143776133807,0.7491154712126086,0.6973303312962368,42.3,69.7,53.3
49017,"Garfield County, Utah",Utah,5219,9.81,61875.0,4.09,28.32,0.6,1.53,0,0.0,0.2341588935348987,0.6066259247346414,0.42521711161145065,0.2775812158250241,0.38018655516243166,0.2653586362174333,0.7857832100353811,36.5,78.6,53.3
48331,"Milam County, Texas",Texas,25567,12.94,66141.0,4.96,20.55,4.4,6.22,9,3.52,0.47700225152782244,0.4837568349951753,0.619170151174011,0.5831457060147958,0.9035059504663879,0.7539401736892891,0.3782566741717594,63.7,37.8,53.3
01103,"Morgan County, Alabama",Alabama,124471,13.48,68845.0,3.67,23.27,1.7,5.52,33,2.651,0.5175297523319395,0.4065615953682856,0.340302348021872,0.45030556449018977,0.6960437439691219,0.715664200707623,0.5509810228369251,52.1,55.1,53.3
46105,"Perkins County, South Dakota",South Dakota,3001,13.73,66908.0,4.86,24.86,0.0,1.3,0,0.0,0.5339337407526535,0.45834673528465747,0.5985847539401737,0.38436796397555484,0.0,0.20939208748793825,0.7857832100353811,36.4,78.6,53.3
37137,"Pamlico County, North Carolina",North Carolina,12390,15.15,59717.0,5.11,25.4,0.1,2.91,3,2.421,0.6233515599871341,0.6706336442586041,0.651013187520103,0.36153103891926663,0.11997426825345771,0.4979092955934384,0.6005146349308459,48.7,60.1,53.3
05025,"Cleveland County, Arkansas",Arkansas,7453,15.78,54794.0,2.18,19.71,0.0,0.17,0,0.0,0.6613058861370216,0.7912512061756192,0.0971373431971695,0.6281762624638147,0.0,0.00964940495336121,0.7857832100353811,36.5,78.6,53.3
13303,"Washington County, Georgia",Georgia,19849,17.17,46023.0,8.0,16.91,0.4,1.15,7,3.527,0.7378578321003538,0.9330974589900289,0.9266645223544548,0.773882277259569,0.28208427146992604,0.17208105500160822,0.3760051463493085,63.8,37.6,53.3
29007,"Audrain County, Missouri",Missouri,24548,17.83,59448.0,4.28,16.8,0.6,1.39,7,2.852,0.7690575747828884,0.6780315213895143,0.4609199099388871,0.7803152138951431,0.38018655516243166,0.23158571888066903,0.5065937600514635,55.0,50.7,53.3
22023,"Cameron Parish, Louisiana",Louisiana,5015,7.44,75278.0,2.06,16.77,5.7,0.38,0,0.0,0.08201994210357028,0.263428755226761,0.087809585075587,0.7825667417175941,0.9347056931489225,0.0276616275329688,0.7857832100353811,36.3,78.6,53.2
31061,"Franklin County, Nebraska",Nebraska,2846,12.27,60195.0,2.66,21.3,0.2,1.34,0,0.0,0.4232872306207784,0.6561595368285622,0.15825024123512382,0.5435831457060148,0.17368928916050178,0.2203280797684143,0.7857832100353811,36.3,78.6,53.2
48459,"Upshur County, Texas",Texas,42567,12.36,66208.0,5.8,18.21,0.4,3.89,12,2.819,0.4310067545834674,0.47989707301383083,0.7648761659697652,0.7143776133805082,0.28208427146992604,0.5985847539401737,0.5133483435188163,54.5,51.3,53.2
39157,"Tuscarawas County, Ohio",Ohio,92385,13.42,65044.0,4.5,19.8,1.6,2.33,26,2.814,0.5139916371823737,0.5178513991637183,0.5191379864908331,0.6230299131553554,0.6767449340623994,0.4152460598263107,0.5139916371823737,54.4,51.4,53.2
48239,"Jackson County, Texas",Texas,15152,14.05,65414.0,5.28,16.59,3.5,5.3,6,3.96,0.5603087809585076,0.5094885815374719,0.6809263428755227,0.7922161466709553,0.8735927951109682,0.7044065615953683,0.29945320038597617,68.7,29.9,53.2
48049,"Brown County, Texas",Texas,38347,15.32,57470.0,5.27,20.17,1.5,4.05,14,3.651,0.6346091990993888,0.7323898359601158,0.6780315213895143,0.603731103248633,0.6587327114827919,0.6149887423608877,0.34963010614345447,65.4,35.0,53.2
20099,"Labette County, Kansas",Kansas,19869,16.05,56325.0,3.1,20.22,0.3,1.02,4,2.013,0.6764232872306207,0.7600514634930846,0.2209713734319717,0.6005146349308459,0.22997748472177548,0.14506272113219684,0.6706336442586041,43.9,67.1,53.2
01133,"Winston County, Alabama",Alabama,23682,18.66,57256.0,3.58,14.27,1.2,2.07,8,3.378,0.8041170794467675,0.7352846574461241,0.31939530395625604,0.9009327758121582,0.5895786426503699,0.37214538436796396,0.4004503055644902,62.0,40.0,53.2
20071,"Greeley County, Kansas",Kansas,1304,7.11,80565.0,0.15,29.8,3.0,8.13,0,0.0,0.07108394982309424,0.17980057896429721,0.004824702476680605,0.24220006432936636,0.8446445802508845,0.8250241235123834,0.7857832100353811,36.1,78.6,53.1
20089,"Jewell County, Kansas",Kansas,2916,10.59,52634.0,1.35,18.22,0.0,1.65,0,0.0,0.28916050176905755,0.8346735284657446,0.04052750080411708,0.7130910260533934,0.0,0.29173367642328724,0.7857832100353811,36.2,78.6,53.1
26149,"St. Joseph County, Michigan",Michigan,60969,11.41,66425.0,5.9,16.93,0.6,4.06,18,2.952,0.35220328079768415,0.4692827275651335,0.7809585075587006,0.7725956899324542,0.38018655516243166,0.6162753296880026,0.48504342232229014,56.2,48.5,53.1
49015,"Emery County, Utah",Utah,10046,12.49,74291.0,3.59,18.29,0.3,1.19,0,0.0,0.44033451270504986,0.2830492119652621,0.32196847861048566,0.710196204567385,0.22997748472177548,0.18173045995496945,0.7857832100353811,36.1,78.6,53.1
17051,"Fayette County, Illinois",Illinois,21315,15.47,60944.0,3.77,17.18,0.5,0.89,5,2.346,0.6452235445480862,0.6352524927629463,0.36153103891926663,0.7597298166613059,0.3335477645545191,0.1151495657767771,0.6149887423608877,47.5,61.5,53.1
13257,"Stephens County, Georgia",Georgia,27012,15.75,54754.0,5.36,15.14,0.6,3.47,10,3.702,0.6593760051463493,0.7918944998391766,0.6979736249597941,0.8658732711482792,0.38018655516243166,0.5599871341267288,0.33869411386297843,65.9,33.9,53.1
47101,"Lewis County, Tennessee",Tennessee,12992,16.75,56285.0,3.67,10.27,0.0,0.35,3,2.309,0.715664200707623,0.7613380508201995,0.340302348021872,0.984560952074622,0.0,0.025088452878739145,0.6207783853329045,47.1,62.1,53.1
35051,"Sierra County, New Mexico",New Mexico,11500,21.38,41600.0,4.16,17.02,0.8,7.55,5,4.348,0.8854937278867803,0.9688002573174654,0.4387262785461563,0.7671276937922161,0.46317143776133807,0.8044387262785462,0.24541653264715343,72.1,24.5,53.1
51640,"Galax city, Virginia",Virginia,6726,31.1,38675.0,5.09,19.07,3.4,5.49,4,5.947,0.9826310710839499,0.9823094242521712,0.6468317787069797,0.6661305886137021,0.869411386297845,0.7137343197169508,0.11257639112254744,81.0,11.3,53.1
51091,"Highland County, Virginia",Virginia,2296,9.54,65625.0,11.95,30.84,0.0,1.39,0,0.0,0.21582502412351237,0.5011257639112254,0.986812479897073,0.22322290125442265,0.0,0.23158571888066903,0.7857832100353811,36.0,78.6,53.0
10001,"Kent County, Delaware",Delaware,187604,10.64,74477.0,5.77,27.54,1.6,7.4,50,2.665,0.2933419105821808,0.2785461563203602,0.7597298166613059,0.29688002573174654,0.6767449340623994,0.8005789642972017,0.5480862013509167,51.8,54.8,53.0
45057,"Lancaster County, South Carolina",South Carolina,104475,11.42,78869.0,4.29,33.57,1.4,7.07,21,2.01,0.3538115149565777,0.2016725635252493,0.4634930845931168,0.16918623351559986,0.637825667417176,0.7909295593438405,0.6715985847539402,43.6,67.2,53.0
48167,"Galveston County, Texas",Texas,358990,11.71,86105.0,5.7,34.79,3.1,10.17,97,2.702,0.37664844001286585,0.12801543904792537,0.7513669990350595,0.14699260212286908,0.8504342232229013,0.8806690254100997,0.5406883242200065,52.2,54.1,53.0
47185,"White County, Tennessee",Tennessee,28160,13.17,52188.0,5.57,15.12,0.2,1.07,8,2.841,0.4963010614345449,0.8436796397555484,0.7339980701190093,0.8668382116436153,0.17368928916050178,0.15310389192666451,0.5088452878739145,54.5,50.9,53.0
05059,"Hot Spring County, Arkansas",Arkansas,33180,15.1,55405.0,3.72,17.52,0.2,1.33,8,2.411,0.6214216789964618,0.7774203924091347,0.34898681247989705,0.7478288838854937,0.17368928916050178,0.21839819877774205,0.6027661627532969,48.1,60.3,53.0
13083,"Dade County, Georgia",Georgia,16165,8.17,64568.0,3.19,18.45,0.3,1.82,0,0.0,0.12126085558057254,0.5297523319395304,0.24252171116114507,0.6976519781280155,0.22997748472177548,0.32454165326471535,0.7857832100353811,35.8,78.6,52.9
31015,"Boyd County, Nebraska",Nebraska,1688,9.66,67045.0,2.28,22.32,0.5,3.26,0,0.0,0.2219363139273078,0.4554519137986491,0.10775168864586684,0.4934062399485365,0.3335477645545191,0.5381151495657768,0.7857832100353811,35.8,78.6,52.9
26067,"Ionia County, Michigan",Michigan,66574,10.62,75611.0,3.93,18.54,0.4,1.38,5,0.751,0.2907687359279511,0.25667417175940815,0.39884207140559663,0.6928272756513348,0.28208427146992604,0.22997748472177548,0.783853329044709,35.9,78.4,52.9
26123,"Newaygo County, Michigan",Michigan,50792,12.82,63304.0,4.36,18.13,0.3,2.1,12,2.363,0.46477967192023156,0.5619170151174011,0.4831135413316179,0.7208105500160823,0.22997748472177548,0.37729173367642327,0.6120939208748793,47.3,61.2,52.9
08083,"Montezuma County, Colorado",Colorado,26412,13.25,65244.0,3.86,31.32,1.9,2.56,6,2.272,0.5024123512383403,0.513669990350595,0.3834030234802187,0.2081055001608234,0.7301383081376649,0.45223544548086203,0.6262463814731425,46.5,62.6,52.9
39087,"Lawrence County, Ohio",Ohio,56819,17.73,58325.0,2.71,18.52,0.1,0.79,11,1.936,0.7651978128015439,0.7118044387262785,0.16307494371180445,0.693792216146671,0.11997426825345771,0.0919909938887102,0.686072692183982,42.4,68.6,52.9
39145,"Scioto County, Ohio",Ohio,72627,21.76,50609.0,5.85,18.17,0.1,1.02,23,3.167,0.8961080733354776,0.8723062077838534,0.7716307494371181,0.7166291412029592,0.11997426825345771,0.14506272113219684,0.4429076873592795,58.7,44.3,52.9
40145,"Wagoner County, Oklahoma",Oklahoma,86609,9.2,81207.0,4.22,27.72,0.9,5.1,13,1.501,0.19202315857188806,0.1707944676744934,0.4515921518173046,0.2930202637504021,0.4985525892569958,0.6944355098102284,0.7449340623994853,38.3,74.5,52.8
27023,"Chippewa County, Minnesota",Minnesota,12377,14.53,71458.0,4.35,19.26,1.8,6.73,4,3.232,0.588292055323255,0.34737857832100355,0.478610485686716,0.65422965583789,0.7140559665487295,0.7764554519137986,0.42972016725635254,59.3,43.0,52.8
05033,"Crawford County, Arkansas",Arkansas,61139,14.66,64132.0,4.06,20.04,0.6,4.37,17,2.781,0.5976198134448376,0.5390800900611129,0.41974911547121263,0.6114506272113219,0.38018655516243166,0.6432936635574139,0.5229977484721775,53.2,52.3,52.8
45039,"Fairfield County, South Carolina",South Carolina,20550,15.65,47885.0,5.46,15.22,0.0,1.11,6,2.92,0.6548729495014474,0.9157285300739788,0.717915728530074,0.8610485686715986,0.0,0.1617883563846896,0.49179800578964294,55.2,49.2,52.8
51530,"Buena Vista city, Virginia",Virginia,6593,18.84,57833.0,1.43,23.3,0.0,0.86,0,0.0,0.8102283692505629,0.7220971373431971,0.04438726278546156,0.4483756834995175,0.0,0.10678674815053071,0.7857832100353811,35.5,78.6,52.8
22115,"Vernon Parish, Louisiana",Louisiana,47117,19.0,57270.0,5.68,19.8,1.6,3.25,19,4.033,0.8160180122225796,0.7349630106143454,0.7481505307172724,0.6230299131553554,0.6767449340623994,0.5374718559022194,0.28690897394660664,68.9,28.7,52.8
22049,"Jackson Parish, Louisiana",Louisiana,14884,22.3,44925.0,7.41,14.69,0.4,3.31,7,4.703,0.9080090061112898,0.9433901576069476,0.9028626568028305,0.885815374718559,0.28208427146992604,0.5442264393695722,0.2029591508523641,74.4,20.3,52.8
38063,"Nelson County, North Dakota",North Dakota,3016,7.16,67193.0,1.11,29.43,2.6,3.02,0,0.0,0.07269218398198778,0.44901897716307493,0.029591508523641043,0.25184946928272756,0.8118366034094564,0.5094885815374719,0.7857832100353811,35.4,78.6,52.7
53059,"Skamania County, Washington",Washington,12402,8.07,93265.0,5.19,29.82,0.7,3.91,0,0.0,0.11611450627211321,0.07912512061756191,0.665165648118366,0.24123512383403023,0.42039240913477,0.5998713412672885,0.7857832100353811,35.4,78.6,52.7
27069,"Kittson County, Minnesota",Minnesota,4084,9.14,76100.0,5.04,29.1,0.6,2.35,0,0.0,0.18719845609520747,0.24766806046960438,0.6358957864265037,0.2582824059183017,0.38018655516243166,0.42039240913477,0.7857832100353811,35.5,78.6,52.7
02170,"Matanuska-Susitna Borough, Alaska",Alaska,112988,10.04,94031.0,5.77,24.41,0.6,2.89,19,1.682,0.2508845287873914,0.07526535863621743,0.7597298166613059,0.401736892891605,0.38018655516243166,0.4943711804438726,0.7275651334834352,39.4,72.8,52.7
13297,"Walton County, Georgia",Georgia,103313,11.93,84945.0,5.33,24.49,0.9,6.1,25,2.42,0.39723383724670314,0.13477002251527823,0.69154068832422,0.3985204245738179,0.4985525892569958,0.747507237053715,0.6008362817626246,47.8,60.1,52.7
48499,"Wood County, Texas",Texas,46961,12.5,60300.0,6.26,21.54,0.4,4.12,14,2.981,0.4406561595368286,0.6548729495014474,0.8189128337085879,0.5281440977806369,0.28208427146992604,0.6233515599871341,0.4792537793502734,55.8,47.9,52.7
31087,"Hitchcock County, Nebraska",Nebraska,2569,12.75,51567.0,1.71,20.93,0.0,1.21,0,0.0,0.45995496944355097,0.8559022193631393,0.0601479575426182,0.5619170151174011,0.0,0.18559022193631391,0.7857832100353811,35.4,78.6,52.7
18017,"Cass County, Indiana",Indiana,37680,13.24,56403.0,4.58,16.48,3.6,10.23,17,4.512,0.5017690575747829,0.7584432293341911,0.5374718559022194,0.800257317465423,0.8784174975876488,0.8816339659054359,0.22804760373110325,72.6,22.8,52.7
18141,"St. Joseph County, Indiana",Indiana,273040,14.22,66868.0,5.21,33.51,2.2,6.85,84,3.076,0.5699581859118688,0.4602766162753297,0.6680604696043744,0.1704728208427147,0.7709874557735606,0.7828883885493728,0.4615632036024445,57.0,46.2,52.7
36051,"Livingston County, New York",New York,61498,11.09,74001.0,5.16,30.55,0.9,3.14,12,1.951,0.32422000643293664,0.2907687359279511,0.6600192988099067,0.22772595689932454,0.4985525892569958,0.5233193953039562,0.6834995175297524,42.1,68.3,52.6
12111,"St. Lucie County, Florida",Florida,360500,12.28,71457.0,6.06,26.66,4.4,18.21,127,3.523,0.4242521711161145,0.34770022515278226,0.80347378578321,0.3206818912833709,0.9035059504663879,0.9559343840463171,0.37697008684464456,62.6,37.7,52.6
51035,"Carroll County, Virginia",Virginia,29157,15.33,54484.0,5.54,16.91,0.6,2.07,10,3.43,0.6358957864265037,0.7970408491476358,0.7307816018012222,0.773882277259569,0.38018655516243166,0.37214538436796396,0.39208748793824383,61.5,39.2,52.6
16037,"Custer County, Idaho",Idaho,4470,15.78,67574.0,2.04,29.26,0.0,4.79,0,0.0,0.6613058861370216,0.43743969121904147,0.08620135091669347,0.25538758443229337,0.0,0.672885172081055,0.7857832100353811,35.2,78.6,52.6
39065,"Hardin County, Ohio",Ohio,30475,17.32,62484.0,4.6,19.52,0.1,0.99,7,2.297,0.7458990028948215,0.5876487616596977,0.5419749115471213,0.6391122547442908,0.11997426825345771,0.1389514313284014,0.6217433258282405,46.2,62.2,52.6
05055,"Greene County, Arkansas",Arkansas,46432,17.41,57839.0,5.88,16.9,0.4,1.38,15,3.231,0.752975233193953,0.7217754905114184,0.7767770987455773,0.7751688645866838,0.28208427146992604,0.22997748472177548,0.43036346091990996,59.0,43.0,52.6
45029,"Colleton County, South Carolina",South Carolina,38783,19.58,51114.0,9.87,17.42,1.1,3.39,19,4.899,0.8372467031199743,0.8633000964940495,0.9694435509810229,0.7513669990350595,0.5638468961080734,0.5522676101640399,0.18108716629141203,75.6,18.1,52.6
38033,"Golden Valley County, North Dakota",North Dakota,1653,19.83,68021.0,3.43,22.56,0.0,0.73,0,0.0,0.8436796397555484,0.4261820521067867,0.28851720810550013,0.4808620135091669,0.0,0.08137664844001287,0.7857832100353811,35.3,78.6,52.6
01053,"Escambia County, Alabama",Alabama,36629,20.02,48225.0,10.05,13.53,1.5,0.8,17,4.641,0.8494692827275652,0.9112254744290769,0.9729816661305886,0.9247346413637826,0.6587327114827919,0.09392087487938244,0.21260855580572532,73.5,21.3,52.6
13299,"Ware County, Georgia",Georgia,35976,21.53,47448.0,5.87,14.41,1.9,3.66,21,5.837,0.8899967835316822,0.9186233515599871,0.7748472177549051,0.896751366999035,0.7301383081376649,0.5779993567063364,0.11772274043100675,79.8,11.8,52.6
21025,"Breathitt County, Kentucky",Kentucky,13276,33.13,34808.0,9.32,15.3,0.1,0.32,5,3.766,0.9900289482148601,0.9922804760373111,0.9604374396912191,0.856223866194918,0.11997426825345771,0.02122869089739466,0.3287230620778385,65.7,32.9,52.6
19115,"Louisa County, Iowa",Iowa,10678,9.77,77354.0,2.97,16.79,4.1,9.36,3,2.81,0.23126407204889032,0.2254744290768736,0.19909938887101963,0.7809585075587006,0.8941781923448054,0.8581537471855902,0.5152782245094886,53.2,51.5,52.5
26063,"Huron County, Michigan",Michigan,31113,12.62,58870.0,4.14,18.52,0.7,1.65,8,2.571,0.45030556449018977,0.6947571566420071,0.4342232229012544,0.693792216146671,0.42039240913477,0.29173367642328724,0.5673850112576391,49.8,56.7,52.5
29139,"Montgomery County, Missouri",Missouri,11426,13.89,65500.0,2.99,17.68,0.0,0.88,0,0.0,0.545513026696687,0.5062721132196848,0.2029591508523641,0.7391444194274687,0.0,0.11321968478610486,0.7857832100353811,35.1,78.6,52.5
45007,"Anderson County, South Carolina",South Carolina,210478,14.57,66651.0,5.26,26.48,1.1,3.94,60,2.851,0.5908652299774847,0.46284979092955936,0.6754583467352847,0.3264715342553876,0.5638468961080734,0.6030878095850756,0.5069154068832422,53.7,50.7,52.5
39029,"Columbiana County, Ohio",Ohio,100704,15.15,58180.0,4.46,17.07,0.2,0.96,25,2.483,0.6233515599871341,0.7150209070440656,0.5091669347056932,0.7642328723062077,0.17368928916050178,0.13123190736571244,0.5844322933419106,48.6,58.4,52.5
21085,"Grayson County, Kentucky",Kentucky,26707,20.07,50757.0,6.64,16.14,0.1,0.95,9,3.37,0.85075587005468,0.8687680926342876,0.856223866194918,0.8163396590543583,0.11997426825345771,0.1286587327114828,0.40270183338694115,60.7,40.3,52.5
13009,"Baldwin County, Georgia",Georgia,43642,21.71,54403.0,6.16,24.36,0.7,3.3,16,3.666,0.8938565455130267,0.7983274364747507,0.8115149565776777,0.4052750080411708,0.42039240913477,0.5432614988742361,0.3454486973303313,64.5,34.5,52.5
51109,"Louisa County, Virginia",Virginia,39980,10.03,86689.0,5.84,29.66,0.9,4.48,8,2.001,0.24991958829205532,0.12254744290768736,0.7713091026053394,0.24638147314248954,0.4985525892569958,0.6516564811836604,0.6741717594081699,42.3,67.4,52.4
31149,"Rock County, Nebraska",Nebraska,1319,10.82,58125.0,1.17,27.09,1.2,0.99,0,0.0,0.30652943068510774,0.7166291412029592,0.030556449018977163,0.31006754583467355,0.5895786426503699,0.1389514313284014,0.7857832100353811,34.9,78.6,52.4
55115,"Shawano County, Wisconsin",Wisconsin,41039,11.12,66479.0,2.59,19.09,0.4,1.37,4,0.975,0.3287230620778385,0.46703119974268253,0.14538436796397555,0.6645223544548087,0.28208427146992604,0.22804760373110325,0.7799935670633644,35.3,78.0,52.4
36093,"Schenectady County, New York",New York,160369,13.27,79623.0,5.77,36.1,1.5,9.96,44,2.744,0.5040205853972338,0.19266645223544548,0.7597298166613059,0.13348343518816339,0.6587327114827919,0.8758443229334191,0.5294306851077517,52.1,52.9,52.4
01071,"Jackson County, Alabama",Alabama,53053,17.26,51908.0,4.47,15.92,0.6,1.85,18,3.393,0.7430041814088131,0.8481826954004503,0.511418462528144,0.8295271791572854,0.38018655516243166,0.32936635574139594,0.3985204245738179,60.7,39.9,52.4
21053,"Clinton County, Kentucky",Kentucky,9202,17.47,44844.0,4.99,18.04,0.4,1.3,3,3.26,0.7549051141846252,0.9446767449340624,0.6243165004824702,0.723383724670312,0.28208427146992604,0.20939208748793825,0.4242521711161145,59.0,42.4,52.4
05145,"White County, Arkansas",Arkansas,77838,17.55,55249.0,5.81,20.36,0.3,2.07,25,3.212,0.7577999356706336,0.7828883885493728,0.7668060469604374,0.5944033451270505,0.22997748472177548,0.37214538436796396,0.43518816339659055,58.4,43.5,52.4
13317,"Wilkes County, Georgia",Georgia,9549,17.81,52043.0,1.55,16.91,0.7,3.76,3,3.142,0.7674493406239948,0.8452878739144419,0.05049855258925699,0.773882277259569,0.42039240913477,0.5876487616596977,0.44773238983596014,57.4,44.8,52.4
26115,"Monroe County, Michigan",Michigan,155505,10.53,77335.0,5.13,23.25,0.4,2.34,26,1.672,0.28465744612415567,0.22643936957220973,0.6535863621743326,0.4512705049855259,0.28208427146992604,0.41781923448054037,0.7278867803152139,38.6,72.8,52.3
46089,"McPherson County, South Dakota",South Dakota,2145,12.86,66906.0,1.08,26.47,2.4,0.28,0,0.0,0.4683177870697974,0.4586683821164362,0.027339980701190092,0.3267931810871663,0.7918944998391766,0.0183338694113863,0.7857832100353811,34.9,78.6,52.3
30019,"Daniels County, Montana",Montana,1494,12.87,55625.0,0.49,24.22,0.0,2.34,0,0.0,0.4705693148922483,0.7729173367642329,0.010292698616918623,0.41170794467674493,0.0,0.41781923448054037,0.7857832100353811,34.7,78.6,52.3
29195,"Saline County, Missouri",Missouri,23231,16.41,57931.0,3.19,22.66,2.5,5.84,8,3.444,0.6970086844644581,0.7198456095207462,0.24252171116114507,0.4760373110324863,0.8018655516243165,0.7352846574461241,0.38951431328401415,61.2,39.0,52.3
53029,"Island County, Washington",Washington,86836,7.7,90551.0,4.3,36.62,1.1,8.01,11,1.267,0.09778063686072692,0.0919909938887102,0.4663879060791251,0.12319073657124477,0.5638468961080734,0.8208427146992602,0.7648761659697652,36.1,76.5,52.2
38019,"Cavalier County, North Dakota",North Dakota,3633,8.51,69531.0,1.03,22.12,1.3,2.26,0,0.0,0.14506272113219684,0.39208748793824383,0.02541009971051785,0.500482470247668,0.6156320360244452,0.40270183338694115,0.7857832100353811,34.7,78.6,52.2
27097,"Morrison County, Minnesota",Minnesota,34249,10.95,69446.0,3.99,18.94,0.2,0.88,0,0.0,0.3129623673206819,0.39433901576069474,0.4084914763589579,0.6744934062399486,0.17368928916050178,0.11321968478610486,0.7857832100353811,34.6,78.6,52.2
23007,"Franklin County, Maine",Maine,30413,12.16,58675.0,4.6,32.01,0.2,2.67,6,1.973,0.4139594724991959,0.7021550337729173,0.5419749115471213,0.19620456738501127,0.17368928916050178,0.46735284657446124,0.6799614023801865,41.6,68.0,52.2
26101,"Manistee County, Michigan",Michigan,25350,12.65,63516.0,6.36,24.92,0.4,1.56,6,2.367,0.4515921518173046,0.5567706658089417,0.8311354133161788,0.38018655516243166,0.28208427146992604,0.27114827918945,0.6111289803795432,46.2,61.1,52.2
36057,"Montgomery County, New York",New York,49528,14.58,64943.0,4.73,22.92,1.8,2.86,15,3.029,0.5918301704728208,0.5201029269861692,0.5654551302669669,0.4641363782566742,0.7140559665487295,0.49051141846252816,0.4683177870697974,55.8,46.8,52.2
26083,"Keweenaw County, Michigan",Michigan,2133,15.16,52583.0,2.15,41.19,0.2,1.55,0,0.0,0.6249597941460276,0.8356384689610807,0.09456416854293985,0.07751688645866839,0.17368928916050178,0.26889675136699903,0.7857832100353811,34.6,78.6,52.2
20125,"Montgomery County, Kansas",Kansas,30940,15.92,55697.0,4.35,22.59,1.3,2.87,10,3.232,0.6683821164361531,0.7716307494371181,0.478610485686716,0.4795754261820521,0.6156320360244452,0.4911547121260856,0.42972016725635254,58.4,43.0,52.2
17087,"Johnson County, Illinois",Illinois,13376,17.58,62528.0,3.48,19.56,0.3,1.18,3,2.243,0.7600514634930846,0.5863621743325829,0.2984882598906401,0.6381473142489547,0.22997748472177548,0.17754905114184624,0.6326793181087166,44.8,63.3,52.2
21043,"Carter County, Kentucky",Kentucky,26341,19.18,51235.0,5.31,15.95,0.0,1.08,8,3.037,0.8227725956899324,0.8613702155033773,0.6873592795110968,0.8279189449983918,0.0,0.15567706658089417,0.4663879060791251,55.9,46.6,52.2
21087,"Green County, Kentucky",Kentucky,11369,20.42,46798.0,7.18,17.39,0.3,0.51,4,3.518,0.8600836281762625,0.9240913477002252,0.8903184303634609,0.752975233193953,0.22997748472177548,0.04663879060791251,0.3788999678353168,61.7,37.9,52.2
28075,"Lauderdale County, Mississippi",Mississippi,71504,26.32,50817.0,5.8,23.57,0.8,1.76,26,3.636,0.9617240270183338,0.867159858475394,0.7648761659697652,0.4367963975554841,0.46317143776133807,0.31457060147957544,0.35252492762946286,63.5,35.3,52.2
20097,"Kiowa County, Kansas",Kansas,2422,5.85,75539.0,2.2,28.34,1.5,6.07,0,0.0,0.029269861691862336,0.2589256995818591,0.09906722418784175,0.27725956899324544,0.6587327114827919,0.7462206497266002,0.7857832100353811,34.5,78.6,52.1
31063,"Frontier County, Nebraska",Nebraska,2569,11.38,70132.0,2.61,25.71,0.6,2.57,0,0.0,0.3499517529752332,0.3788999678353168,0.14827918944998392,0.353489868124799,0.38018655516243166,0.4535220328079768,0.7857832100353811,34.4,78.6,52.1
20175,"Seward County, Kansas",Kansas,21486,12.21,63827.0,4.94,11.37,19.5,29.27,11,5.12,0.4184625281440978,0.5458346735284657,0.614667095529109,0.9742682534577034,0.9964618848504342,0.9893856545513027,0.1666130588613702,75.7,16.7,52.1
18123,"Perry County, Indiana",Indiana,19270,14.96,61151.0,4.49,16.59,0.4,0.93,5,2.595,0.6149887423608877,0.627854615632036,0.5155998713412673,0.7922161466709553,0.28208427146992604,0.1254422643936957,0.5619170151174011,49.3,56.2,52.1
17161,"Rock Island County, Illinois",Illinois,142757,15.5,67159.0,5.6,24.72,2.9,8.68,54,3.783,0.6474750723705371,0.4509488581537472,0.7385011257639112,0.38951431328401415,0.8378899967835317,0.8427146992602123,0.3261498874236089,65.1,32.6,52.1
54051,"Marshall County, West Virginia",West Virginia,29865,16.82,59169.0,4.31,20.49,0.3,0.56,7,2.344,0.7198456095207462,0.6867159858475395,0.4692827275651335,0.5860405275008042,0.22997748472177548,0.05339337407526536,0.6156320360244452,45.8,61.6,52.1
31121,"Merrick County, Nebraska",Nebraska,7724,7.9,68354.0,0.37,18.31,0.7,2.23,0,0.0,0.10614345448697331,0.4181408813123191,0.0077195239626889674,0.7079446767449341,0.42039240913477,0.396268896751367,0.7857832100353811,34.3,78.6,52.0
51049,"Cumberland County, Virginia",Virginia,9818,8.54,55325.0,3.29,20.87,0.0,1.67,0,0.0,0.1466709552910904,0.7809585075587006,0.2624638147314249,0.5673850112576391,0.0,0.2962367320681891,0.7857832100353811,34.2,78.6,52.0
39051,"Fulton County, Ohio",Ohio,42240,9.45,72864.0,3.86,20.16,0.8,1.71,7,1.657,0.21100032164683177,0.3129623673206819,0.3834030234802187,0.6043743969121904,0.46317143776133807,0.30459954969443553,0.7294950144741075,38.0,72.9,52.0
21029,"Bullitt County, Kentucky",Kentucky,84027,9.69,80558.0,4.26,19.47,0.9,2.36,16,1.904,0.2254744290768736,0.1801222257960759,0.45834673528465747,0.6423287230620779,0.4985525892569958,0.4239305242843358,0.6928272756513348,40.5,69.3,52.0
37143,"Perquimans County, North Carolina",North Carolina,13244,9.83,67917.0,3.56,21.69,0.2,2.15,0,0.0,0.2354454808620135,0.428111933097459,0.3136056609842393,0.5204245738179479,0.17368928916050178,0.38436796397555484,0.7857832100353811,34.3,78.6,52.0
51009,"Amherst County, Virginia",Virginia,31485,10.77,68724.0,4.65,24.69,0.1,1.74,3,0.953,0.3026696687037633,0.4081698295271792,0.5496944355098102,0.3911225474429077,0.11997426825345771,0.30974589900289484,0.7806368607269218,34.7,78.1,52.0
13125,"Glascock County, Georgia",Georgia,2932,12.56,54934.0,1.57,17.04,0.0,0.07,0,0.0,0.44419427468639433,0.7886780315213895,0.051463493084593116,0.7664844001286587,0.0,0.0041814088131231905,0.7857832100353811,34.3,78.6,52.0
36081,"Queens County, New York",New York,2323052,12.9,86136.0,7.25,36.14,17.4,47.56,795,3.422,0.4741074300418141,0.12769379221614668,0.8944998391765842,0.13187520102926986,0.9948536506915406,0.9996783531682213,0.3933740752653586,60.4,39.3,52.0
48309,"McLennan County, Texas",Texas,266067,16.58,66643.0,4.45,28.69,6.4,8.58,95,3.571,0.7085879704084915,0.46317143776133807,0.50498552589257,0.2676101640398842,0.9472499195882921,0.8388549372788678,0.36635574139594723,62.2,36.6,52.0
08099,"Prowers County, Colorado",Colorado,11910,18.16,53508.0,4.14,19.25,5.9,10.48,6,5.038,0.7841749758764877,0.8153747185590222,0.4342232229012544,0.6545513026696687,0.9398520424573817,0.8864586683821164,0.17143776133805083,75.2,17.1,52.0
29199,"Scotland County, Missouri",Missouri,4686,7.31,68913.0,0.24,15.18,1.1,0.98,0,0.0,0.07687359279511097,0.40463171437761336,0.005146349308459312,0.8633000964940495,0.5638468961080734,0.13573496301061436,0.7857832100353811,34.2,78.6,51.9
21143,"Lyon County, Kentucky",Kentucky,8900,9.53,65066.0,2.86,16.55,0.2,1.12,0,0.0,0.21421678996461885,0.5175297523319395,0.18333869411386297,0.7967192023158571,0.17368928916050178,0.16436153103891926,0.7857832100353811,34.2,78.6,51.9
13171,"Lamar County, Georgia",Georgia,19571,9.59,67062.0,4.05,19.18,0.0,2.67,3,1.533,0.21807655194596334,0.45480862013509166,0.4187841749758765,0.6590543583145706,0.0,0.46735284657446124,0.7430041814088131,37.0,74.3,51.9
53065,"Stevens County, Washington",Washington,48067,12.04,69327.0,5.3,22.18,0.3,1.89,10,2.08,0.4052750080411708,0.39755548407848185,0.6844644580250885,0.4966227082663236,0.22997748472177548,0.3406239948536507,0.659697651978128,42.6,66.0,51.9
29157,"Perry County, Missouri",Missouri,18976,13.85,62981.0,4.91,20.85,0.6,1.69,5,2.635,0.5432614988742361,0.571888066902541,0.6091990993888711,0.5683499517529752,0.38018655516243166,0.30170472820842714,0.5538758443229335,49.6,55.4,51.9
18165,"Vermillion County, Indiana",Indiana,15421,15.3,60200.0,4.59,17.62,0.4,0.77,4,2.594,0.6330009649404953,0.6558378899967835,0.5394017368928916,0.7423608877452557,0.28208427146992604,0.08845287873914442,0.5625603087809585,49.0,56.3,51.9
47133,"Overton County, Tennessee",Tennessee,23065,16.3,48959.0,3.17,14.98,0.2,0.65,6,2.601,0.6912190414924413,0.9009327758121582,0.23834030234802187,0.8726278546156321,0.17368928916050178,0.06722418784174976,0.560952074622065,49.1,56.1,51.9
36015,"Chemung County, New York",New York,82147,16.31,63716.0,6.15,27.22,1.2,3.49,27,3.287,0.6918623351559987,0.5493727886780315,0.8108716629141203,0.30492119652621424,0.5895786426503699,0.563203602444516,0.42007076230299134,58.5,42.0,51.9
51173,"Smyth County, Virginia",Virginia,29420,16.83,49883.0,3.05,16.81,0.9,1.44,9,3.059,0.7208105500160823,0.8838854937278868,0.21067867481505306,0.7796719202315857,0.4985525892569958,0.24477323898359601,0.4638147314248955,55.6,46.4,51.9
18105,"Monroe County, Indiana",Indiana,140965,19.68,65868.0,5.51,49.45,2.2,8.55,50,3.547,0.8391765841106466,0.49501447410743005,0.7272434866516565,0.03248633000964941,0.7709874557735606,0.837568349951753,0.3708587970408492,61.7,37.1,51.9
28031,"Covington County, Mississippi",Mississippi,18148,19.77,45051.0,3.45,17.4,1.0,1.14,6,3.306,0.8420714055966548,0.9421035702798327,0.2930202637504021,0.752010292698617,0.5310389192666453,0.16950788034737857,0.4155677066580894,58.8,41.6,51.9
48251,"Johnson County, Texas",Texas,195597,10.0,84859.0,3.62,25.22,2.7,6.92,45,2.301,0.24863300096494048,0.13605660984239304,0.33000964940495336,0.3689289160501769,0.8230942425217112,0.7851399163718238,0.6211000321646831,44.9,62.1,51.8
18027,"Daviess County, Indiana",Indiana,33658,11.67,68503.0,1.55,16.46,2.1,3.97,9,2.674,0.37246703119974267,0.4133161788356385,0.05049855258925699,0.8018655516243165,0.7574782888388549,0.6053393374075265,0.5451913798649083,50.0,54.5,51.8
26109,"Menominee County, Michigan",Michigan,23247,12.18,56435.0,4.16,18.51,0.5,1.57,6,2.581,0.41653264715342553,0.7571566420070762,0.4387262785461563,0.6950788034737858,0.3335477645545191,0.27436474750723705,0.5657767770987456,48.6,56.6,51.8
21007,"Ballard County, Kentucky",Kentucky,7654,15.01,66164.0,1.62,18.42,0.0,1.18,0,0.0,0.6182052106786748,0.4831135413316179,0.05371502090704407,0.6995818591186876,0.0,0.17754905114184624,0.7857832100353811,33.9,78.6,51.8
21159,"Martin County, Kentucky",Kentucky,11027,33.17,37042.0,5.46,10.19,0.0,0.73,4,3.627,0.9906722418784175,0.986812479897073,0.717915728530074,0.9855258925699582,0.0,0.08137664844001287,0.3547764554519138,62.7,35.5,51.8
51179,"Stafford County, Virginia",Virginia,163466,4.67,137807.0,3.72,43.83,3.3,13.82,26,1.591,0.008684464458025088,0.005467996140238018,0.34898681247989705,0.05950466387906079,0.8636217433258282,0.9298809906722418,0.7372145384367964,36.9,73.7,51.7
46057,"Hamlin County, South Dakota",South Dakota,6373,6.86,87101.0,0.5,24.47,2.9,3.91,0,0.0,0.05950466387906079,0.11772274043100675,0.01061434544869733,0.39916371823737534,0.8378899967835317,0.5998713412672885,0.7857832100353811,33.7,78.6,51.7
18091,"LaPorte County, Indiana",Indiana,111917,13.62,71055.0,4.8,22.68,0.9,3.42,30,2.681,0.5262142167899646,0.3583145706014796,0.5847539401736893,0.4744290768735928,0.4985525892569958,0.5548407848182696,0.5429398520424574,50.0,54.3,51.7
51037,"Charlotte County, Virginia",Virginia,11422,18.94,58000.0,2.39,20.04,0.5,1.92,3,2.627,0.8131231907365712,0.717915728530074,0.11933097458990029,0.6114506272113219,0.3335477645545191,0.3464136378256674,0.5558057253136056,49.0,55.6,51.7
48245,"Jefferson County, Texas",Texas,253878,19.49,60026.0,6.31,19.73,4.5,12.14,158,6.223,0.8333869411386298,0.661949179800579,0.8247024766806047,0.6268896751366999,0.9067224187841749,0.9102605339337407,0.10099710517851399,79.4,10.1,51.7
48039,"Brazoria County, Texas",Texas,391255,7.39,97993.0,4.68,33.14,4.2,14.57,92,2.351,0.08041170794467674,0.05853972338372467,0.5541974911547122,0.17626246381473143,0.8970730138308137,0.938565455130267,0.6143454486973303,45.1,61.4,51.6
55039,"Fond du Lac County, Wisconsin",Wisconsin,104137,9.24,74275.0,3.17,22.31,1.0,3.71,19,1.825,0.19556127372145385,0.28369250562881954,0.23834030234802187,0.4937278867803152,0.5310389192666453,0.582824059183017,0.7092312640720488,38.8,70.9,51.6
42109,"Snyder County, Pennsylvania",Pennsylvania,39668,9.44,66876.0,2.43,20.63,0.7,1.68,5,1.26,0.21003538115149567,0.45995496944355097,0.12672885172081055,0.5789642972016725,0.42039240913477,0.2988099067224188,0.7655194596333226,34.9,76.6,51.6
13147,"Hart County, Georgia",Georgia,26939,11.85,59385.0,3.41,20.82,1.9,3.7,8,2.97,0.3911225474429077,0.6802830492119653,0.28433579929237696,0.5693148922483113,0.7301383081376649,0.5821807655194596,0.4811836603409456,54.0,48.1,51.6
47145,"Roane County, Tennessee",Tennessee,55208,11.97,71885.0,4.9,22.13,0.3,1.43,10,1.811,0.4001286587327115,0.33708587970408493,0.6075908652299775,0.49983917658411064,0.22997748472177548,0.24091347700225152,0.7108394982309424,38.6,71.1,51.6
53003,"Asotin County, Washington",Washington,22467,14.16,72283.0,5.01,24.67,0.3,2.71,5,2.225,0.5670633644258604,0.3274364747507237,0.6288195561273722,0.3917658411064651,0.22997748472177548,0.4734641363782567,0.6358957864265037,43.6,63.6,51.6
47035,"Cumberland County, Tennessee",Tennessee,63553,14.35,60375.0,5.06,19.06,0.1,2.65,18,2.832,0.5779993567063364,0.6535863621743326,0.6400771952396269,0.667417175940817,0.11997426825345771,0.4634930845931168,0.510453522032808,52.0,51.0,51.6
34017,"Hudson County, New Jersey",New Jersey,718323,14.93,91795.0,6.01,48.91,13.1,42.84,239,3.327,0.6127372145384368,0.08652299774847218,0.7999356706336442,0.03473785783210035,0.986812479897073,0.9990350595046639,0.40977806368607267,58.7,41.0,51.6
42079,"Luzerne County, Pennsylvania",Pennsylvania,327675,15.32,63691.0,5.8,25.31,4.1,9.63,136,4.15,0.6346091990993888,0.5506593760051464,0.7648761659697652,0.36506915406883245,0.8941781923448054,0.864908330652943,0.2724348665165648,67.9,27.2,51.6
51083,"Halifax County, Virginia",Virginia,33639,17.35,52013.0,4.24,19.66,0.4,1.59,10,2.973,0.7487938243808299,0.8462528144097781,0.45513026696687037,0.6317143776133806,0.28208427146992604,0.2801543904792538,0.47989707301383083,54.1,48.0,51.6
47157,"Shelby County, Tennessee",Tennessee,919173,17.82,63767.0,7.2,34.28,2.0,7.87,359,3.906,0.7680926342875523,0.547764554519138,0.8916050176905758,0.15760694757156643,0.7468639433901576,0.8140881312319074,0.3087809585075587,65.4,30.9,51.6
47131,"Obion County, Tennessee",Tennessee,30453,18.56,54613.0,4.17,18.3,0.0,2.7,9,2.955,0.8028304921196526,0.794789321325185,0.4422643936957221,0.7092312640720488,0.0,0.473142489546478,0.4844001286587327,53.7,48.4,51.6
22025,"Catahoula Parish, Louisiana",Louisiana,8583,24.28,50275.0,8.92,15.97,0.0,0.44,3,3.495,0.9404953361209392,0.87809585075587,0.9498230942425218,0.8269540045030557,0.0,0.037954326149887425,0.38211643615310387,60.6,38.2,51.6
48281,"Lampasas County, Texas",Texas,22715,9.12,81736.0,4.48,24.27,1.4,4.92,5,2.201,0.18591186876809263,0.16436153103891926,0.5133483435188163,0.4081698295271792,0.637825667417176,0.6841428111933098,0.6400771952396269,43.2,64.0,51.5
51800,"Suffolk city, Virginia",Virginia,98796,9.39,92666.0,4.96,33.34,1.0,4.45,17,1.721,0.207462206497266,0.08234158893534899,0.619170151174011,0.17336764232872307,0.5310389192666453,0.6490833065294307,0.7227404310067546,37.7,72.3,51.5
51036,"Charles City County, Virginia",Virginia,6627,9.45,75417.0,3.9,17.26,0.0,2.16,0,0.0,0.21100032164683177,0.26182052106786746,0.39273078160180125,0.755226761016404,0.0,0.3856545513026697,0.7857832100353811,33.4,78.6,51.5
47147,"Robertson County, Tennessee",Tennessee,75539,10.36,83047.0,3.31,22.4,1.8,5.59,17,2.25,0.27404310067545834,0.15439047925377936,0.26696687037632677,0.4889031843036346,0.7140559665487295,0.7188806690254101,0.6320360244451592,43.6,63.2,51.5
30015,"Chouteau County, Montana",Montana,5906,11.19,58218.0,3.18,23.0,0.0,1.49,0,0.0,0.3351559987134127,0.7140559665487295,0.2405918301704728,0.4605982631071084,0.0,0.25442264393695724,0.7857832100353811,33.4,78.6,51.5
29103,"Knox County, Missouri",Missouri,3756,11.9,57788.0,1.08,15.8,0.0,0.37,0,0.0,0.3959472499195883,0.7243486651656481,0.027339980701190092,0.8337085879704085,0.0,0.02637504020585397,0.7857832100353811,33.5,78.6,51.5
48007,"Aransas County, Texas",Texas,24876,14.24,69466.0,4.09,28.81,1.0,3.45,6,2.412,0.5706014795754262,0.3936957220971373,0.42521711161145065,0.2627854615632036,0.5310389192666453,0.5580572531360566,0.6024445159215182,45.7,60.2,51.5
28145,"Union County, Mississippi",Mississippi,28122,15.14,55505.0,4.45,19.14,1.0,1.72,9,3.2,0.6230299131553554,0.7751688645866838,0.50498552589257,0.6622708266323577,0.5310389192666453,0.30749437118044387,0.4364747507237054,56.7,43.6,51.5
22097,"St. Landry Parish, Louisiana",Louisiana,81670,26.76,44462.0,6.34,14.89,1.9,1.62,46,5.632,0.9642972016725635,0.9475715664200708,0.8282405918301705,0.8771309102605339,0.7301383081376649,0.28465744612415567,0.12833708587970408,77.2,12.8,51.5
55137,"Waushara County, Wisconsin",Wisconsin,24868,10.92,67107.0,3.91,17.67,0.6,2.58,6,2.413,0.31231907365712447,0.45287873914441945,0.39498230942425216,0.7401093599228048,0.38018655516243166,0.45480862013509166,0.6021228690897394,45.6,60.2,51.4
19127,"Marshall County, Iowa",Iowa,40114,11.15,73315.0,4.28,22.56,4.6,14.6,13,3.241,0.3306529430685108,0.30459954969443553,0.4609199099388871,0.4808620135091669,0.9102605339337407,0.9392087487938244,0.428111933097459,57.1,42.8,51.4
30045,"Judith Basin County, Montana",Montana,2071,13.31,59000.0,0.09,30.99,0.2,2.27,0,0.0,0.5072370537150209,0.6902541009971052,0.0038597619813444837,0.21968478610485687,0.17368928916050178,0.4052750080411708,0.7857832100353811,33.3,78.6,51.4
51045,"Craig County, Virginia",Virginia,4856,13.75,69057.0,2.17,19.15,0.3,0.68,0,0.0,0.5355419749115471,0.40238018655516244,0.09617240270183339,0.6609842393052429,0.22997748472177548,0.07237053715020907,0.7857832100353811,33.3,78.6,51.4
31057,"Dundy County, Nebraska",Nebraska,1736,13.99,58922.0,0.32,20.16,0.0,0.98,0,0.0,0.5558057253136056,0.6928272756513348,0.006754583467352846,0.6043743969121904,0.0,0.13573496301061436,0.7857832100353811,33.3,78.6,51.4
40119,"Payne County, Oklahoma",Oklahoma,82972,22.6,49809.0,5.73,39.7,2.5,6.31,37,4.459,0.914441942746864,0.8851720810550016,0.7549051141846252,0.09070440656159537,0.8018655516243165,0.7587648761659698,0.23287230620778385,70.1,23.3,51.4
55105,"Rock County, Wisconsin",Wisconsin,164350,9.26,75673.0,3.76,25.81,1.3,4.6,33,2.008,0.19749115471212608,0.25442264393695724,0.3602444515921518,0.3505950466387906,0.6156320360244452,0.6603409456416854,0.6722418784174976,40.6,67.2,51.3
17021,"Christian County, Illinois",Illinois,33538,10.19,62611.0,4.57,17.14,0.2,1.18,7,2.087,0.2608555805725314,0.5847539401736893,0.534577034416211,0.7613380508201995,0.17368928916050178,0.17754905114184624,0.6593760051463493,41.5,65.9,51.3
47047,"Fayette County, Tennessee",Tennessee,43267,10.27,88456.0,4.76,27.29,0.5,3.02,6,1.387,0.26664522354454806,0.10871662914120296,0.5731746542296559,0.302991315535542,0.3335477645545191,0.5094885815374719,0.7577999356706336,34.9,75.8,51.3
36049,"Lewis County, New York",New York,26607,12.34,68182.0,5.18,18.55,0.2,1.36,6,2.255,0.4287552267610164,0.4213573496301061,0.6635574139594725,0.6921839819877774,0.17368928916050178,0.22450948858153746,0.6304277902862657,43.4,63.0,51.3
17053,"Ford County, Illinois",Illinois,13406,12.42,62439.0,5.46,18.86,0.5,2.65,4,2.984,0.4361531038919267,0.5889353489868124,0.717915728530074,0.6789964618848504,0.3335477645545191,0.4634930845931168,0.478610485686716,53.7,47.9,51.3
45017,"Calhoun County, South Carolina",South Carolina,14182,12.94,58682.0,5.85,24.45,0.6,1.96,4,2.82,0.47700225152782244,0.7018333869411386,0.7716307494371181,0.4004503055644902,0.38018655516243166,0.35284657446124157,0.5127050498552589,51.4,51.3,51.3
54063,"Monroe County, West Virginia",West Virginia,12386,13.97,56750.0,4.77,15.41,0.0,0.08,3,2.422,0.5541974911547122,0.7487938243808299,0.576391122547443,0.8510775168864587,0.0,0.004824702476680605,0.5998713412672885,45.6,60.0,51.3
17191,"Wayne County, Illinois",Illinois,15973,16.12,55521.0,3.42,16.25,0.6,2.24,5,3.13,0.6802830492119653,0.7745255709231265,0.2859440334512705,0.8105500160823416,0.38018655516243166,0.39755548407848185,0.44966227082663235,55.5,45.0,51.3
29149,"Oregon County, Missouri",Missouri,8673,23.59,43069.0,5.24,12.55,0.0,0.67,3,3.459,0.9314892248311354,0.9562560308780959,0.6712769379221615,0.9504663879060792,0.0,0.07076230299131553,0.3862978449662271,59.7,38.6,51.3
05123,"St. Francis County, Arkansas",Arkansas,22400,28.47,42574.0,9.23,14.25,1.4,2.2,15,6.696,0.973624959794146,0.9585075587005468,0.9575426182052107,0.9022193631392731,0.637825667417176,0.3917658411064651,0.07719523962688968,80.4,7.7,51.3
27129,"Renville County, Minnesota",Minnesota,14558,11.04,70625.0,2.55,18.13,0.6,3.26,3,2.061,0.3181087166291412,0.36699903505950465,0.14023801865551624,0.7208105500160823,0.38018655516243166,0.5381151495657768,0.6638790607912513,41.1,66.4,51.2
36123,"Yates County, New York",New York,24526,12.74,69701.0,3.14,25.49,1.8,1.69,5,2.039,0.45899002894821483,0.3882277259568993,0.23222901254422643,0.3599228047603731,0.7140559665487295,0.30170472820842714,0.667417175940817,40.9,66.7,51.2
51021,"Bland County, Virginia",Virginia,6199,13.58,61216.0,2.29,18.36,0.0,0.32,0,0.0,0.5236410421357349,0.6243165004824702,0.10871662914120296,0.7034416211000322,0.0,0.02122869089739466,0.7857832100353811,33.0,78.6,51.2
21077,"Gallatin County, Kentucky",Kentucky,8769,13.81,63346.0,4.61,15.01,1.3,2.28,3,3.421,0.5406883242200065,0.560952074622065,0.5451913798649083,0.8703763267931811,0.6156320360244452,0.4062399485365069,0.39433901576069474,59.0,39.4,51.2
38027,"Eddy County, North Dakota",North Dakota,2307,14.24,50850.0,2.54,30.52,0.1,0.52,0,0.0,0.5706014795754262,0.8668382116436153,0.1392730781601801,0.22804760373110325,0.11997426825345771,0.04856867159858475,0.7857832100353811,32.9,78.6,51.2
30089,"Sanders County, Montana",Montana,13285,15.45,57476.0,5.95,21.48,0.3,1.69,4,3.011,0.64425860405275,0.732068189128337,0.7896429720167256,0.5323255065937601,0.22997748472177548,0.30170472820842714,0.473142489546478,53.8,47.3,51.2
17139,"Moultrie County, Illinois",Illinois,14424,9.16,71784.0,2.19,18.96,1.2,0.73,0,0.0,0.188806690254101,0.33901576069475714,0.09842393052428433,0.672885172081055,0.5895786426503699,0.08137664844001287,0.7857832100353811,32.8,78.6,51.1
18079,"Jennings County, Indiana",Indiana,27562,12.6,69322.0,4.6,14.77,0.4,1.55,7,2.54,0.4480540366677388,0.39787713091026056,0.5419749115471213,0.8813123190736571,0.28208427146992604,0.26889675136699903,0.5731746542296559,47.0,57.3,51.1
42039,"Crawford County, Pennsylvania",Pennsylvania,82716,14.32,60476.0,5.01,21.07,0.7,1.2,23,2.781,0.5760694757156642,0.6506915406883242,0.6288195561273722,0.5558057253136056,0.42039240913477,0.1839819877774204,0.5229977484721775,50.3,52.3,51.1
12083,"Marion County, Florida",Florida,400078,14.41,61010.0,4.84,23.37,2.6,9.44,160,3.999,0.5825024123512383,0.6336442586040527,0.5947249919588292,0.44483756834995175,0.8118366034094564,0.8600836281762625,0.2946284979092956,65.5,29.5,51.1
27007,"Beltrami County, Minnesota",Minnesota,46512,16.14,68975.0,4.68,31.83,0.4,1.44,9,1.935,0.6809263428755227,0.40302348021871987,0.5541974911547122,0.19974268253457703,0.28208427146992604,0.24477323898359601,0.6863943390157607,39.4,68.6,51.1
36013,"Chautauqua County, New York",New York,125544,17.43,58351.0,5.92,25.12,2.4,2.6,49,3.903,0.7532968800257317,0.7111611450627211,0.7848182695400451,0.37118044387262783,0.7918944998391766,0.45834673528465747,0.3091026053393374,64.5,30.9,51.1
38013,"Burke County, North Dakota",North Dakota,2156,5.89,91591.0,3.73,22.77,0.8,3.39,0,0.0,0.03152138951431328,0.0874879382438083,0.3538115149565777,0.46992602122869087,0.46317143776133807,0.5522676101640399,0.7857832100353811,32.6,78.6,51.0
37025,"Cabarrus County, North Carolina",North Carolina,236133,9.27,89005.0,4.64,37.91,2.0,10.83,54,2.287,0.19877774203924092,0.10485686715985848,0.5484078481826954,0.1106465101318752,0.7468639433901576,0.8919266645223545,0.6239948536506915,43.4,62.4,51.0
51071,"Giles County, Virginia",Virginia,16557,9.34,65691.0,2.15,17.63,0.5,2.13,3,1.812,0.20488903184303633,0.49951752975233193,0.09456416854293985,0.7413959472499196,0.3335477645545191,0.38050820199421037,0.7105178513991637,37.6,71.1,51.0
31023,"Butler County, Nebraska",Nebraska,8424,9.74,79268.0,1.2,23.97,1.5,2.34,0,0.0,0.22997748472177548,0.19620456738501127,0.03152138951431328,0.4229655837889997,0.6587327114827919,0.41781923448054037,0.7857832100353811,32.6,78.6,51.0
29027,"Callaway County, Missouri",Missouri,44741,11.65,74176.0,5.08,24.64,0.2,0.94,5,1.118,0.37150209070440654,0.28723062077838535,0.6452235445480862,0.3936957220971373,0.17368928916050178,0.12737214538436797,0.7751688645866838,33.3,77.5,51.0
36083,"Rensselaer County, New York",New York,160332,11.82,87915.0,5.3,37.55,1.4,5.61,38,2.37,0.3888710196204567,0.11225474429076873,0.6844644580250885,0.11354133161788356,0.637825667417176,0.7217754905114184,0.6101640398842071,44.3,61.0,51.0
13169,"Jones County, Georgia",Georgia,28673,12.06,75500.0,3.82,19.92,0.1,1.31,3,1.046,0.40688324220006433,0.25924734641363784,0.3731103248633001,0.6178835638468961,0.11997426825345771,0.21325184946928272,0.7780636860726922,33.2,77.8,51.0
47001,"Anderson County, Tennessee",Tennessee,79153,13.36,66183.0,3.74,27.54,0.9,3.24,19,2.4,0.5101318752010293,0.48150530717272433,0.3560630427790286,0.29688002573174654,0.4985525892569958,0.534577034416211,0.6046960437439691,44.6,60.5,51.0
01015,"Calhoun County, Alabama",Alabama,116090,17.89,55029.0,5.97,20.65,1.0,2.91,47,4.049,0.7716307494371181,0.7861048568671598,0.7931810871662914,0.577356063042779,0.5310389192666453,0.4979092955934384,0.2853007397877131,66.0,28.5,51.0
40063,"Hughes County, Oklahoma",Oklahoma,13389,20.21,51581.0,4.94,16.02,1.2,2.46,6,4.481,0.8549372788678031,0.8555805725313606,0.614667095529109,0.824380829848826,0.5895786426503699,0.43936957220971373,0.2309424252171116,69.6,23.1,51.0
42067,"Juniata County, Pennsylvania",Pennsylvania,23379,9.7,66318.0,2.11,15.0,1.8,2.46,6,2.566,0.22643936957220973,0.4744290768735928,0.09070440656159537,0.8710196204567385,0.7140559665487295,0.43936957220971373,0.5680283049211965,46.9,56.8,50.9
12003,"Baker County, Florida",Florida,28430,11.76,79836.0,4.5,17.82,0.0,1.43,4,1.407,0.38211643615310387,0.1894499839176584,0.5191379864908331,0.7323898359601158,0.0,0.24091347700225152,0.7561917015117401,34.4,75.6,50.9
47167,"Tipton County, Tennessee",Tennessee,61553,13.6,74127.0,5.53,20.69,0.1,0.92,12,1.95,0.5249276294628498,0.28787391444194277,0.7291733676423288,0.5754261820521068,0.11997426825345771,0.12158250241235123,0.6838211643615311,39.3,68.4,50.9
48059,"Callahan County, Texas",Texas,14241,9.61,72436.0,4.72,24.0,0.1,1.67,0,0.0,0.21871984560952074,0.32422000643293664,0.5615953682856224,0.42007076230299134,0.11997426825345771,0.2962367320681891,0.7857832100353811,32.3,78.6,50.8
55051,"Iron County, Wisconsin",Wisconsin,6210,10.46,60625.0,2.54,25.97,0.4,1.47,0,0.0,0.2801543904792538,0.6455451913798649,0.1392730781601801,0.3431971695078804,0.28208427146992604,0.25120617561917014,0.7857832100353811,32.4,78.6,50.8
29159,"Pettis County, Missouri",Missouri,43397,15.6,60430.0,3.85,18.41,2.6,7.22,18,4.148,0.6519781280154391,0.6516564811836604,0.3811514956577678,0.7011900932775812,0.8118366034094564,0.7960759086522998,0.2727565133483435,66.6,27.3,50.8
27139,"Scott County, Minnesota",Minnesota,154557,4.6,119314.0,3.46,44.15,2.7,10.24,23,1.488,0.008041170794467674,0.018012222579607592,0.2946284979092956,0.05757478288838855,0.8230942425217112,0.8819556127372146,0.7465422965583789,34.7,74.7,50.7
20179,"Sheridan County, Kansas",Kansas,2426,8.93,73750.0,0.69,24.26,1.1,2.68,0,0.0,0.1752975233193953,0.29720167256352525,0.01608234158893535,0.4091347700225153,0.5638468961080734,0.4689610807333548,0.7857832100353811,32.2,78.6,50.7
42061,"Huntingdon County, Pennsylvania",Pennsylvania,43653,10.64,65557.0,4.64,19.22,0.1,0.91,8,1.833,0.2933419105821808,0.5046638790607912,0.5484078481826954,0.657446124155677,0.11997426825345771,0.11868768092634288,0.7076230299131554,37.4,70.8,50.7
39071,"Highland County, Ohio",Ohio,43517,14.1,65785.0,3.09,16.26,0.4,0.55,9,2.068,0.563203602444516,0.4979092955934384,0.21839819877774205,0.8099067224187841,0.28208427146992604,0.05242843357992924,0.6622708266323577,40.4,66.2,50.7
39111,"Monroe County, Ohio",Ohio,13227,15.15,60134.0,5.42,12.07,0.2,0.63,4,3.024,0.6233515599871341,0.6587327114827919,0.7089096172402701,0.9614023801865552,0.17368928916050178,0.06593760051463493,0.46992602122869087,53.2,47.0,50.7
51167,"Russell County, Virginia",Virginia,25538,16.68,50012.0,3.61,13.06,0.0,0.78,7,2.741,0.7127693792216147,0.8819556127372146,0.3287230620778385,0.9356706336442586,0.0,0.08941781923448054,0.5300739787713091,49.1,53.0,50.7
47031,"Coffee County, Tennessee",Tennessee,59710,17.37,61505.0,3.56,21.39,0.8,2.96,18,3.015,0.7510453522032808,0.6143454486973303,0.3136056609842393,0.5374718559022194,0.46317143776133807,0.5030556449018977,0.47249919588292055,53.0,47.2,50.7
01041,"Crenshaw County, Alabama",Alabama,13122,17.9,48560.0,5.42,18.71,2.3,1.83,6,4.572,0.7729173367642329,0.9086522997748472,0.7089096172402701,0.6851077516886459,0.7828883885493728,0.3264715342553876,0.2203280797684143,69.7,22.0,50.7
05089,"Marion County, Arkansas",Arkansas,17228,17.98,48619.0,4.95,14.88,0.5,2.39,7,4.063,0.7767770987455773,0.9070440656159536,0.6175619170151174,0.87809585075587,0.3335477645545191,0.42746863943390156,0.28240591830170475,65.7,28.2,50.7
05043,"Drew County, Arkansas",Arkansas,17046,22.4,42824.0,5.89,25.61,0.0,3.37,6,3.52,0.909938887101962,0.957220971373432,0.779350273399807,0.35670633644258604,0.0,0.5503377291733677,0.3782566741717594,59.2,37.8,50.7
45011,"Barnwell County, South Carolina",South Carolina,20521,25.01,46626.0,7.05,13.89,0.9,2.4,12,5.848,0.9511096815696365,0.9273078160180123,0.8832422000643294,0.9131553554197491,0.4985525892569958,0.4290768735927951,0.11740109359922805,76.7,11.7,50.7
46073,"Jerauld County, South Dakota",South Dakota,1772,8.31,73750.0,1.74,21.35,0.5,3.39,0,0.0,0.13026696687037634,0.29720167256352525,0.06272113219684786,0.5403666773882277,0.3335477645545191,0.5522676101640399,0.7857832100353811,31.9,78.6,50.6
42051,"Fayette County, Pennsylvania",Pennsylvania,125997,16.82,58236.0,6.26,19.09,0.2,1.28,40,3.175,0.7198456095207462,0.7130910260533934,0.8189128337085879,0.6645223544548087,0.17368928916050178,0.20488903184303633,0.441299453200386,54.9,44.1,50.6
26007,"Alpena County, Michigan",Michigan,28880,17.96,53950.0,6.18,18.33,0.3,1.21,10,3.463,0.7764554519137986,0.8073335477645546,0.8131231907365712,0.7060147957542618,0.22997748472177548,0.18559022193631391,0.3856545513026697,58.6,38.6,50.6
21011,"Bath County, Kentucky",Kentucky,12851,25.31,56541.0,2.55,12.27,0.7,0.27,4,3.113,0.9540045030556449,0.7539401736892891,0.14023801865551624,0.957220971373432,0.42039240913477,0.017690575747828882,0.4538436796397555,54.1,45.4,50.6
17093,"Kendall County, Illinois",Illinois,137675,5.42,111601.0,4.34,36.94,1.2,11.39,23,1.671,0.02219363139273078,0.02669668703763268,0.4760373110324863,0.11900932775812158,0.5895786426503699,0.9015760694757157,0.7285300739787713,35.6,72.9,50.5
27043,"Faribault County, Minnesota",Minnesota,13914,10.37,66815.0,3.36,21.84,1.2,1.91,3,2.156,0.2756513348343519,0.4609199099388871,0.2733998070119009,0.513669990350595,0.5895786426503699,0.34384046317143774,0.6471534255387584,41.0,64.7,50.5
51181,"Surry County, Virginia",Virginia,6549,10.53,78041.0,4.99,27.06,0.1,1.94,0,0.0,0.28465744612415567,0.21486008362817627,0.6243165004824702,0.31038919266645226,0.11997426825345771,0.3499517529752332,0.7857832100353811,31.7,78.6,50.5
06053,"Monterey County, California",California,437613,12.73,97230.0,5.2,28.21,10.5,29.57,147,3.359,0.45770344162110005,0.06272113219684786,0.6667738822772595,0.2804760373110325,0.9787713091026053,0.9897073013830814,0.4033451270504986,57.3,40.3,50.5
27027,"Clay County, Minnesota",Minnesota,66059,13.26,81172.0,4.12,39.27,0.6,4.21,12,1.817,0.5033772917336764,0.17143776133805083,0.4310067545834674,0.09520746220649727,0.38018655516243166,0.6310710839498231,0.7098745577356063,36.9,71.0,50.5
21055,"Crittenden County, Kentucky",Kentucky,8979,17.72,46656.0,3.4,15.26,1.1,0.42,3,3.341,0.7645545191379864,0.9266645223544548,0.2814409778063686,0.8594403345127051,0.5638468961080734,0.03441621100032165,0.4055966548729495,57.2,40.6,50.5
29105,"Laclede County, Missouri",Missouri,36390,18.2,53282.0,5.34,16.32,0.3,1.48,13,3.572,0.7861048568671598,0.819877774203924,0.6944355098102284,0.8066902541009972,0.22997748472177548,0.252492762946285,0.3660340945641685,59.8,36.6,50.5
38039,"Griggs County, North Dakota",North Dakota,2245,11.71,61711.0,1.42,26.01,0.4,1.43,0,0.0,0.37664844001286585,0.6108073335477645,0.04406561595368286,0.34191058218076553,0.28208427146992604,0.24091347700225152,0.7857832100353811,31.6,78.6,50.4
39033,"Crawford County, Ohio",Ohio,41711,11.81,58044.0,4.72,17.24,0.7,1.23,12,2.877,0.3869411386297845,0.7172724348665166,0.5615953682856224,0.7561917015117401,0.42039240913477,0.194274686394339,0.500482470247668,50.6,50.0,50.4
45003,"Aiken County, South Carolina",South Carolina,174160,14.34,70609.0,6.08,31.94,0.5,3.3,46,2.641,0.5776777098745577,0.3682856223866195,0.8044387262785462,0.19716950788034737,0.3335477645545191,0.5432614988742361,0.553232550659376,47.1,55.3,50.4
01055,"Etowah County, Alabama",Alabama,103105,16.94,54563.0,5.9,18.09,0.5,2.45,40,3.88,0.7253136056609842,0.7954326149887424,0.7809585075587006,0.7230620778385333,0.3335477645545191,0.4367963975554841,0.31199742682534576,63.3,31.2,50.4
49007,"Carbon County, Utah",Utah,20517,17.01,58377.0,5.89,18.79,0.3,1.86,7,3.412,0.72885172081055,0.7105178513991637,0.779350273399807,0.6815696365390801,0.22997748472177548,0.3316178835638469,0.3956256030878096,57.7,39.6,50.4
17181,"Union County, Illinois",Illinois,16997,20.22,55728.0,3.94,20.94,0.0,2.95,5,2.942,0.8555805725313606,0.7709874557735606,0.4010935992280476,0.560952074622065,0.0,0.502733998070119,0.48729495014474106,51.5,48.7,50.4
40023,"Choctaw County, Oklahoma",Oklahoma,14297,23.19,44081.0,4.78,15.22,0.3,2.42,6,4.197,0.927629462849791,0.9511096815696365,0.5786426503698938,0.8610485686715986,0.22997748472177548,0.43165004824702474,0.26471534255387585,66.3,26.5,50.4
28027,"Coahoma County, Mississippi",Mississippi,20540,35.51,37461.0,9.89,19.51,2.1,1.79,13,6.329,0.9948536506915406,0.9858475394017369,0.9697651978128016,0.6400771952396269,0.7574782888388549,0.31971695078803475,0.0923126407204889,77.8,9.2,50.4
31143,"Polk County, Nebraska",Nebraska,5225,7.87,69768.0,1.33,19.98,0.4,2.62,0,0.0,0.10517851399163718,0.38533290447089097,0.03827597298166613,0.6140238018655516,0.28208427146992604,0.4605982631071084,0.7857832100353811,31.4,78.6,50.3
46125,"Turner County, South Dakota",South Dakota,8882,9.32,75771.0,2.16,27.3,1.6,1.97,0,0.0,0.2029591508523641,0.252492762946285,0.09552910903827597,0.30234802187198456,0.6767449340623994,0.3554197491154712,0.7857832100353811,31.4,78.6,50.3
29087,"Holt County, Missouri",Missouri,4240,10.23,61187.0,1.83,19.64,0.1,1.18,0,0.0,0.26407204889031843,0.6256030878095851,0.07011900932775812,0.6326793181087166,0.11997426825345771,0.17754905114184624,0.7857832100353811,31.5,78.6,50.3
49013,"Duchesne County, Utah",Utah,20185,11.8,78445.0,4.31,18.47,0.6,3.35,5,2.477,0.38533290447089097,0.2077838533290447,0.4692827275651335,0.6966870376326794,0.38018655516243166,0.5480862013509167,0.5860405275008042,44.8,58.6,50.3
27081,"Lincoln County, Minnesota",Minnesota,5603,11.95,69694.0,2.66,25.75,0.6,1.3,0,0.0,0.39819877774203927,0.388549372788678,0.15825024123512382,0.35252492762946286,0.38018655516243166,0.20939208748793825,0.7857832100353811,31.5,78.6,50.3
39003,"Allen County, Ohio",Ohio,101348,13.29,64038.0,5.74,20.1,0.7,2.36,32,3.157,0.5053071727243487,0.5410099710517852,0.7571566420070762,0.6075908652299775,0.42039240913477,0.4239305242843358,0.44451592151817304,54.3,44.5,50.3
48293,"Limestone County, Texas",Texas,22283,17.07,60573.0,3.72,18.53,2.7,9.5,10,4.488,0.7314248954647796,0.6474750723705371,0.34898681247989705,0.6931489224831135,0.8230942425217112,0.8626568028304921,0.2302991315535542,68.4,23.0,50.3
13075,"Cook County, Georgia",Georgia,17532,17.73,53651.0,3.64,17.86,0.6,2.44,6,3.422,0.7651978128015439,0.8115149565776777,0.33386941138629783,0.7304599549694436,0.38018655516243166,0.43518816339659055,0.3933740752653586,57.6,39.3,50.3
01127,"Walker County, Alabama",Alabama,64841,18.46,56509.0,4.88,16.56,0.5,1.53,23,3.547,0.7996140238018655,0.7549051141846252,0.6030878095850756,0.7944676744934063,0.3335477645545191,0.2653586362174333,0.3708587970408492,59.2,37.1,50.3
28029,"Copiah County, Mississippi",Mississippi,27855,22.97,49089.0,5.76,19.67,1.2,2.21,13,4.667,0.9218398198777742,0.8986812479897073,0.7590865229977485,0.6310710839498231,0.5895786426503699,0.3936957220971373,0.20874879382438083,69.9,20.9,50.3
28105,"Oktibbeha County, Mississippi",Mississippi,51771,25.53,46695.0,5.78,46.97,1.0,4.86,21,4.056,0.9562560308780959,0.9260212286908974,0.7619813444837569,0.04277902862656803,0.5310389192666453,0.6789964618848504,0.28369250562881954,65.0,28.4,50.3
27073,"Lac qui Parle County, Minnesota",Minnesota,6682,8.14,74432.0,2.0,23.29,1.3,1.86,0,0.0,0.11868768092634288,0.2804760373110325,0.0829848825989064,0.44934062399485364,0.6156320360244452,0.3316178835638469,0.7857832100353811,31.3,78.6,50.2
55119,"Taylor County, Wisconsin",Wisconsin,20024,9.57,69350.0,2.62,17.01,0.8,1.78,4,1.998,0.2171116114506272,0.39723383724670314,0.151495657767771,0.7677709874557735,0.46317143776133807,0.3174654229655838,0.6757799935670634,38.6,67.6,50.2
18171,"Warren County, Indiana",Indiana,8464,10.98,82425.0,4.39,17.5,0.0,1.12,0,0.0,0.3136056609842393,0.15825024123512382,0.4930845931167578,0.7494371180443873,0.0,0.16436153103891926,0.7857832100353811,31.3,78.6,50.2
46043,"Douglas County, South Dakota",South Dakota,2828,11.05,86442.0,0.47,24.95,1.0,3.04,0,0.0,0.31971695078803475,0.1254422643936957,0.00964940495336121,0.3788999678353168,0.5310389192666453,0.5127050498552589,0.7857832100353811,31.3,78.6,50.2
22121,"West Baton Rouge Parish, Louisiana",Louisiana,27974,12.91,87299.0,6.99,23.25,2.7,1.49,8,2.86,0.47507237053715023,0.11707944676744934,0.8797040849147636,0.4512705049855259,0.8230942425217112,0.25442264393695724,0.5046638790607912,50.0,50.5,50.2
51079,"Greene County, Virginia",Virginia,21155,13.74,89808.0,1.81,31.54,0.2,7.12,0,0.0,0.5342553875844323,0.09810228369250563,0.06851077516886458,0.20488903184303633,0.17368928916050178,0.7938243808298489,0.7857832100353811,31.2,78.6,50.2
29209,"Stone County, Missouri",Missouri,32048,13.92,63520.0,7.06,24.84,0.1,1.23,8,2.496,0.547764554519138,0.5561273721453843,0.8838854937278868,0.3866194917980058,0.11997426825345771,0.194274686394339,0.5825024123512383,44.8,58.3,50.2
23025,"Somerset County, Maine",Maine,50959,14.19,58179.0,3.5,21.06,0.2,1.48,12,2.355,0.5683499517529752,0.7153425538758443,0.3033129623673207,0.5561273721453843,0.17368928916050178,0.252492762946285,0.6137021550337729,42.8,61.4,50.2
36075,"Oswego County, New York",New York,117953,16.32,69183.0,7.01,21.64,0.2,1.96,34,2.883,0.6928272756513348,0.4001286587327115,0.8806690254100997,0.5229977484721775,0.17368928916050178,0.35284657446124157,0.49983917658411064,50.4,50.0,50.2
36033,"Franklin County, New York",New York,46696,18.25,65151.0,3.93,23.81,0.7,3.51,14,2.998,0.7886780315213895,0.5149565776777099,0.39884207140559663,0.4287552267610164,0.42039240913477,0.5654551302669669,0.4757156642007076,52.0,47.6,50.2
21107,"Hopkins County, Kentucky",Kentucky,45119,19.98,56815.0,6.21,16.91,0.4,2.04,18,3.989,0.848504342232229,0.7468639433901576,0.8156963653908009,0.773882277259569,0.28208427146992604,0.3657124477323898,0.29655837889996783,63.9,29.7,50.2
12015,"Charlotte County, Florida",Florida,201064,8.99,69952.0,5.37,27.05,1.9,9.76,62,3.084,0.17819234480540366,0.3827597298166613,0.6995818591186876,0.3107108394982309,0.7301383081376649,0.8678031521389514,0.45899002894821483,52.8,45.9,50.1
39091,"Logan County, Ohio",Ohio,46089,11.08,71551.0,4.07,18.71,0.3,1.58,9,1.953,0.3235767127693792,0.34416211000321645,0.4213573496301061,0.6851077516886459,0.22997748472177548,0.276616275329688,0.6831778706979736,38.0,68.3,50.1
25011,"Franklin County, Massachusetts",Massachusetts,70944,12.12,74907.0,5.38,40.59,1.1,4.99,18,2.537,0.4113862978449662,0.27114827918945,0.7015117401093599,0.08234158893534899,0.5638468961080734,0.687037632679318,0.574139594724992,45.3,57.4,50.1
27091,"Martin County, Minnesota",Minnesota,19780,13.13,59507.0,4.16,23.77,1.5,2.47,6,3.033,0.49179800578964294,0.6754583467352847,0.4387262785461563,0.43036346091990996,0.6587327114827919,0.4409778063686073,0.46735284657446124,52.3,46.7,50.1
17057,"Fulton County, Illinois",Illinois,33020,13.16,60599.0,6.69,18.47,0.0,1.18,9,2.726,0.49501447410743005,0.6468317787069797,0.8581537471855902,0.6966870376326794,0.0,0.17754905114184624,0.5339337407526535,47.9,53.4,50.1
46005,"Beadle County, South Dakota",South Dakota,19309,13.61,67681.0,1.91,27.16,5.9,12.06,6,3.107,0.5255709231264072,0.43486651656481184,0.07462206497266002,0.30717272434866516,0.9398520424573817,0.9092955934384046,0.45448697330331295,53.2,45.4,50.1
31079,"Hall County, Nebraska",Nebraska,62536,14.1,69251.0,4.01,21.49,8.5,16.87,25,3.998,0.563203602444516,0.39884207140559663,0.41267288517208106,0.5316822129302027,0.9697651978128016,0.949501447410743,0.2949501447410743,63.8,29.5,50.1
48391,"Refugio County, Texas",Texas,6707,14.63,60181.0,4.51,14.01,4.1,3.04,3,4.473,0.5944033451270505,0.6564811836603409,0.5217111611450628,0.9080090061112898,0.8941781923448054,0.5127050498552589,0.23158571888066903,68.1,23.2,50.1
39141,"Ross County, Ohio",Ohio,76492,15.69,61303.0,3.82,17.4,0.3,1.0,20,2.615,0.6564811836603409,0.6204567385011258,0.3731103248633001,0.752010292698617,0.22997748472177548,0.14023801865551624,0.558700546799614,46.2,55.9,50.1
37013,"Beaufort County, North Carolina",North Carolina,44499,17.82,58357.0,3.94,21.24,1.1,3.63,16,3.596,0.7680926342875523,0.7108394982309424,0.4010935992280476,0.5458346735284657,0.5638468961080734,0.576391122547443,0.3612093920874879,59.4,36.1,50.1
40117,"Pawnee County, Oklahoma",Oklahoma,15795,18.2,58738.0,4.41,16.87,0.3,1.46,5,3.166,0.7861048568671598,0.7002251527822451,0.4975876487616597,0.7761338050820199,0.22997748472177548,0.2483113541331618,0.4432293341910582,54.0,44.3,50.1
08033,"Dolores County, Colorado",Colorado,2432,21.63,64907.0,2.48,28.1,0.0,0.49,0,0.0,0.8925699581859119,0.5213895143132841,0.13155355419749115,0.28176262463814733,0.0,0.04406561595368286,0.7857832100353811,31.2,78.6,50.1
21095,"Harlan County, Kentucky",Kentucky,25772,27.37,41693.0,9.53,13.05,0.1,0.38,11,4.268,0.9678353168221293,0.9678353168221293,0.9639755548407848,0.936313927307816,0.11997426825345771,0.0276616275329688,0.25603087809585073,66.4,25.6,50.1
31139,"Pierce County, Nebraska",Nebraska,7325,7.55,72357.0,2.08,23.73,1.3,1.71,0,0.0,0.08909617240270183,0.3255065937600515,0.08909617240270183,0.43165004824702474,0.6156320360244452,0.30459954969443553,0.7857832100353811,30.9,78.6,50.0
37179,"Union County, North Carolina",North Carolina,250958,7.68,102900.0,4.19,40.49,2.2,12.17,52,2.072,0.0964940495336121,0.04663879060791251,0.4470890961724027,0.08394982309424252,0.7709874557735606,0.9109038275972982,0.6616275329688003,39.3,66.2,50.0
39169,"Wayne County, Ohio",Ohio,116588,9.41,73574.0,3.3,25.1,1.9,2.66,24,2.059,0.2081055001608234,0.3010614345448697,0.26439369572209714,0.37246703119974267,0.7301383081376649,0.4663879060791251,0.6645223544548087,39.0,66.5,50.0
55059,"Kenosha County, Wisconsin",Wisconsin,168438,10.49,81239.0,4.41,31.15,2.1,7.37,43,2.553,0.28208427146992604,0.16982952717915728,0.4975876487616597,0.21486008362817627,0.7574782888388549,0.7992923769700868,0.5706014795754262,45.4,57.1,50.0
31053,"Dodge County, Nebraska",Nebraska,37351,11.02,74329.0,3.43,21.99,3.1,7.59,11,2.945,0.31650048247024765,0.28240591830170475,0.28851720810550013,0.5065937600514635,0.8504342232229013,0.805725313605661,0.48665165648118364,50.8,48.7,50.0
20127,"Morris County, Kansas",Kansas,5340,12.06,58686.0,2.49,29.9,0.0,2.08,0,0.0,0.40688324220006433,0.7011900932775812,0.1338050820199421,0.24091347700225152,0.0,0.37439691219041493,0.7857832100353811,31.0,78.6,50.0
20207,"Woodson County, Kansas",Kansas,3109,12.36,50326.0,1.6,23.06,0.0,0.42,0,0.0,0.4310067545834674,0.8771309102605339,0.05242843357992924,0.45899002894821483,0.0,0.03441621100032165,0.7857832100353811,30.9,78.6,50.0
19123,"Mahaska County, Iowa",Iowa,22021,12.64,70940.0,3.51,24.13,1.1,2.23,5,2.271,0.4509488581537472,0.3602444515921518,0.30459954969443553,0.4152460598263107,0.5638468961080734,0.396268896751367,0.6268896751366999,41.5,62.7,50.0
23017,"Oxford County, Maine",Maine,59255,13.83,60173.0,4.29,24.0,0.3,1.41,14,2.363,0.5416532647153426,0.6568028304921196,0.4634930845931168,0.42007076230299134,0.22997748472177548,0.23801865551624315,0.6120939208748793,42.5,61.2,50.0
40037,"Creek County, Oklahoma",Oklahoma,72830,14.52,62338.0,3.26,18.72,0.7,1.9,20,2.746,0.5870054679961403,0.5924734641363782,0.25667417175940815,0.6844644580250885,0.42039240913477,0.34191058218076553,0.5284657446124156,48.0,52.8,50.0
17201,"Winnebago County, Illinois",Illinois,283292,15.62,65837.0,7.26,25.22,2.6,8.87,127,4.483,0.6529430685107752,0.4959794146027662,0.8951431328401416,0.3689289160501769,0.8118366034094564,0.8488259890640077,0.2306207783853329,67.9,23.1,50.0
05065,"Izard County, Arkansas",Arkansas,14009,22.28,49405.0,7.17,19.72,0.0,1.32,5,3.569,0.907687359279511,0.8919266645223545,0.8899967835316822,0.6272113219684786,0.0,0.21614667095529108,0.36732068189128336,58.9,36.7,50.0
28083,"Leflore County, Mississippi",Mississippi,27141,31.5,35277.0,11.61,21.16,0.1,1.37,11,4.053,0.984560952074622,0.9913155355419749,0.9848825989064007,0.5506593760051464,0.11997426825345771,0.22804760373110325,0.28433579929237696,64.3,28.4,50.0
20141,"Osborne County, Kansas",Kansas,3452,8.44,63011.0,1.64,23.79,0.6,1.56,0,0.0,0.14023801865551624,0.5712447732389836,0.054679961402380184,0.43004181408813125,0.38018655516243166,0.27114827918945,0.7857832100353811,30.8,78.6,49.9
30039,"Granite County, Montana",Montana,3462,10.17,59265.0,3.72,34.22,0.0,2.2,0,0.0,0.2586040527500804,0.6847861048568672,0.34898681247989705,0.15921518173045995,0.0,0.3917658411064651,0.7857832100353811,30.7,78.6,49.9
01057,"Fayette County, Alabama",Alabama,16053,21.81,49488.0,8.44,14.85,0.0,0.51,6,3.738,0.8986812479897073,0.8906400771952396,0.9401736892891605,0.8790607912512062,0.0,0.04663879060791251,0.33386941138629783,60.9,33.4,49.9
13273,"Terrell County, Georgia",Georgia,8850,33.27,46171.0,4.1,13.07,1.1,1.42,4,4.52,0.9913155355419749,0.9314892248311354,0.42746863943390156,0.9353489868124799,0.5638468961080734,0.2396268896751367,0.2254744290768736,68.2,22.5,49.9
48157,"Fort Bend County, Texas",Texas,893767,7.57,114041.0,5.05,50.23,6.3,30.52,231,2.585,0.08973946606625925,0.02348021871984561,0.6391122547442908,0.02991315535541975,0.9459633322611772,0.9919588292055324,0.5641685429398521,45.3,56.4,49.8
18021,"Clay County, Indiana",Indiana,26409,11.71,70010.0,3.23,20.33,0.3,1.13,4,1.515,0.37664844001286585,0.3814731424895465,0.24991958829205532,0.5953682856223866,0.22997748472177548,0.16725635252492763,0.7439691219041492,33.3,74.4,49.8
26155,"Shiawassee County, Michigan",Michigan,67991,12.04,67404.0,4.0,20.0,0.2,1.15,13,1.912,0.4052750080411708,0.4429076873592795,0.4100997105178514,0.6133805082019942,0.17368928916050178,0.17208105500160822,0.6912190414924413,37.0,69.1,49.8
20123,"Mitchell County, Kansas",Kansas,5779,12.2,64246.0,0.14,26.2,0.5,1.3,0,0.0,0.41717594081698295,0.5358636217433258,0.0041814088131231905,0.33419105821807654,0.3335477645545191,0.20939208748793825,0.7857832100353811,30.6,78.6,49.8
13045,"Carroll County, Georgia",Georgia,124569,15.37,73714.0,5.9,23.81,2.0,5.7,46,3.693,0.6397555484078482,0.2988099067224188,0.7809585075587006,0.4287552267610164,0.7468639433901576,0.7259568993245417,0.3406239948536507,60.4,34.1,49.8
42027,"Centre County, Pennsylvania",Pennsylvania,158576,16.32,74291.0,4.25,46.22,2.1,7.95,47,2.964,0.6928272756513348,0.2830492119652621,0.45706014795754263,0.04631714377613381,0.7574782888388549,0.8179478932132519,0.48247024766806046,50.9,48.2,49.8
21227,"Warren County, Kentucky",Kentucky,140918,17.01,65794.0,4.44,32.33,4.4,10.36,54,3.832,0.72885172081055,0.4975876487616597,0.5040205853972338,0.19009327758121583,0.9035059504663879,0.8838854937278868,0.3181087166291412,61.8,31.8,49.8
47049,"Fentress County, Tennessee",Tennessee,19309,20.98,51149.0,4.65,14.56,0.2,1.27,7,3.625,0.8768092634287552,0.8626568028304921,0.5496944355098102,0.8899967835316822,0.17368928916050178,0.20231585718880668,0.3554197491154712,59.3,35.5,49.8
39097,"Madison County, Ohio",Ohio,44423,8.46,87045.0,3.49,24.22,1.1,2.24,6,1.351,0.14088131231907366,0.11804438726278546,0.30138308137664843,0.41170794467674493,0.5638468961080734,0.39755548407848185,0.7597298166613059,32.2,76.0,49.7
38049,"McHenry County, North Dakota",North Dakota,5207,9.69,80733.0,4.13,20.32,0.3,1.13,0,0.0,0.2254744290768736,0.17594081698295272,0.4326149887423609,0.5963332261177228,0.22997748472177548,0.16725635252492763,0.7857832100353811,30.5,78.6,49.7
55005,"Barron County, Wisconsin",Wisconsin,46797,11.01,65933.0,2.83,23.2,1.1,1.98,10,2.137,0.31553554197491157,0.4934062399485365,0.17980057896429721,0.4538436796397555,0.5638468961080734,0.3583145706014796,0.6503698938565455,39.4,65.0,49.7
42097,"Northumberland County, Pennsylvania",Pennsylvania,90560,12.59,60583.0,3.69,19.36,0.9,1.59,25,2.761,0.446767449340624,0.6471534255387584,0.34255387584432295,0.6484400128658733,0.4985525892569958,0.2801543904792538,0.5265358636217433,47.7,52.7,49.7
27005,"Becker County, Minnesota",Minnesota,35343,12.9,71388.0,4.34,27.98,0.9,1.15,7,1.981,0.4741074300418141,0.3486651656481184,0.4760373110324863,0.2849790929559344,0.4985525892569958,0.17208105500160822,0.6786748150530717,37.6,67.9,49.7
47155,"Sevier County, Tennessee",Tennessee,99652,13.47,62581.0,3.34,21.83,1.7,7.55,34,3.412,0.5165648118366034,0.585075587005468,0.27114827918945,0.5139916371823737,0.6960437439691219,0.8044387262785462,0.3956256030878096,56.5,39.6,49.7
47033,"Crockett County, Tennessee",Tennessee,13944,14.52,62165.0,2.89,16.56,1.4,5.49,5,3.586,0.5870054679961403,0.5985847539401737,0.18687680926342876,0.7944676744934063,0.637825667417176,0.7137343197169508,0.3631392730781602,58.6,36.3,49.7
41015,"Curry County, Oregon",Oregon,23381,15.21,62244.0,5.76,22.07,0.2,5.89,8,3.422,0.6288195561273722,0.5947249919588292,0.7590865229977485,0.502733998070119,0.17368928916050178,0.7378578321003538,0.3933740752653586,56.6,39.3,49.7
20107,"Linn County, Kansas",Kansas,9767,8.4,59069.0,4.38,22.74,0.0,0.39,0,0.0,0.1376648440012866,0.6880025731746542,0.48954647796719203,0.47185590221936313,0.0,0.030234802187198456,0.7857832100353811,30.3,78.6,49.6
48379,"Rains County, Texas",Texas,12775,9.99,65413.0,3.26,20.88,0.9,2.37,3,2.348,0.2479897073013831,0.5098102283692506,0.25667417175940815,0.5657767770987456,0.4985525892569958,0.425860405275008,0.614667095529109,41.7,61.5,49.6
12101,"Pasco County, Florida",Florida,611444,11.1,70492.0,4.9,29.2,2.6,12.3,201,3.287,0.3258282405918302,0.37021550337729175,0.6075908652299775,0.25603087809585073,0.8118366034094564,0.9128337085879704,0.42007076230299134,54.7,42.0,49.6
37133,"Onslow County, North Carolina",North Carolina,207906,11.59,68148.0,5.37,26.0,0.6,4.24,57,2.742,0.36474750723705374,0.42232229012544226,0.6995818591186876,0.34255387584432295,0.38018655516243166,0.6339659054358314,0.5297523319395304,47.4,53.0,49.6
18093,"Lawrence County, Indiana",Indiana,45102,12.24,66468.0,3.53,20.41,0.4,1.21,9,1.995,0.42039240913477,0.4683177870697974,0.3091026053393374,0.5921518173045995,0.28208427146992604,0.18559022193631391,0.6764232872306207,37.6,67.6,49.6
01037,"Coosa County, Alabama",Alabama,10300,13.13,57355.0,6.2,13.86,0.0,0.46,3,2.913,0.49179800578964294,0.7330331296236732,0.8144097780636861,0.9137986490833065,0.0,0.03891926664522354,0.4927629462849791,49.9,49.3,49.6
18095,"Madison County, Indiana",Indiana,131900,13.37,63037.0,5.93,20.48,0.6,2.06,42,3.184,0.5107751688645867,0.5702798327436475,0.7870697973624959,0.5876487616596977,0.38018655516243166,0.36989385654551304,0.4384046317143776,53.4,43.8,49.6
26039,"Crawford County, Michigan",Michigan,13369,14.72,60392.0,8.15,20.29,0.0,1.56,4,2.992,0.601479575426182,0.6526214216789965,0.9327758121582502,0.5976198134448376,0.0,0.27114827918945,0.47732389835960115,50.9,47.7,49.6
13313,"Whitfield County, Georgia",Georgia,103598,14.84,67070.0,5.19,20.23,6.9,18.47,51,4.923,0.6088774525570924,0.45416532647153424,0.665165648118366,0.6001929880990672,0.9536828562238662,0.9578642650369894,0.1801222257960759,70.7,18.0,49.6
28141,"Tishomingo County, Mississippi",Mississippi,18660,18.0,53040.0,3.15,17.83,2.0,1.79,7,3.751,0.7783853329044709,0.8256674171759408,0.2344805403666774,0.7317465422965583,0.7468639433901576,0.31971695078803475,0.3319395303956256,60.6,33.2,49.6
37147,"Pitt County, North Carolina",North Carolina,177193,19.84,58188.0,7.8,33.83,1.6,5.78,80,4.515,0.8443229334191058,0.7146992602122869,0.9205532325506594,0.16500482470247668,0.6767449340623994,0.7307816018012222,0.22643936957220973,67.5,22.6,49.6
13277,"Tift County, Georgia",Georgia,41438,20.8,53255.0,2.82,20.97,2.5,5.88,18,4.344,0.8726278546156321,0.8208427146992602,0.1791572853007398,0.5596654872949501,0.8018655516243165,0.7375361852685751,0.24605982631071083,66.2,24.6,49.6
13279,"Toombs County, Georgia",Georgia,27102,22.49,52621.0,4.39,18.42,3.5,6.35,17,6.273,0.912190414924413,0.8349951752975233,0.4930845931167578,0.6995818591186876,0.8735927951109682,0.7610164039884207,0.0964940495336121,76.2,9.6,49.6
08081,"Moffat County, Colorado",Colorado,13207,8.39,73849.0,4.54,19.38,2.5,4.74,4,3.029,0.13605660984239304,0.2959150852364104,0.5284657446124156,0.6461884850434223,0.8018655516243165,0.6703119974268253,0.4683177870697974,51.3,46.8,49.5
06063,"Plumas County, California",California,19423,10.6,66031.0,9.15,22.55,1.3,4.82,7,3.604,0.289803795432615,0.4885815374718559,0.9552910903827597,0.48182695400450304,0.6156320360244452,0.676101640398842,0.35960115792859443,58.5,36.0,49.5
05095,"Monroe County, Arkansas",Arkansas,6589,20.57,43214.0,9.83,12.71,0.1,1.29,3,4.553,0.864908330652943,0.9552910903827597,0.9684786104856867,0.9466066259247347,0.11997426825345771,0.2071405596654873,0.2209713734319717,67.7,22.1,49.5
16025,"Camas County, Idaho",Idaho,1124,5.87,57955.0,0.0,34.39,1.6,1.33,0,0.0,0.030234802187198456,0.7188806690254101,0.0,0.15471212608555807,0.6767449340623994,0.21839819877774205,0.7857832100353811,30.0,78.6,49.4
49027,"Millard County, Utah",Utah,13315,7.68,73639.0,5.53,24.32,1.7,7.93,4,3.004,0.0964940495336121,0.3000964940495336,0.7291733676423288,0.4065615953682856,0.6960437439691219,0.8169829527179158,0.4744290768735928,50.8,47.4,49.4
34041,"Warren County, New Jersey",New Jersey,110849,8.34,100869.0,5.1,36.51,2.3,10.62,28,2.526,0.13219684786104857,0.05210678674815053,0.6490833065294307,0.1254422643936957,0.7828883885493728,0.8896751366999035,0.5770344162110003,43.9,57.7,49.4
42057,"Fulton County, Pennsylvania",Pennsylvania,14531,11.18,65836.0,2.91,17.73,0.0,0.49,0,0.0,0.33386941138629783,0.4963010614345449,0.1891283370858797,0.736571244773239,0.0,0.04406561595368286,0.7857832100353811,30.0,78.6,49.4
37121,"Mitchell County, North Carolina",North Carolina,14992,12.92,57602.0,6.49,24.2,0.7,2.37,5,3.335,0.476358957864265,0.7307816018012222,0.843036346091991,0.41235123834030235,0.42039240913477,0.425860405275008,0.40688324220006433,55.1,40.7,49.4
42037,"Columbia County, Pennsylvania",Pennsylvania,65362,13.74,64644.0,5.98,26.62,0.2,2.77,18,2.754,0.5342553875844323,0.526857510453522,0.7951109681569637,0.3222901254422644,0.17368928916050178,0.4808620135091669,0.5271791572853007,47.2,52.7,49.4
17177,"Stephenson County, Illinois",Illinois,43768,13.93,64043.0,4.35,20.71,0.7,2.57,13,2.97,0.5493727886780315,0.5406883242200065,0.478610485686716,0.5744612415567707,0.42039240913477,0.4535220328079768,0.4811836603409456,50.3,48.1,49.4
26097,"Mackinac County, Michigan",Michigan,10957,16.05,63909.0,7.97,25.01,0.4,5.94,4,3.651,0.6764232872306207,0.545513026696687,0.9256995818591187,0.3763267931810872,0.28208427146992604,0.7401093599228048,0.34963010614345447,59.1,35.0,49.4
05067,"Jackson County, Arkansas",Arkansas,16712,21.66,44218.0,9.78,14.72,0.0,1.18,7,4.189,0.8932132518494693,0.9501447410743005,0.9662270826632358,0.8842071405596655,0.0,0.17754905114184624,0.2663235767127694,64.5,26.6,49.4
28097,"Montgomery County, Mississippi",Mississippi,9602,25.18,41748.0,4.72,19.37,0.0,0.19,3,3.124,0.95271791572853,0.9671920231585719,0.5615953682856224,0.6471534255387584,0.0,0.011257639112254744,0.4509488581537472,52.3,45.1,49.4
01035,"Conecuh County, Alabama",Alabama,11275,27.85,41327.0,8.7,13.42,0.7,0.83,6,5.322,0.970408491476359,0.9710517851399164,0.9456416854293985,0.9282727565133484,0.42039240913477,0.1013187520102927,0.151495657767771,72.3,15.1,49.4
22065,"Madison Parish, Louisiana",Louisiana,9513,34.52,35456.0,5.47,14.11,0.2,0.87,4,4.205,0.9942103570279833,0.9903505950466388,0.7204889031843036,0.9038275972981666,0.17368928916050178,0.1103248633000965,0.2624638147314249,64.9,26.2,49.4
31135,"Perkins County, Nebraska",Nebraska,2821,7.15,72778.0,1.52,25.83,0.9,2.94,0,0.0,0.07237053715020907,0.31521389514313286,0.047603731103248635,0.34898681247989705,0.4985525892569958,0.5014474107430041,0.7857832100353811,29.7,78.6,49.3
47127,"Moore County, Tennessee",Tennessee,6674,8.05,66469.0,4.49,24.07,0.0,1.54,0,0.0,0.11450627211321969,0.46799614023801867,0.5155998713412673,0.41717594081698295,0.0,0.2679318108716629,0.7857832100353811,29.7,78.6,49.3
18161,"Union County, Indiana",Indiana,6985,8.47,76424.0,4.25,18.39,0.0,1.46,0,0.0,0.14152460598263106,0.2405918301704728,0.45706014795754263,0.7021550337729173,0.0,0.2483113541331618,0.7857832100353811,29.8,78.6,49.3
31181,"Webster County, Nebraska",Nebraska,3360,9.63,64347.0,0.68,21.22,0.2,1.67,0,0.0,0.21936313927307816,0.5348986812479897,0.01576069475715664,0.5461563203602444,0.17368928916050178,0.2962367320681891,0.7857832100353811,29.8,78.6,49.3
18005,"Bartholomew County, Indiana",Indiana,83536,10.47,79901.0,4.12,34.1,2.0,11.16,22,2.634,0.2807976841428112,0.188806690254101,0.4310067545834674,0.16275329688002574,0.7468639433901576,0.8983596011579286,0.5541974911547122,45.1,55.4,49.3
37101,"Johnston County, North Carolina",North Carolina,234263,10.63,83384.0,3.81,28.9,1.8,8.3,59,2.519,0.29205532325506595,0.15085236410421357,0.37118044387262783,0.26182052106786746,0.7140559665487295,0.8292055323255066,0.5779993567063364,43.7,57.8,49.3
27115,"Pine County, Minnesota",Minnesota,29640,11.13,71146.0,5.6,17.42,0.4,1.73,8,2.699,0.32936635574139594,0.35670633644258604,0.7385011257639112,0.7513669990350595,0.28208427146992604,0.3087809585075587,0.5410099710517852,46.1,54.1,49.3
36101,"Steuben County, New York",New York,92588,13.78,65887.0,5.97,26.34,0.6,3.11,28,3.024,0.5387584432293342,0.4937278867803152,0.7931810871662914,0.32904470890961723,0.38018655516243166,0.5197812801543905,0.46992602122869087,50.9,47.0,49.3
47113,"Madison County, Tennessee",Tennessee,99295,18.18,60042.0,7.03,26.59,1.7,3.72,43,4.331,0.7854615632036025,0.6609842393052429,0.8829205532325507,0.3226117722740431,0.6960437439691219,0.5844322933419106,0.2483113541331618,65.5,24.8,49.3
55011,"Buffalo County, Wisconsin",Wisconsin,13393,8.43,70479.0,2.85,22.12,0.4,1.7,0,0.0,0.1392730781601801,0.37053715020907046,0.18205210678674816,0.500482470247668,0.28208427146992604,0.3042779028626568,0.7857832100353811,29.6,78.6,49.2
29063,"DeKalb County, Missouri",Missouri,10876,8.67,69826.0,2.32,16.35,0.0,1.79,0,0.0,0.15535541974911546,0.38404631714377613,0.11354133161788356,0.8047603731103249,0.0,0.31971695078803475,0.7857832100353811,29.6,78.6,49.2
17079,"Jasper County, Illinois",Illinois,9180,11.06,74755.0,4.18,20.92,0.0,1.18,0,0.0,0.3206818912833709,0.27436474750723705,0.44483756834995175,0.5628819556127372,0.0,0.17754905114184624,0.7857832100353811,29.7,78.6,49.2
26129,"Ogemaw County, Michigan",Michigan,20885,16.66,54666.0,6.25,17.2,0.3,1.88,8,3.831,0.7118044387262785,0.7941460276616276,0.8185911868768093,0.7568349951752975,0.22997748472177548,0.3367642328723062,0.3184303634609199,60.8,31.8,49.2
45009,"Bamberg County, South Carolina",South Carolina,13042,24.3,44370.0,14.98,17.94,0.3,1.28,6,4.601,0.9411386297844966,0.9488581537471856,0.9951752975233193,0.7262785461563204,0.22997748472177548,0.20488903184303633,0.21743325828240592,67.4,21.7,49.2
05077,"Lee County, Arkansas",Arkansas,8359,39.44,34375.0,19.1,7.24,0.0,1.08,4,4.785,0.9974268253457703,0.9926021228690898,0.9983917658411064,0.9980701190093277,0.0,0.15567706658089417,0.19491798005789643,69.0,19.5,49.2
16051,"Jefferson County, Idaho",Idaho,33154,9.68,86679.0,2.69,27.37,0.9,4.18,5,1.508,0.22322290125442265,0.12286908973946607,0.16018012222579608,0.3000964940495336,0.4985525892569958,0.630106143454487,0.7446124155677066,32.3,74.5,49.1
18051,"Gibson County, Indiana",Indiana,33000,10.79,67573.0,2.33,18.52,0.8,1.58,7,2.121,0.3039562560308781,0.4377613380508202,0.1151495657767771,0.693792216146671,0.46317143776133807,0.276616275329688,0.6545513026696687,38.2,65.5,49.1
08027,"Custer County, Colorado",Colorado,5247,12.7,72674.0,3.73,43.71,0.2,2.29,0,0.0,0.4560952074622065,0.31907365712447733,0.3538115149565777,0.0601479575426182,0.17368928916050178,0.4084914763589579,0.7857832100353811,29.5,78.6,49.1
20011,"Bourbon County, Kansas",Kansas,14394,13.64,59238.0,5.28,23.86,0.2,1.79,4,2.779,0.5278224509488582,0.6851077516886459,0.6809263428755227,0.42682534577034414,0.17368928916050178,0.31971695078803475,0.5236410421357349,46.9,52.4,49.1
17127,"Massac County, Illinois",Illinois,13865,16.27,65116.0,3.85,17.05,0.5,1.36,4,2.885,0.689289160501769,0.5162431650048247,0.3811514956577678,0.7655194596333226,0.3335477645545191,0.22450948858153746,0.4991958829205532,48.5,49.9,49.1
40013,"Bryan County, Oklahoma",Oklahoma,48253,16.57,57225.0,4.6,26.5,0.9,2.58,16,3.316,0.7076230299131554,0.7362495979414603,0.5419749115471213,0.32422000643293664,0.4985525892569958,0.45480862013509166,0.41235123834030235,54.4,41.2,49.1
28061,"Jasper County, Mississippi",Mississippi,16059,19.43,48660.0,6.22,12.22,0.0,0.62,6,3.736,0.8314570601479575,0.9067224187841749,0.8163396590543583,0.9578642650369894,0.0,0.06400771952396268,0.33419105821807654,59.6,33.4,49.1
22047,"Iberville Parish, Louisiana",Louisiana,29815,19.91,54000.0,6.13,18.59,1.3,3.44,16,5.366,0.8468961080733355,0.8063686072692184,0.8099067224187841,0.6886458668382116,0.6156320360244452,0.556449018977163,0.1476358957864265,72.1,14.8,49.1
28001,"Adams County, Mississippi",Mississippi,28803,27.04,43644.0,6.4,20.56,0.5,5.13,16,5.555,0.9655837889996783,0.9533612093920875,0.8349951752975233,0.5825024123512383,0.3335477645545191,0.6970086844644581,0.13509166934705694,72.8,13.5,49.1
16007,"Bear Lake County, Idaho",Idaho,6650,7.02,75260.0,2.62,21.58,0.8,1.65,0,0.0,0.0646510131875201,0.2637504020585397,0.151495657767771,0.5255709231264072,0.46317143776133807,0.29173367642328724,0.7857832100353811,29.3,78.6,49.0
13085,"Dawson County, Georgia",Georgia,30242,8.54,92991.0,3.52,36.44,0.7,5.19,3,0.992,0.1466709552910904,0.08041170794467674,0.30685107751688645,0.12672885172081055,0.42039240913477,0.7002251527822451,0.7796719202315857,29.7,78.0,49.0
20033,"Comanche County, Kansas",Kansas,1729,9.23,54545.0,1.69,20.08,0.0,0.81,0,0.0,0.194274686394339,0.7957542618205211,0.05950466387906079,0.6091990993888711,0.0,0.09585075587005468,0.7857832100353811,29.2,78.6,49.0
18019,"Clark County, Indiana",Indiana,124354,10.2,74214.0,4.01,27.74,0.9,4.17,28,2.252,0.26182052106786746,0.2849790929559344,0.41267288517208106,0.29237697008684466,0.4985525892569958,0.6281762624638147,0.6313927307816019,39.6,63.1,49.0
16011,"Bingham County, Idaho",Idaho,49664,11.71,77878.0,5.44,21.77,2.3,5.67,17,3.423,0.37664844001286585,0.2167899646188485,0.7146992602122869,0.5168864586683821,0.7828883885493728,0.7237053715020907,0.3930524284335799,55.5,39.3,49.0
02122,"Kenai Peninsula Borough, Alaska",Alaska,60413,11.81,80538.0,6.99,29.78,0.7,3.68,16,2.648,0.3869411386297845,0.18076551945963332,0.8797040849147636,0.24284335799292378,0.42039240913477,0.5799292376970087,0.5519459633322612,44.8,55.2,49.0
05005,"Baxter County, Arkansas",Arkansas,42407,15.49,48452.0,6.34,19.45,0.5,2.06,17,4.009,0.6468317787069797,0.909938887101962,0.8282405918301705,0.6429720167256352,0.3335477645545191,0.36989385654551304,0.29173367642328724,62.2,29.2,49.0
13223,"Paulding County, Georgia",Georgia,178909,6.65,98031.0,4.51,29.49,0.8,7.86,35,1.956,0.051463493084593116,0.05821807655194596,0.5217111611450628,0.2505628819556127,0.46317143776133807,0.8131231907365712,0.6822129302026375,36.0,68.2,48.9
18061,"Harrison County, Indiana",Indiana,39859,7.17,74475.0,3.51,21.75,0.6,1.55,5,1.254,0.0736571244773239,0.27918944998391765,0.30459954969443553,0.5178513991637183,0.38018655516243166,0.26889675136699903,0.7658411064651013,30.4,76.6,48.9
09150,"Northeastern Connecticut Planning Region, Connecticut",Connecticut,96312,7.5,90589.0,6.0,26.09,0.9,4.39,23,2.388,0.08684464458025089,0.09166934705693149,0.7976841428111933,0.33933740752653585,0.4985525892569958,0.6455451913798649,0.6066259247346414,41.0,60.7,48.9
13153,"Houston County, Georgia",Georgia,169649,11.06,80698.0,5.1,32.47,1.2,6.64,45,2.653,0.3206818912833709,0.17658411064651014,0.6490833065294307,0.18687680926342876,0.5895786426503699,0.7729173367642329,0.5496944355098102,44.9,55.0,48.9
30025,"Fallon County, Montana",Montana,2760,11.41,76250.0,0.0,16.24,0.0,1.88,0,0.0,0.35220328079768415,0.24380829848825988,0.0,0.8108716629141203,0.0,0.3367642328723062,0.7857832100353811,29.1,78.6,48.9
48209,"Hays County, Texas",Texas,268638,12.13,89097.0,4.43,43.15,2.9,9.79,74,2.755,0.41299453200385977,0.10389192666452235,0.5011257639112254,0.06239948536506915,0.8378899967835317,0.8684464458025088,0.526857510453522,46.4,52.7,48.9
39117,"Morrow County, Ohio",Ohio,35404,12.8,75283.0,2.92,19.38,0.4,1.01,6,1.695,0.46284979092955936,0.2631071083949823,0.19105821807655193,0.6461884850434223,0.28208427146992604,0.14216789964618848,0.725635252492763,33.1,72.6,48.9
36063,"Niagara County, New York",New York,210721,13.53,69633.0,5.92,27.96,1.0,4.43,68,3.227,0.5213895143132841,0.38983596011579286,0.7848182695400451,0.2859440334512705,0.5310389192666453,0.6474750723705371,0.43165004824702474,52.7,43.2,48.9
45049,"Hampton County, South Carolina",South Carolina,18254,20.69,44711.0,9.49,12.07,1.5,2.26,18,9.861,0.8678031521389514,0.9459633322611772,0.96268896751367,0.9614023801865552,0.6587327114827919,0.40270183338694115,0.021550337729173367,80.0,2.2,48.9
22041,"Franklin Parish, Louisiana",Louisiana,19408,24.08,47020.0,8.15,17.49,0.3,0.29,8,4.122,0.9376005146349309,0.9221614667095529,0.9327758121582502,0.7504020585397234,0.22997748472177548,0.01929880990672242,0.27500804117079447,63.2,27.5,48.9
05107,"Phillips County, Arkansas",Arkansas,15450,29.35,40134.0,14.51,15.0,0.8,1.53,10,6.472,0.9768414281119331,0.9755548407848182,0.9948536506915406,0.8710196204567385,0.46317143776133807,0.2653586362174333,0.08587970408491476,75.8,8.6,48.9
22061,"Lincoln Parish, Louisiana",Louisiana,48174,31.18,39172.0,3.78,36.18,1.7,3.16,19,3.944,0.9835960115792859,0.981344483756835,0.36474750723705374,0.13155355419749115,0.6960437439691219,0.5252492762946285,0.30202637504020585,61.4,30.2,48.9
13151,"Henry County, Georgia",Georgia,249960,9.21,83146.0,6.2,29.49,1.8,9.14,75,3.0,0.19234480540366677,0.15342553875844323,0.8144097780636861,0.2505628819556127,0.7140559665487295,0.8536506915406883,0.47507237053715023,49.6,47.5,48.8
01083,"Limestone County, Alabama",Alabama,111233,9.96,83629.0,3.29,30.19,1.8,4.14,23,2.068,0.24670311997426825,0.14699260212286908,0.2624638147314249,0.2348021871984561,0.7140559665487295,0.6252814409778064,0.6622708266323577,37.2,66.2,48.8
49055,"Wayne County, Utah",Utah,2584,10.58,76607.0,2.14,27.71,0.3,3.79,0,0.0,0.28755226761016406,0.23705371502090705,0.09327758121582502,0.2936635574139595,0.22997748472177548,0.5908652299774847,0.7857832100353811,28.9,78.6,48.8
36017,"Chenango County, New York",New York,46321,11.81,62948.0,6.41,19.56,0.4,2.48,15,3.238,0.3869411386297845,0.5728530073978771,0.8369250562881956,0.6381473142489547,0.28208427146992604,0.4438726278546156,0.4287552267610164,52.7,42.9,48.8
39067,"Harrison County, Ohio",Ohio,14306,13.1,54414.0,4.55,11.54,0.0,0.24,4,2.796,0.48986812479897074,0.798005789642972,0.5307172724348665,0.9707301383081377,0.0,0.014474107430041815,0.5184946928272757,46.7,51.8,48.8
23003,"Aroostook County, Maine",Maine,67058,14.4,56700.0,5.26,23.42,1.9,4.11,28,4.175,0.5815374718559022,0.7510453522032808,0.6754583467352847,0.4419427468639434,0.7301383081376649,0.6220649726600193,0.26889675136699903,63.4,26.9,48.8
22015,"Bossier Parish, Louisiana",Louisiana,129789,15.92,69617.0,5.92,28.41,2.1,4.32,48,3.698,0.6683821164361531,0.390800900611129,0.7848182695400451,0.2753296880025732,0.7574782888388549,0.6394339015760695,0.340302348021872,58.6,34.0,48.8
22105,"Tangipahoa Parish, Louisiana",Louisiana,136738,19.18,56760.0,5.96,20.81,1.5,2.58,64,4.68,0.8227725956899324,0.7484721775490512,0.7909295593438405,0.5709231264072049,0.6587327114827919,0.45480862013509166,0.2077838533290447,67.4,20.8,48.8
28099,"Neshoba County, Mississippi",Mississippi,28932,23.1,57013.0,7.47,17.69,1.0,0.92,13,4.493,0.9250562881955613,0.7413959472499196,0.9070440656159536,0.7381794789321325,0.5310389192666453,0.12158250241235123,0.2293341910582181,66.1,22.9,48.8
02150,"Kodiak Island Borough, Alaska",Alaska,12771,8.7,86250.0,5.01,28.66,5.7,18.68,4,3.132,0.15825024123512382,0.12672885172081055,0.6288195561273722,0.2682534577034416,0.9347056931489225,0.9585075587005468,0.44934062399485364,51.3,44.9,48.7
32007,"Elko County, Nevada",Nevada,54047,9.83,86487.0,4.5,17.78,2.4,8.46,18,3.33,0.2354454808620135,0.1247989707301383,0.5191379864908331,0.734319716950788,0.7918944998391766,0.8337085879704085,0.4081698295271792,54.0,40.8,48.7
18181,"White County, Indiana",Indiana,24717,10.18,67303.0,3.49,19.2,1.8,6.69,8,3.237,0.26021228690897397,0.4461241556770666,0.30138308137664843,0.6577677709874558,0.7140559665487295,0.7745255709231265,0.4290768735927951,52.6,42.9,48.7
56027,"Niobrara County, Wyoming",Wyoming,2368,12.02,64113.0,2.47,19.37,0.0,0.0,0,0.0,0.40431006754583465,0.5394017368928916,0.13123190736571244,0.6471534255387584,0.0,0.0,0.7857832100353811,28.7,78.6,48.7
39005,"Ashland County, Ohio",Ohio,52256,13.28,69860.0,3.63,22.59,0.3,1.18,10,1.914,0.5046638790607912,0.3837246703119974,0.3316178835638469,0.4795754261820521,0.22997748472177548,0.17754905114184624,0.6905757478288839,35.1,69.1,48.7
17115,"Macon County, Illinois",Illinois,101849,14.99,62666.0,6.77,24.39,0.7,2.75,36,3.535,0.61691862335156,0.5818591186876809,0.8652299774847217,0.4036667738822773,0.42039240913477,0.4782888388549373,0.37536185268575106,56.1,37.5,48.7
13253,"Seminole County, Georgia",Georgia,9156,20.11,49495.0,5.97,13.38,0.5,0.84,4,4.369,0.8523641042135734,0.8899967835316822,0.7931810871662914,0.928594403345127,0.3335477645545191,0.10228369250562883,0.24252171116114507,65.0,24.3,48.7
01115,"St. Clair County, Alabama",Alabama,94166,11.35,77463.0,4.56,21.38,1.0,1.71,23,2.442,0.3483435188163397,0.22322290125442265,0.5329688002573174,0.5381151495657768,0.5310389192666453,0.30459954969443553,0.5956899324541653,41.3,59.6,48.6
42077,"Lehigh County, Pennsylvania",Pennsylvania,378792,11.57,80079.0,5.88,34.18,8.0,14.43,135,3.564,0.3631392730781602,0.18655516243165005,0.7767770987455773,0.16018012222579608,0.9649404953361209,0.9366355741395948,0.3682856223866195,56.5,36.8,48.6
49047,"Uintah County, Utah",Utah,37056,11.77,73746.0,5.97,16.77,1.1,3.07,13,3.508,0.38308137664844,0.2978449662270827,0.7931810871662914,0.7825667417175941,0.5638468961080734,0.5155998713412673,0.37986490833065295,55.6,38.0,48.6
17075,"Iroquois County, Illinois",Illinois,26449,12.5,66255.0,4.47,18.2,1.1,3.47,9,3.403,0.4406561595368286,0.47732389835960115,0.511418462528144,0.7150209070440656,0.5638468961080734,0.5599871341267288,0.3969121904149244,54.5,39.7,48.6
55043,"Grant County, Wisconsin",Wisconsin,51770,12.99,66858.0,3.1,25.59,0.5,1.52,10,1.932,0.48054036667738825,0.4605982631071084,0.2209713734319717,0.35767127693792217,0.3335477645545191,0.26182052106786746,0.687037632679318,35.3,68.7,48.6
20173,"Sedgwick County, Kansas",Kansas,528226,13.93,69365.0,5.0,32.07,2.8,8.57,191,3.616,0.5493727886780315,0.3969121904149244,0.6262463814731425,0.19556127372145385,0.8308137664844001,0.8385332904470891,0.3563846896108073,57.3,35.6,48.6
27105,"Nobles County, Minnesota",Minnesota,22041,14.0,66101.0,3.24,17.87,9.4,21.34,10,4.537,0.5567706658089417,0.4863300096494049,0.25217111611450627,0.7301383081376649,0.9749115471212608,0.9675136699903506,0.22386619491798007,66.1,22.4,48.6
22113,"Vermilion Parish, Louisiana",Louisiana,57123,20.16,55707.0,5.17,17.57,2.4,3.03,32,5.602,0.8533290447089096,0.7713091026053394,0.6622708266323577,0.7449340623994853,0.7918944998391766,0.5107751688645867,0.13058861370215502,72.2,13.1,48.6
21071,"Floyd County, Kentucky",Kentucky,35224,28.05,41279.0,7.67,15.32,0.5,0.54,17,4.826,0.9710517851399164,0.9713734319716951,0.9166934705693149,0.8552589256995818,0.3335477645545191,0.05049855258925699,0.19073657124477325,68.3,19.1,48.6
31035,"Clay County, Nebraska",Nebraska,6095,6.9,78986.0,1.91,22.28,0.7,2.58,0,0.0,0.061112898037954326,0.20006432936635574,0.07462206497266002,0.4940495336120939,0.42039240913477,0.45480862013509166,0.7857832100353811,28.4,78.6,48.5
42001,"Adams County, Pennsylvania",Pennsylvania,106115,8.19,84092.0,3.36,25.76,1.2,3.71,20,1.885,0.12286908973946607,0.14377613380508203,0.2733998070119009,0.35220328079768415,0.5895786426503699,0.582824059183017,0.6970086844644581,34.4,69.7,48.5
26005,"Allegan County, Michigan",Michigan,121456,8.37,83283.0,2.96,27.14,0.9,3.49,18,1.482,0.13509166934705694,0.1518173045995497,0.19749115471212608,0.3091026053393374,0.4985525892569958,0.563203602444516,0.7487938243808299,30.9,74.9,48.5
02066,"Copper River Census Area, Alaska",Alaska,2626,8.74,79250.0,4.8,23.38,0.2,1.03,0,0.0,0.1611450627211322,0.19652621421678995,0.5847539401736893,0.44419427468639433,0.17368928916050178,0.14634930845931168,0.7857832100353811,28.4,78.6,48.5
27047,"Freeborn County, Minnesota",Minnesota,30623,10.63,71023.0,4.61,18.2,1.3,4.23,10,3.266,0.29205532325506595,0.3592795110968157,0.5451913798649083,0.7150209070440656,0.6156320360244452,0.6326793181087166,0.4236088774525571,52.7,42.4,48.5
17005,"Bond County, Illinois",Illinois,16716,10.88,65959.0,4.54,21.62,0.0,1.06,3,1.795,0.31038919266645226,0.4914763589578643,0.5284657446124156,0.5233193953039562,0.0,0.15117401093599228,0.7121260855580572,33.4,71.2,48.5
55125,"Vilas County, Wisconsin",Wisconsin,23647,11.06,68431.0,3.97,30.94,0.1,1.74,3,1.269,0.3206818912833709,0.4152460598263107,0.40495336120939207,0.2209713734319717,0.11997426825345771,0.30974589900289484,0.763911225474429,29.9,76.4,48.5
18045,"Fountain County, Indiana",Indiana,16617,12.37,62542.0,4.74,14.69,0.4,1.26,5,3.009,0.4332582824059183,0.5860405275008042,0.5693148922483113,0.885815374718559,0.28208427146992604,0.19974268253457703,0.4737857832100354,49.3,47.4,48.5
48481,"Wharton County, Texas",Texas,41794,13.61,66924.0,4.86,20.73,3.1,8.53,18,4.307,0.5255709231264072,0.45738179478932134,0.5985847539401737,0.5728530073978771,0.8504342232229013,0.8362817626246382,0.25120617561917014,64.0,25.1,48.5
05023,"Cleburne County, Arkansas",Arkansas,25226,13.88,55798.0,6.43,18.43,0.1,0.87,8,3.171,0.5448697330331296,0.7697008684464458,0.8385332904470891,0.6989385654551302,0.11997426825345771,0.1103248633000965,0.4422643936957221,51.4,44.2,48.5
40147,"Washington County, Oklahoma",Oklahoma,53326,16.06,60162.0,4.36,30.06,1.3,3.54,18,3.375,0.6773882277259569,0.6577677709874558,0.4831135413316179,0.23801865551624315,0.6156320360244452,0.5699581859118688,0.4010935992280476,54.0,40.1,48.5
01023,"Choctaw County, Alabama",Alabama,12380,16.49,47813.0,5.03,15.76,0.0,0.48,4,3.231,0.7011900932775812,0.9166934705693149,0.6336442586040527,0.8362817626246382,0.0,0.04277902862656803,0.43036346091990996,52.2,43.0,48.5
13275,"Thomas County, Georgia",Georgia,45777,17.95,60736.0,5.63,22.7,1.0,2.68,18,3.932,0.7754905114184625,0.6413637825667418,0.7413959472499196,0.4737857832100354,0.5310389192666453,0.4689610807333548,0.3033129623673207,60.5,30.3,48.5
48011,"Armstrong County, Texas",Texas,1822,5.19,72750.0,1.24,27.17,0.8,3.46,0,0.0,0.017690575747828882,0.3158571888066903,0.033772917336764234,0.30685107751688645,0.46317143776133807,0.558700546799614,0.7857832100353811,28.3,78.6,48.4
08019,"Clear Creek County, Colorado",Colorado,9262,6.39,94577.0,4.8,57.5,0.7,3.52,0,0.0,0.04374396912190415,0.07301383081376649,0.5847539401736893,0.011257639112254744,0.42039240913477,0.5667417175940817,0.7857832100353811,28.3,78.6,48.4
31083,"Harlan County, Nebraska",Nebraska,2847,6.72,70625.0,1.29,29.19,1.2,2.21,0,0.0,0.055001608234158894,0.36699903505950465,0.0369893856545513,0.25635252492762944,0.5895786426503699,0.3936957220971373,0.7857832100353811,28.3,78.6,48.4
55037,"Florence County, Wisconsin",Wisconsin,4646,7.3,61086.0,4.79,25.02,0.0,0.39,0,0.0,0.07655194596333226,0.6304277902862657,0.5825024123512383,0.3756834995175298,0.0,0.030234802187198456,0.7857832100353811,28.3,78.6,48.4
40017,"Canadian County, Oklahoma",Oklahoma,168985,8.04,87751.0,4.45,31.9,1.4,5.38,37,2.19,0.11354133161788356,0.11386297844966227,0.50498552589257,0.1981344483756835,0.637825667417176,0.7085879704084915,0.6420070762302992,37.9,64.2,48.4
31049,"Deuel County, Nebraska",Nebraska,1847,9.42,70096.0,1.38,25.18,0.7,1.57,0,0.0,0.20907044065615954,0.37954326149887424,0.04181408813123191,0.37021550337729175,0.42039240913477,0.27436474750723705,0.7857832100353811,28.3,78.6,48.4
48417,"Shackelford County, Texas",Texas,3175,9.53,73047.0,7.47,34.13,0.0,0.85,0,0.0,0.21421678996461885,0.3087809585075587,0.9070440656159536,0.1611450627211322,0.0,0.10517851399163718,0.7857832100353811,28.3,78.6,48.4
39093,"Lorain County, Ohio",Ohio,317129,12.09,73347.0,4.3,28.54,1.5,3.13,84,2.649,0.4091347700225153,0.3033129623673207,0.4663879060791251,0.2714699260212287,0.6587327114827919,0.5217111611450628,0.5513026696687038,43.8,55.1,48.4
17137,"Morgan County, Illinois",Illinois,33021,13.42,66306.0,5.38,22.59,0.1,1.09,8,2.423,0.5139916371823737,0.4747507237053715,0.7015117401093599,0.4795754261820521,0.11997426825345771,0.15792859440334514,0.599228047603731,40.8,59.9,48.4
54019,"Fayette County, West Virginia",West Virginia,39519,19.24,53194.0,5.55,15.84,0.1,0.26,14,3.543,0.8256674171759408,0.8227725956899324,0.732068189128337,0.8321003538115149,0.11997426825345771,0.017368928916050175,0.3727886780315214,55.8,37.3,48.4
35028,"Los Alamos County, New Mexico",New Mexico,19435,3.53,147139.0,0.62,69.74,2.6,9.41,0,0.0,0.0009649404953361209,0.002251527822450949,0.0138308137664844,0.000643293663557414,0.8118366034094564,0.8594403345127051,0.7857832100353811,28.1,78.6,48.3
02068,"Denali Borough, Alaska",Alaska,1969,8.26,80781.0,0.91,26.55,0.4,6.25,0,0.0,0.12769379221614668,0.175619170151174,0.020907044065615953,0.3232550659376005,0.28208427146992604,0.7561917015117401,0.7857832100353811,28.1,78.6,48.3
13145,"Harris County, Georgia",Georgia,36086,8.98,97302.0,5.9,37.98,0.2,2.13,0,0.0,0.17722740431006753,0.06239948536506915,0.7809585075587006,0.10871662914120296,0.17368928916050178,0.38050820199421037,0.7857832100353811,28.1,78.6,48.3
21093,"Hardin County, Kentucky",Kentucky,111942,13.06,67647.0,6.59,24.85,1.4,4.34,41,3.663,0.48536506915406885,0.4364747507237054,0.8520424573817947,0.3856545513026697,0.637825667417176,0.641042135734963,0.34673528465744613,57.3,34.7,48.3
26017,"Bay County, Michigan",Michigan,103008,13.25,61763.0,4.34,22.12,0.3,1.25,26,2.524,0.5024123512383403,0.6095207462206498,0.4760373110324863,0.500482470247668,0.22997748472177548,0.1981344483756835,0.577356063042779,41.9,57.7,48.3
48097,"Cooke County, Texas",Texas,43046,13.53,73932.0,4.48,23.65,2.0,6.99,15,3.485,0.5213895143132841,0.29398520424573815,0.5133483435188163,0.433579929237697,0.7468639433901576,0.7883563846896108,0.3834030234802187,55.0,38.3,48.3
20111,"Lyon County, Kansas",Kansas,32186,14.63,59912.0,1.99,26.28,5.0,10.96,12,3.728,0.5944033451270505,0.6658089417819234,0.08169829527179158,0.3303312962367321,0.9221614667095529,0.8951431328401416,0.3357992923769701,58.2,33.6,48.3
13099,"Early County, Georgia",Georgia,10603,23.62,54083.0,6.74,14.75,0.0,0.46,4,3.773,0.9318108716629141,0.8044387262785462,0.8629784496622708,0.882598906400772,0.0,0.03891926664522354,0.3277581215825024,58.7,32.8,48.3
30077,"Powell County, Montana",Montana,7053,5.56,66923.0,2.35,19.25,0.0,2.34,0,0.0,0.024766806046960438,0.45770344162110005,0.11740109359922805,0.6545513026696687,0.0,0.41781923448054037,0.7857832100353811,27.9,78.6,48.2
37029,"Camden County, North Carolina",North Carolina,10927,6.14,91078.0,5.49,28.59,0.4,1.56,0,0.0,0.035702798327436475,0.08973946606625925,0.7243486651656481,0.2705049855258926,0.28208427146992604,0.27114827918945,0.7857832100353811,27.9,78.6,48.2
27147,"Steele County, Minnesota",Minnesota,37439,8.33,84196.0,3.41,27.96,1.9,4.32,8,2.137,0.13155355419749115,0.14216789964618848,0.28433579929237696,0.2859440334512705,0.7301383081376649,0.6394339015760695,0.6503698938565455,36.9,65.0,48.2
38075,"Renville County, North Dakota",North Dakota,2304,9.07,74301.0,0.97,19.69,0.0,3.43,0,0.0,0.18269540045030555,0.28272756513348346,0.022836925056288194,0.6297844966227083,0.0,0.5558057253136056,0.7857832100353811,27.9,78.6,48.2
48325,"Medina County, Texas",Texas,53547,9.63,78074.0,3.05,23.12,3.7,6.5,15,2.801,0.21936313927307816,0.21389514313284014,0.21067867481505306,0.4557735606304278,0.8819556127372146,0.7664844001286587,0.5172081055001608,45.8,51.7,48.2
48175,"Goliad County, Texas",Texas,7141,13.03,59359.0,5.25,21.42,2.2,4.09,3,4.201,0.4831135413316179,0.6812479897073014,0.6735284657446124,0.5358636217433258,0.7709874557735606,0.6204567385011258,0.2637504020585397,62.8,26.4,48.2
16035,"Clearwater County, Idaho",Idaho,9012,13.23,60000.0,4.51,17.52,0.6,2.06,3,3.329,0.5014474107430041,0.6622708266323577,0.5217111611450628,0.7478288838854937,0.38018655516243166,0.36989385654551304,0.4084914763589579,53.1,40.8,48.2
39113,"Montgomery County, Ohio",Ohio,536096,15.01,66139.0,5.72,31.3,1.4,5.33,195,3.637,0.6182052106786748,0.484078481826954,0.7536185268575104,0.21035702798327435,0.637825667417176,0.7066580894178193,0.35188163396590544,56.8,35.2,48.2
42101,"Philadelphia County, Pennsylvania",Pennsylvania,1579706,21.36,61953.0,8.15,35.4,7.1,15.17,1000,6.33,0.8848504342232228,0.6040527500804117,0.9327758121582502,0.13991637182373753,0.9552910903827597,0.9411386297844966,0.09166934705693149,74.3,9.2,48.2
22009,"Avoyelles Parish, Louisiana",Louisiana,38905,27.84,39325.0,6.93,11.46,0.6,1.37,24,6.169,0.9700868446445803,0.9800578964297202,0.8764876165969765,0.9726600192988099,0.38018655516243166,0.22804760373110325,0.10389192666452235,73.5,10.4,48.2
02100,"Haines Borough, Alaska",Alaska,2086,5.45,86927.0,4.67,34.11,0.0,7.86,0,0.0,0.022836925056288194,0.11997426825345771,0.553232550659376,0.1617883563846896,0.0,0.8131231907365712,0.7857832100353811,27.8,78.6,48.1
27031,"Cook County, Minnesota",Minnesota,5635,10.17,72638.0,2.22,46.65,0.6,3.51,0,0.0,0.2586040527500804,0.31971695078803475,0.10260533933740752,0.04374396912190415,0.38018655516243166,0.5654551302669669,0.7857832100353811,27.8,78.6,48.1
38043,"Kidder County, North Dakota",North Dakota,2377,10.22,65610.0,1.47,26.19,0.3,1.64,0,0.0,0.263428755226761,0.5024123512383403,0.045352203280797684,0.3351559987134127,0.22997748472177548,0.28916050176905755,0.7857832100353811,27.8,78.6,48.1
18003,"Allen County, Indiana",Indiana,392378,12.51,70737.0,4.69,31.59,2.1,7.79,129,3.288,0.4416211000321647,0.364425860405275,0.5561273721453843,0.2032807976841428,0.7574782888388549,0.8115149565776777,0.41974911547121263,52.2,42.0,48.1
19069,"Franklin County, Iowa",Iowa,9956,13.6,59894.0,3.79,19.4,1.3,8.48,4,4.018,0.5249276294628498,0.6661305886137021,0.3686072692183982,0.6452235445480862,0.6156320360244452,0.8343518816339659,0.289803795432615,60.9,29.0,48.1
29175,"Randolph County, Missouri",Missouri,24365,13.88,53033.0,4.39,18.42,0.2,0.67,7,2.873,0.5448697330331296,0.8263107108394983,0.4930845931167578,0.6995818591186876,0.17368928916050178,0.07076230299131553,0.5008041170794467,46.8,50.1,48.1
26033,"Chippewa County, Michigan",Michigan,36295,14.04,62217.0,5.22,23.29,0.6,2.91,12,3.306,0.5583788999678353,0.5960115792859441,0.6703119974268253,0.44934062399485364,0.38018655516243166,0.4979092955934384,0.4155677066580894,52.5,41.6,48.1
01095,"Marshall County, Alabama",Alabama,99748,16.64,62571.0,3.91,21.54,1.7,6.97,41,4.11,0.7111611450627211,0.5853972338372467,0.39498230942425216,0.5281440977806369,0.6960437439691219,0.7864265036989385,0.27693792216146673,61.7,27.7,48.1
19103,"Johnson County, Iowa",Iowa,156639,17.07,74935.0,3.77,55.16,3.3,9.81,51,3.256,0.7314248954647796,0.26986169186233516,0.36153103891926663,0.016725635252492762,0.8636217433258282,0.869411386297845,0.42521711161145065,51.9,42.5,48.1
26145,"Saginaw County, Michigan",Michigan,188665,18.21,60622.0,6.4,24.4,0.7,2.39,72,3.816,0.7873914441942746,0.6458668382116436,0.8349951752975233,0.40238018655516244,0.42039240913477,0.42746863943390156,0.3222901254422644,58.6,32.2,48.1
37103,"Jones County, North Carolina",North Carolina,9302,18.36,59641.0,4.35,19.77,0.0,2.99,3,3.225,0.7957542618205211,0.6712769379221615,0.478610485686716,0.6249597941460276,0.0,0.5059504663879061,0.43229334191058216,51.3,43.2,48.1
28143,"Tunica County, Mississippi",Mississippi,9475,31.1,39364.0,13.27,13.72,0.4,0.42,5,5.277,0.9826310710839499,0.9797362495979415,0.9926021228690898,0.9183017047282084,0.28208427146992604,0.03441621100032165,0.15535541974911546,69.8,15.5,48.1
26015,"Barry County, Michigan",Michigan,63409,8.41,77500.0,4.3,24.93,0.5,2.74,12,1.892,0.138308137664844,0.22225796075908652,0.4663879060791251,0.37954326149887424,0.3335477645545191,0.47700225152782244,0.6957220971373432,33.6,69.6,48.0
13047,"Catoosa County, Georgia",Georgia,68634,9.85,74639.0,4.26,24.23,1.2,2.83,17,2.477,0.23834030234802187,0.27500804117079447,0.45834673528465747,0.4110646510131875,0.5895786426503699,0.48761659697651977,0.5860405275008042,41.0,58.6,48.0
37115,"Madison County, North Carolina",North Carolina,21867,12.12,58531.0,3.13,32.21,0.0,1.35,3,1.372,0.4113862978449662,0.706979736249598,0.22901254422643938,0.19266645223544548,0.0,0.22290125442264394,0.7587648761659698,29.4,75.9,48.0
19187,"Webster County, Iowa",Iowa,36886,12.86,68975.0,4.82,22.02,1.3,3.03,12,3.253,0.4683177870697974,0.40302348021871987,0.5895786426503699,0.5056288195561274,0.6156320360244452,0.5107751688645867,0.4261820521067867,51.5,42.6,48.0
25013,"Hampden County, Massachusetts",Massachusetts,462815,16.34,71306.0,6.01,29.32,7.9,9.44,211,4.559,0.693792216146671,0.3509166934705693,0.7999356706336442,0.25442264393695724,0.9620456738501125,0.8600836281762625,0.220649726600193,65.4,22.1,48.0
31153,"Sarpy County, Nebraska",Nebraska,197389,5.57,103321.0,2.61,42.61,1.4,7.1,24,1.216,0.025088452878739145,0.04438726278546156,0.14827918944998392,0.06658089417819235,0.637825667417176,0.7928594403345127,0.7693792216146671,28.6,76.9,47.9
13103,"Effingham County, Georgia",Georgia,69143,6.84,88438.0,5.52,27.16,1.2,4.24,17,2.459,0.058861370215503375,0.10903827597298167,0.7285300739787713,0.30717272434866516,0.5895786426503699,0.6339659054358314,0.5911868768092634,40.5,59.1,47.9
42133,"York County, Pennsylvania",Pennsylvania,462924,8.36,84829.0,4.49,27.61,1.6,4.15,112,2.419,0.1338050820199421,0.13637825667417175,0.5155998713412673,0.2949501447410743,0.6767449340623994,0.6262463814731425,0.6011579285944033,39.7,60.1,47.9
27131,"Rice County, Minnesota",Minnesota,67917,10.2,83181.0,4.55,30.17,5.7,8.65,21,3.092,0.26182052106786746,0.15310389192666451,0.5307172724348665,0.2351238340302348,0.9347056931489225,0.8420714055966548,0.45706014795754263,49.3,45.7,47.9
37035,"Catawba County, North Carolina",North Carolina,163573,12.74,67864.0,3.66,26.14,1.6,6.93,52,3.179,0.45899002894821483,0.4310067545834674,0.33708587970408493,0.3367642328723062,0.6767449340623994,0.7854615632036025,0.44001286587327115,50.4,44.0,47.9
42107,"Schuylkill County, Pennsylvania",Pennsylvania,143558,12.75,68313.0,5.63,19.89,1.2,2.75,51,3.553,0.45995496944355097,0.4187841749758765,0.7413959472499196,0.619170151174011,0.5895786426503699,0.4782888388549373,0.37021550337729175,55.1,37.0,47.9
35055,"Taos County, New Mexico",New Mexico,34543,15.46,58950.0,7.61,38.54,3.2,5.67,16,4.632,0.6445802508845287,0.6918623351559987,0.9131553554197491,0.10228369250562883,0.8587970408491477,0.7237053715020907,0.21389514313284014,65.6,21.4,47.9
26049,"Genesee County, Michigan",Michigan,403305,16.4,62281.0,8.07,23.28,0.7,2.85,159,3.942,0.6963653908009007,0.5937600514634931,0.9292376970086844,0.44998391765841106,0.42039240913477,0.4892248311354133,0.30234802187198456,59.6,30.2,47.9
49045,"Tooele County, Utah",Utah,79347,5.19,106587.0,3.58,22.94,0.6,4.33,13,1.638,0.017690575747828882,0.03634609199099389,0.31939530395625604,0.46317143776133807,0.38018655516243166,0.6403988420714056,0.7314248954647796,31.0,73.1,47.8
27111,"Otter Tail County, Minnesota",Minnesota,60475,8.73,72255.0,4.78,28.32,1.2,3.01,15,2.48,0.16018012222579608,0.3280797684142811,0.5786426503698938,0.2775812158250241,0.5895786426503699,0.5078803473785783,0.5853972338372467,40.7,58.5,47.8
38103,"Wells County, North Dakota",North Dakota,3890,9.13,66114.0,1.99,21.71,0.3,0.98,0,0.0,0.18687680926342876,0.48472177549051143,0.08169829527179158,0.5194596333226118,0.22997748472177548,0.13573496301061436,0.7857832100353811,27.3,78.6,47.8
19039,"Clarke County, Iowa",Iowa,9662,9.72,71641.0,4.24,15.98,0.5,6.6,3,3.105,0.22836925056288196,0.34255387584432295,0.45513026696687037,0.826632357671277,0.3335477645545191,0.7709874557735606,0.45480862013509166,49.3,45.5,47.8
18085,"Kosciusko County, Indiana",Indiana,80442,9.85,75317.0,2.77,25.06,1.8,4.86,20,2.486,0.23834030234802187,0.2624638147314249,0.17368928916050178,0.3737536185268575,0.7140559665487295,0.6789964618848504,0.5841106465101319,40.7,58.4,47.8
36037,"Genesee County, New York",New York,57787,10.64,73314.0,4.58,23.82,0.9,2.69,15,2.596,0.2933419105821808,0.30492119652621424,0.5374718559022194,0.428111933097459,0.4985525892569958,0.4715342553875844,0.5612737214538437,42.2,56.1,47.8
39167,"Washington County, Ohio",Ohio,58978,13.75,63603.0,4.75,21.89,0.1,1.24,15,2.543,0.5355419749115471,0.5538758443229335,0.5715664200707623,0.5120617561917015,0.11997426825345771,0.19652621421678995,0.5725313605660984,41.5,57.3,47.8
01031,"Coffee County, Alabama",Alabama,54920,16.71,68353.0,5.09,22.48,1.6,4.63,22,4.006,0.7146992602122869,0.4184625281440978,0.6468317787069797,0.48536506915406885,0.6767449340623994,0.6629141202959151,0.29269861691862337,60.1,29.3,47.8
06007,"Butte County, California",California,207929,19.25,67928.0,7.46,31.92,2.6,8.56,100,4.809,0.8263107108394983,0.4277902862656803,0.9054358314570602,0.19749115471212608,0.8118366034094564,0.8382116436153104,0.19266645223544548,66.8,19.3,47.8
21051,"Clay County, Kentucky",Kentucky,19921,32.35,40900.0,9.3,15.5,0.0,0.86,9,4.518,0.9871341267288517,0.9729816661305886,0.9597941460276617,0.8468961080733355,0.0,0.10678674815053071,0.2257960759086523,64.6,22.6,47.8
12129,"Wakulla County, Florida",Florida,35387,6.69,81895.0,3.27,23.26,0.3,2.77,3,0.848,0.05339337407526536,0.16307494371180445,0.2586040527500804,0.4509488581537472,0.22997748472177548,0.4808620135091669,0.7825667417175941,27.3,78.3,47.7
15007,"Kauai County, Hawaii",Hawaii,73731,9.09,97668.0,3.85,30.09,2.7,14.4,20,2.713,0.18366034094564168,0.0601479575426182,0.3811514956577678,0.23737536185268576,0.8230942425217112,0.936313927307816,0.5368285622386619,43.7,53.7,47.7
20105,"Lincoln County, Kansas",Kansas,2923,11.34,57500.0,2.41,25.86,0.0,0.72,0,0.0,0.34705693148922484,0.7314248954647796,0.12351238340302348,0.34770022515278226,0.0,0.07912512061756191,0.7857832100353811,27.1,78.6,47.7
24043,"Washington County, Maryland",Maryland,155709,12.42,77747.0,4.22,24.14,1.7,6.59,49,3.147,0.4361531038919267,0.21839819877774205,0.4515921518173046,0.4146027661627533,0.6960437439691219,0.7697008684464458,0.4458025088452879,49.8,44.6,47.7
42063,"Indiana County, Pennsylvania",Pennsylvania,83042,13.98,60208.0,6.74,26.99,0.7,2.43,29,3.492,0.5551624316500482,0.6555162431650048,0.8629784496622708,0.31231907365712447,0.42039240913477,0.4332582824059183,0.3827597298166613,54.0,38.3,47.7
40065,"Jackson County, Oklahoma",Oklahoma,24678,16.16,62799.0,5.59,24.82,3.6,6.37,12,4.863,0.6818912833708588,0.5789642972016725,0.7375361852685751,0.3879060791251206,0.8784174975876488,0.7616596976519782,0.18591186876809263,67.1,18.6,47.7
48375,"Potter County, Texas",Texas,115975,20.83,53249.0,3.83,18.57,5.8,14.5,104,8.967,0.8735927951109682,0.8211643615310389,0.3756834995175298,0.6905757478288839,0.938565455130267,0.9379221614667096,0.03280797684142811,77.3,3.3,47.7
51163,"Rockbridge County, Virginia",Virginia,22531,7.51,65469.0,3.86,32.77,0.0,2.58,0,0.0,0.08813123190736571,0.5072370537150209,0.3834030234802187,0.18269540045030555,0.0,0.45480862013509166,0.7857832100353811,26.9,78.6,47.6
26037,"Clinton County, Michigan",Michigan,79626,9.68,88210.0,3.83,35.37,0.9,2.75,13,1.633,0.22322290125442265,0.1103248633000965,0.3756834995175298,0.14023801865551624,0.4985525892569958,0.4782888388549373,0.7330331296236732,30.4,73.3,47.6
26099,"Macomb County, Michigan",Michigan,879853,10.41,77837.0,5.73,27.72,3.3,11.74,316,3.592,0.2782245094885815,0.21743325828240592,0.7549051141846252,0.2930202637504021,0.8636217433258282,0.9054358314570602,0.36217433258282405,55.2,36.2,47.6
42111,"Somerset County, Pennsylvania",Pennsylvania,72799,10.99,61446.0,4.92,17.94,0.6,1.36,22,3.022,0.31457060147957544,0.6162753296880026,0.6117722740431006,0.7262785461563204,0.38018655516243166,0.22450948858153746,0.4712126085558057,47.9,47.1,47.6
42005,"Armstrong County, Pennsylvania",Pennsylvania,64622,11.79,65008.0,4.33,18.99,0.4,0.75,16,2.476,0.38468961080733355,0.5191379864908331,0.47282084271469926,0.6703119974268253,0.28208427146992604,0.08523641042135735,0.5866838211643616,40.2,58.7,47.6
20027,"Clay County, Kansas",Kansas,8048,13.35,66176.0,1.03,25.51,0.1,0.92,0,0.0,0.5088452878739145,0.48214860083628175,0.02541009971051785,0.3592795110968157,0.11997426825345771,0.12158250241235123,0.7857832100353811,27.0,78.6,47.6
55003,"Ashland County, Wisconsin",Wisconsin,16080,13.38,62462.0,3.77,24.53,0.2,2.17,4,2.488,0.5117401093599228,0.588292055323255,0.36153103891926663,0.39787713091026056,0.17368928916050178,0.3882277259568993,0.5834673528465745,40.4,58.3,47.6
13229,"Pierce County, Georgia",Georgia,20202,13.83,60517.0,2.58,20.22,0.2,1.71,5,2.475,0.5416532647153426,0.6494049533612094,0.14441942746863942,0.6005146349308459,0.17368928916050178,0.30459954969443553,0.587327114827919,40.2,58.7,47.6
19171,"Tama County, Iowa",Iowa,16868,14.8,70781.0,3.84,20.51,1.9,4.06,6,3.557,0.6063042779028627,0.3631392730781602,0.3782566741717594,0.5847539401736893,0.7301383081376649,0.6162753296880026,0.36957220971373433,54.6,37.0,47.6
47079,"Henry County, Tennessee",Tennessee,32412,18.27,50613.0,4.83,19.13,0.3,1.52,12,3.702,0.7889996783531682,0.8719845609520747,0.5918301704728208,0.6625924734641364,0.22997748472177548,0.26182052106786746,0.33869411386297843,56.8,33.9,47.6
17155,"Putnam County, Illinois",Illinois,5601,8.09,75590.0,4.17,22.86,0.0,1.8,0,0.0,0.11675779993567063,0.2576391122547443,0.4422643936957221,0.4663879060791251,0.0,0.32164683177870695,0.7857832100353811,26.7,78.6,47.5
29121,"Macon County, Missouri",Missouri,15163,9.52,62357.0,2.08,19.37,0.0,0.66,0,0.0,0.21325184946928272,0.5921518173045995,0.08909617240270183,0.6471534255387584,0.0,0.0688324220006433,0.7857832100353811,26.8,78.6,47.5
21167,"Mercer County, Kentucky",Kentucky,23028,10.66,64824.0,4.36,24.91,0.5,2.87,6,2.606,0.2962367320681891,0.5239626889675136,0.4831135413316179,0.3814731424895465,0.3335477645545191,0.4911547121260856,0.5599871341267288,41.8,56.0,47.5
54065,"Morgan County, West Virginia",West Virginia,17426,11.17,72179.0,3.9,18.03,0.4,1.24,4,2.295,0.332582824059183,0.33000964940495336,0.39273078160180125,0.7240270183338694,0.28208427146992604,0.19652621421678995,0.6220649726600193,37.6,62.2,47.5
20009,"Barton County, Kansas",Kansas,25097,15.4,58851.0,3.89,21.68,3.2,4.95,11,4.383,0.6403988420714056,0.6954004503055645,0.390800900611129,0.5213895143132841,0.8587970408491477,0.6854293985204246,0.23994853650691542,63.2,24.0,47.5
41011,"Coos County, Oregon",Oregon,64827,16.14,62143.0,6.0,22.65,0.5,3.96,25,3.856,0.6809263428755227,0.5998713412672885,0.7976841428111933,0.47668060469604373,0.3335477645545191,0.6043743969121904,0.31489224831135415,58.2,31.5,47.5
21161,"Mason County, Kentucky",Kentucky,16956,18.81,52178.0,4.92,19.95,0.1,1.5,6,3.539,0.8099067224187841,0.8443229334191058,0.6117722740431006,0.6156320360244452,0.11997426825345771,0.25667417175940815,0.3740752653586362,54.3,37.4,47.5
29023,"Butler County, Missouri",Missouri,42020,20.5,49089.0,4.83,15.78,0.2,0.8,16,3.808,0.8623351559987135,0.8986812479897073,0.5918301704728208,0.8349951752975233,0.17368928916050178,0.09392087487938244,0.3229334191058218,57.6,32.3,47.5
17077,"Jackson County, Illinois",Illinois,53064,20.99,48763.0,7.47,36.31,1.2,5.68,28,5.277,0.8771309102605339,0.9051141846252815,0.9070440656159536,0.12801543904792537,0.5895786426503699,0.7253136056609842,0.15535541974911546,68.9,15.5,47.5
42071,"Lancaster County, Pennsylvania",Pennsylvania,557931,8.19,86959.0,3.37,32.44,3.1,5.81,132,2.366,0.12286908973946607,0.119652621421679,0.2753296880025732,0.18752010292698618,0.8504342232229013,0.7336764232872306,0.6114506272113219,38.2,61.1,47.4
51175,"Southampton County, Virginia",Virginia,17964,8.72,70795.0,5.48,20.12,0.0,1.93,4,2.227,0.15985847539401737,0.3628176262463815,0.7227404310067546,0.6053393374075265,0.0,0.3483435188163397,0.6352524927629463,36.7,63.5,47.4
38083,"Sheridan County, North Dakota",North Dakota,1303,10.14,62639.0,1.06,18.87,0.0,0.54,0,0.0,0.25699581859118686,0.5837889996783532,0.027018333869411385,0.6780315213895143,0.0,0.05049855258925699,0.7857832100353811,26.6,78.6,47.4
48365,"Panola County, Texas",Texas,22726,11.19,64894.0,2.48,17.03,1.0,3.99,7,3.08,0.3351559987134127,0.5223544548086201,0.13155355419749115,0.7668060469604374,0.5310389192666453,0.6069475715664201,0.4605982631071084,48.2,46.1,47.4
20035,"Cowley County, Kansas",Kansas,34411,14.26,57878.0,3.85,24.52,1.7,4.56,13,3.778,0.5731746542296559,0.7204889031843036,0.3811514956577678,0.39819877774203927,0.6960437439691219,0.6580894178192345,0.3274364747507237,57.1,32.7,47.4
40005,"Atoka County, Oklahoma",Oklahoma,14379,17.3,54785.0,4.59,16.94,0.2,1.2,5,3.477,0.745255709231264,0.7915728530073979,0.5394017368928916,0.7722740431006755,0.17368928916050178,0.1839819877774204,0.38404631714377613,53.4,38.4,47.4
45041,"Florence County, South Carolina",South Carolina,137117,18.66,58305.0,5.6,24.38,0.9,2.98,57,4.157,0.8041170794467675,0.7121260855580572,0.7385011257639112,0.40431006754583465,0.4985525892569958,0.5056288195561274,0.2701833386941139,61.1,27.0,47.4
21121,"Knox County, Kentucky",Kentucky,29865,36.9,32527.0,8.14,13.6,0.0,0.68,14,4.688,0.9958185911868768,0.9961402380186555,0.9318108716629141,0.9221614667095529,0.0,0.07237053715020907,0.20617561917015118,65.3,20.6,47.4
46117,"Stanley County, South Dakota",South Dakota,3015,5.07,87712.0,0.48,28.24,5.7,1.39,0,0.0,0.014152460598263108,0.11450627211321969,0.009971051785139916,0.27983274364747507,0.9347056931489225,0.23158571888066903,0.7857832100353811,26.4,78.6,47.3
48493,"Wilson County, Texas",Texas,52781,11.31,94565.0,3.57,25.89,2.4,4.58,14,2.652,0.343518816339659,0.0736571244773239,0.31682212930202636,0.34737857832100355,0.7918944998391766,0.6590543583145706,0.5500160823415889,42.2,55.0,47.3
45055,"Kershaw County, South Carolina",South Carolina,68314,13.16,68231.0,4.75,24.03,0.5,3.24,20,2.928,0.49501447410743005,0.4194274686394339,0.5715664200707623,0.4191058218076552,0.3335477645545191,0.534577034416211,0.49018977163074945,46.2,49.0,47.3
51193,"Westmoreland County, Virginia",Virginia,18826,14.01,63398.0,7.31,22.53,1.0,4.78,8,4.249,0.5570923126407205,0.5590221936313927,0.8983596011579286,0.48247024766806046,0.5310389192666453,0.6722418784174976,0.2582824059183017,61.7,25.8,47.3
27141,"Sherburne County, Minnesota",Minnesota,100560,5.09,105466.0,2.99,29.67,1.0,4.5,14,1.392,0.014795754261820521,0.03891926664522354,0.2029591508523641,0.24573817947893214,0.5310389192666453,0.6539080090061112,0.7574782888388549,28.1,75.7,47.2
51099,"King George County, Virginia",Virginia,27896,7.48,116884.0,3.71,34.71,0.5,4.37,0,0.0,0.08555805725313606,0.02026375040205854,0.34705693148922484,0.14860083628176263,0.3335477645545191,0.6432936635574139,0.7857832100353811,26.3,78.6,47.2
12069,"Lake County, Florida",Florida,412924,8.85,73161.0,5.0,27.85,2.7,10.71,139,3.366,0.170151174010936,0.30620778385332903,0.6262463814731425,0.28916050176905755,0.8230942425217112,0.8906400771952396,0.40302348021871987,51.8,40.3,47.2
06003,"Alpine County, California",California,1616,9.96,105521.0,4.42,41.1,0.0,5.38,0,0.0,0.24670311997426825,0.03859761981344484,0.5001608234158893,0.0784818269540045,0.0,0.7085879704084915,0.7857832100353811,26.2,78.6,47.2
48111,"Dallam County, Texas",Texas,7298,11.47,71500.0,2.34,11.93,3.2,22.43,3,4.111,0.35670633644258604,0.3460919909938887,0.11675779993567063,0.9649404953361209,0.8587970408491477,0.9716950788034738,0.2762946284979093,60.2,27.6,47.2
29101,"Johnson County, Missouri",Missouri,54732,11.81,67272.0,4.73,29.13,0.4,2.96,14,2.558,0.3869411386297845,0.446767449340624,0.5654551302669669,0.257960759086523,0.28208427146992604,0.5030556449018977,0.5693148922483113,40.7,56.9,47.2
13039,"Camden County, Georgia",Georgia,56970,12.87,74378.0,5.38,24.55,0.0,2.94,14,2.457,0.4705693148922483,0.2811193309745899,0.7015117401093599,0.3965905435831457,0.0,0.5014474107430041,0.5915085236410421,39.2,59.2,47.2
20057,"Ford County, Kansas",Kansas,34074,13.97,70781.0,5.06,20.68,13.1,25.05,18,5.283,0.5541974911547122,0.3631392730781602,0.6400771952396269,0.5760694757156642,0.986812479897073,0.9810228369250563,0.15503377291733678,68.4,15.5,47.2
37189,"Watauga County, North Carolina",North Carolina,55123,25.45,51693.0,7.86,48.08,0.9,3.46,25,4.535,0.9556127372145384,0.8530073978771309,0.9215181730459955,0.03924091347700225,0.4985525892569958,0.558700546799614,0.22418784174975875,63.8,22.4,47.2
48121,"Denton County, Texas",Texas,979561,7.07,111498.0,4.02,49.44,3.6,17.39,243,2.481,0.06851077516886458,0.027339980701190092,0.4155677066580894,0.03280797684142811,0.8784174975876488,0.9523962688967513,0.5847539401736893,39.6,58.5,47.1
39069,"Henry County, Ohio",Ohio,27567,8.75,80099.0,3.87,19.5,0.5,1.1,5,1.814,0.1617883563846896,0.18591186876809263,0.3866194917980058,0.6403988420714056,0.3335477645545191,0.1605017690575748,0.710196204567385,31.1,71.0,47.1
42015,"Bradford County, Pennsylvania",Pennsylvania,59858,12.65,63675.0,6.34,20.56,0.3,1.68,19,3.174,0.4515921518173046,0.5516243165004825,0.8282405918301705,0.5825024123512383,0.22997748472177548,0.2988099067224188,0.4416211000321647,49.0,44.2,47.1
51700,"Newport News city, Virginia",Virginia,184216,14.48,69634.0,5.77,30.64,1.6,7.66,71,3.854,0.5847539401736893,0.38951431328401415,0.7597298166613059,0.2257960759086523,0.6767449340623994,0.8073335477645546,0.31553554197491157,57.4,31.6,47.1
48469,"Victoria County, Texas",Texas,91413,16.25,70896.0,4.38,19.9,2.4,7.11,40,4.376,0.6873592795110968,0.3612093920874879,0.48954647796719203,0.6188485043422323,0.7918944998391766,0.7935027339980701,0.24091347700225152,62.4,24.1,47.1
31163,"Sherman County, Nebraska",Nebraska,2967,8.65,63578.0,3.04,20.46,0.0,0.57,0,0.0,0.15439047925377936,0.5541974911547122,0.20874879382438083,0.588292055323255,0.0,0.055001608234158894,0.7857832100353811,26.0,78.6,47.0
48381,"Randall County, Texas",Texas,146070,9.72,83864.0,2.91,33.68,1.5,5.19,31,2.122,0.22836925056288196,0.14506272113219684,0.1891283370858797,0.16757799935670634,0.6587327114827919,0.7002251527822451,0.6532647153425539,34.8,65.3,47.0
01051,"Elmore County, Alabama",Alabama,89526,10.32,78243.0,4.65,25.39,0.5,2.0,19,2.122,0.2701833386941139,0.21003538115149567,0.5496944355098102,0.36249597941460276,0.3335477645545191,0.3612093920874879,0.6532647153425539,34.8,65.3,47.0
20049,"Elk County, Kansas",Kansas,2453,10.37,64609.0,2.03,21.48,0.0,0.98,0,0.0,0.2756513348343519,0.5281440977806369,0.08523641042135735,0.5323255065937601,0.0,0.13573496301061436,0.7857832100353811,26.0,78.6,47.0
30091,"Sheridan County, Montana",Montana,3669,10.42,70147.0,2.06,26.17,0.0,2.73,0,0.0,0.27918944998391765,0.3779350273399807,0.087809585075587,0.3364425860405275,0.0,0.47507237053715023,0.7857832100353811,25.9,78.6,47.0
36041,"Hamilton County, New York",New York,5089,10.58,68835.0,4.45,33.22,0.0,1.2,0,0.0,0.28755226761016406,0.40720488903184304,0.50498552589257,0.1749758764876166,0.0,0.1839819877774204,0.7857832100353811,26.0,78.6,47.0
18119,"Owen County, Indiana",Indiana,21604,12.34,62464.0,2.99,16.77,0.1,0.8,5,2.314,0.4287552267610164,0.5879704084914763,0.2029591508523641,0.7825667417175941,0.11997426825345771,0.09392087487938244,0.6198134448375684,36.9,62.0,47.0
38091,"Steele County, North Dakota",North Dakota,1804,12.86,77500.0,3.27,28.85,0.5,0.22,0,0.0,0.4683177870697974,0.22225796075908652,0.2586040527500804,0.2621421678996462,0.3335477645545191,0.013509166934705693,0.7857832100353811,26.0,78.6,47.0
18067,"Howard County, Indiana",Indiana,83752,13.41,64027.0,5.83,20.82,0.7,1.89,29,3.463,0.5127050498552589,0.5419749115471213,0.7690575747828884,0.5693148922483113,0.42039240913477,0.3406239948536507,0.3856545513026697,52.6,38.6,47.0
48389,"Reeves County, Texas",Texas,12664,16.76,64297.0,2.36,7.4,19.6,19.27,8,6.317,0.7172724348665166,0.5352203280797684,0.11772274043100675,0.997748472177549,0.9967835316822129,0.9604374396912191,0.09359922804760373,72.1,9.4,47.0
13175,"Laurens County, Georgia",Georgia,49798,22.61,55010.0,5.17,19.15,0.6,3.22,24,4.819,0.9150852364104214,0.7864265036989385,0.6622708266323577,0.6609842393052429,0.38018655516243166,0.5326471534255388,0.19170151174010935,65.6,19.2,47.0
29181,"Ripley County, Missouri",Missouri,10708,24.79,42037.0,3.7,12.57,0.0,1.11,4,3.736,0.9482148600836282,0.9630106143454487,0.34448375683499516,0.9501447410743005,0.0,0.1617883563846896,0.33419105821807654,56.1,33.4,47.0
24037,"St. Mary's County, Maryland",Maryland,115126,7.98,119446.0,3.56,36.47,1.0,4.29,18,1.564,0.11000321646831779,0.017690575747828882,0.3136056609842393,0.12608555805725313,0.5310389192666453,0.637825667417176,0.7394660662592474,28.9,73.9,46.9
26027,"Cass County, Michigan",Michigan,51520,11.9,70443.0,5.02,21.82,0.5,2.67,15,2.911,0.3959472499195883,0.37150209070440654,0.6310710839498231,0.5149565776777099,0.3335477645545191,0.46735284657446124,0.4930845931167578,45.2,49.3,46.9
38093,"Stutsman County, North Dakota",North Dakota,21549,12.61,61856.0,3.99,25.86,0.5,2.61,6,2.784,0.44934062399485364,0.6072692183981988,0.4084914763589579,0.34770022515278226,0.3335477645545191,0.45899002894821483,0.5210678674815054,43.4,52.1,46.9
29145,"Newton County, Missouri",Missouri,60118,13.48,66301.0,5.92,23.54,1.0,4.55,23,3.826,0.5175297523319395,0.4753940173689289,0.7848182695400451,0.4377613380508202,0.5310389192666453,0.6571244773238983,0.32036024445159217,56.7,32.0,46.9
51155,"Pulaski County, Virginia",Virginia,33687,14.37,62028.0,3.21,20.8,0.4,1.34,9,2.672,0.5792859440334512,0.6024445159215182,0.2479897073013831,0.5712447732389836,0.28208427146992604,0.2203280797684143,0.5458346735284657,41.7,54.6,46.9
29207,"Stoddard County, Missouri",Missouri,28470,15.13,57957.0,3.72,16.74,0.1,0.43,8,2.81,0.622386619491798,0.7185590221936314,0.34898681247989705,0.7854615632036025,0.11997426825345771,0.0369893856545513,0.5152782245094886,43.9,51.5,46.9
40125,"Pottawatomie County, Oklahoma",Oklahoma,73463,15.89,61398.0,5.29,20.44,0.6,2.08,27,3.675,0.6661305886137021,0.6185268575104536,0.6828562238661949,0.590543583145706,0.38018655516243166,0.37439691219041493,0.34384046317143774,55.2,34.4,46.9
39155,"Trumbull County, Ohio",Ohio,200929,16.61,56435.0,4.7,20.88,0.8,1.16,72,3.583,0.710196204567385,0.7571566420070762,0.5583788999678353,0.5657767770987456,0.46317143776133807,0.17368928916050178,0.364425860405275,53.8,36.4,46.9
48139,"Ellis County, Texas",Texas,213160,6.9,99595.0,4.46,30.1,3.0,8.52,58,2.721,0.061112898037954326,0.054679961402380184,0.5091669347056932,0.23641042135734963,0.8446445802508845,0.8359601157928594,0.5348986812479897,42.4,53.5,46.8
18115,"Ohio County, Indiana",Indiana,5999,8.1,70392.0,1.35,17.76,0.0,1.57,0,0.0,0.11740109359922805,0.3731103248633001,0.04052750080411708,0.7349630106143454,0.0,0.27436474750723705,0.7857832100353811,25.7,78.6,46.8
20197,"Wabaunsee County, Kansas",Kansas,7009,8.49,76908.0,4.35,24.95,0.1,1.21,0,0.0,0.14345448697330332,0.23351559987134127,0.478610485686716,0.3788999678353168,0.11997426825345771,0.18559022193631391,0.7857832100353811,25.7,78.6,46.8
06109,"Tuolumne County, California",California,54498,10.44,77404.0,8.22,24.61,0.6,4.6,17,3.119,0.27951109681569636,0.22450948858153746,0.9340623994853651,0.3953039562560309,0.38018655516243166,0.6603409456416854,0.45223544548086203,47.9,45.2,46.8
21179,"Nelson County, Kentucky",Kentucky,47606,10.85,69562.0,3.33,23.81,1.6,2.73,13,2.731,0.3081376648440013,0.3917658411064651,0.26986169186233516,0.4287552267610164,0.6767449340623994,0.47507237053715023,0.5323255065937601,42.5,53.2,46.8
42025,"Carbon County, Pennsylvania",Pennsylvania,65382,12.31,67554.0,7.46,19.2,0.6,3.74,25,3.824,0.42746863943390156,0.4384046317143776,0.9054358314570602,0.6577677709874558,0.38018655516243166,0.5860405275008042,0.3206818912833709,56.6,32.1,46.8
39143,"Sandusky County, Ohio",Ohio,58778,15.0,62295.0,4.32,18.35,0.3,1.91,19,3.233,0.6175619170151174,0.5934384046317144,0.470890961724027,0.7044065615953683,0.22997748472177548,0.34384046317143774,0.4293985204245738,49.3,42.9,46.8
48503,"Young County, Texas",Texas,18029,16.5,68010.0,3.54,23.99,2.2,7.59,7,3.883,0.7027983274364747,0.42682534577034414,0.31006754583467355,0.4207140559665487,0.7709874557735606,0.805725313605661,0.31167577999356705,57.3,31.2,46.8
51590,"Danville city, Virginia",Virginia,42214,24.65,44423.0,5.56,19.64,1.2,3.52,30,7.107,0.9459633322611772,0.9482148600836282,0.7330331296236732,0.6326793181087166,0.5895786426503699,0.5667417175940817,0.06658089417819235,73.6,6.7,46.8
13065,"Clinch County, Georgia",Georgia,6759,26.09,45847.0,2.14,9.05,1.9,5.89,5,7.398,0.9604374396912191,0.9353489868124799,0.09327758121582502,0.9926021228690898,0.7301383081376649,0.7378578321003538,0.05789642972016726,74.2,5.8,46.8
21015,"Boone County, Kentucky",Kentucky,139841,6.3,99414.0,3.14,35.71,1.4,6.25,26,1.859,0.04181408813123191,0.05628819556127372,0.23222901254422643,0.1376648440012866,0.637825667417176,0.7561917015117401,0.7018333869411386,31.0,70.2,46.7
13157,"Jackson County, Georgia",Georgia,84757,7.31,89544.0,3.4,27.82,1.2,7.26,19,2.242,0.07687359279511097,0.10003216468317787,0.2814409778063686,0.2904470890961724,0.5895786426503699,0.7973624959794146,0.6330009649404953,35.6,63.3,46.7
46115,"Spink County, South Dakota",South Dakota,6219,10.05,70139.0,1.34,28.22,0.7,1.08,0,0.0,0.25120617561917014,0.3782566741717594,0.039562560308780956,0.2801543904792538,0.42039240913477,0.15567706658089417,0.7857832100353811,25.4,78.6,46.7
46077,"Kingsbury County, South Dakota",South Dakota,5244,10.58,74000.0,1.0,23.09,0.5,0.95,0,0.0,0.28755226761016406,0.2910903827597298,0.02348021871984561,0.45802508845287876,0.3335477645545191,0.1286587327114828,0.7857832100353811,25.4,78.6,46.7
37127,"Nash County, North Carolina",North Carolina,96216,11.84,62426.0,4.95,22.08,0.3,3.99,31,3.222,0.39015760694757157,0.5895786426503699,0.6175619170151174,0.5017690575747829,0.22997748472177548,0.6069475715664201,0.4332582824059183,48.9,43.3,46.7
30007,"Broadwater County, Montana",Montana,7668,12.65,70374.0,3.51,27.3,0.0,0.81,0,0.0,0.4515921518173046,0.3737536185268575,0.30459954969443553,0.30234802187198456,0.0,0.09585075587005468,0.7857832100353811,25.5,78.6,46.7
40133,"Seminole County, Oklahoma",Oklahoma,23494,21.74,48062.0,6.27,15.89,0.5,2.4,14,5.959,0.8954647796719203,0.9128337085879704,0.8205210678674815,0.8308137664844001,0.3335477645545191,0.4290768735927951,0.11161145062721133,70.4,11.2,46.7
51199,"York County, Virginia",Virginia,71005,5.55,109956.0,4.21,49.99,1.2,7.97,14,1.972,0.02444515921518173,0.031843036346091994,0.44901897716307493,0.030234802187198456,0.5895786426503699,0.8185911868768093,0.6802830492119653,32.4,68.0,46.6
37053,"Currituck County, North Carolina",North Carolina,30601,7.5,93511.0,2.98,30.88,1.2,3.36,5,1.634,0.08684464458025089,0.07719523962688968,0.20102926986169187,0.2219363139273078,0.5895786426503699,0.5496944355098102,0.7323898359601158,28.8,73.2,46.6
55101,"Racine County, Wisconsin",Wisconsin,197532,10.31,78096.0,4.41,28.45,1.4,4.95,55,2.784,0.26954004503055645,0.21325184946928272,0.4975876487616597,0.27436474750723705,0.637825667417176,0.6854293985204246,0.5210678674815054,43.0,52.1,46.6
48383,"Reagan County, Texas",Texas,3232,11.79,57813.0,4.97,13.59,16.3,11.88,3,9.282,0.38468961080733355,0.7224187841749758,0.6214216789964618,0.9228047603731103,0.9935670633644259,0.907687359279511,0.02669668703763268,75.9,2.7,46.6
21157,"Marshall County, Kentucky",Kentucky,31743,12.27,65831.0,4.51,21.22,0.0,0.92,7,2.205,0.4232872306207784,0.4966227082663236,0.5217111611450628,0.5461563203602444,0.0,0.12158250241235123,0.6387906079125121,35.2,63.9,46.6
42105,"Potter County, Pennsylvania",Pennsylvania,16188,13.01,59020.0,3.82,18.15,0.5,1.4,5,3.089,0.48247024766806046,0.6899324541653264,0.3731103248633001,0.7188806690254101,0.3335477645545191,0.2357671276937922,0.45770344162110005,47.2,45.8,46.6
17117,"Macoupin County, Illinois",Illinois,44350,13.06,70805.0,3.67,20.27,0.3,0.9,10,2.255,0.48536506915406885,0.36249597941460276,0.340302348021872,0.5989064007719523,0.22997748472177548,0.11643615310389192,0.6304277902862657,35.6,63.0,46.6
01029,"Cleburne County, Alabama",Alabama,15426,13.68,55345.0,2.57,16.99,0.1,0.68,4,2.593,0.5294306851077517,0.7796719202315857,0.1431328401415246,0.7687359279511097,0.11997426825345771,0.07237053715020907,0.5628819556127372,40.2,56.3,46.6
29067,"Douglas County, Missouri",Missouri,11965,17.55,45985.0,6.08,14.94,0.0,1.32,5,4.179,0.7577999356706336,0.9343840463171438,0.8044387262785462,0.8748793824380829,0.0,0.21614667095529108,0.2679318108716629,59.8,26.8,46.6
46107,"Potter County, South Dakota",South Dakota,2388,6.18,72045.0,2.61,27.2,0.8,1.34,0,0.0,0.037632679318108715,0.3332261177227404,0.14827918944998392,0.3055644901897716,0.46317143776133807,0.2203280797684143,0.7857832100353811,25.1,78.6,46.5
12113,"Santa Rosa County, Florida",Florida,198472,8.76,91922.0,4.48,31.97,0.8,4.87,44,2.217,0.16307494371180445,0.08555805725313606,0.5133483435188163,0.19652621421678995,0.46317143776133807,0.6809263428755227,0.6365390800900611,35.0,63.7,46.5
38029,"Emmons County, North Dakota",North Dakota,3254,9.08,66538.0,2.27,22.19,0.2,0.71,0,0.0,0.18333869411386297,0.4657446124155677,0.106465101318752,0.49565776777098747,0.17368928916050178,0.0781601801222258,0.7857832100353811,25.1,78.6,46.5
19003,"Adams County, Iowa",Iowa,3622,9.09,71875.0,3.93,26.98,0.3,0.52,0,0.0,0.18366034094564168,0.33740752653586364,0.39884207140559663,0.3129623673206819,0.22997748472177548,0.04856867159858475,0.7857832100353811,25.2,78.6,46.5
39121,"Noble County, Ohio",Ohio,14282,10.61,56098.0,1.43,15.7,1.2,0.57,4,2.801,0.2904470890961724,0.763911225474429,0.04438726278546156,0.8404631714377614,0.5895786426503699,0.055001608234158894,0.5172081055001608,43.1,51.7,46.5
55033,"Dunn County, Wisconsin",Wisconsin,45527,10.68,74824.0,4.39,29.56,0.6,2.24,10,2.196,0.29688002573174654,0.2724348665165648,0.4930845931167578,0.24863300096494048,0.38018655516243166,0.39755548407848185,0.6413637825667418,34.8,64.1,46.5
41043,"Linn County, Oregon",Oregon,130706,12.98,76329.0,6.0,21.57,1.4,4.32,49,3.749,0.47989707301383083,0.24220006432936636,0.7976841428111933,0.5262142167899646,0.637825667417176,0.6394339015760695,0.332582824059183,55.4,33.3,46.5
01079,"Lawrence County, Alabama",Alabama,33276,13.31,66071.0,1.96,15.21,0.5,1.34,9,2.705,0.5072370537150209,0.48761659697651977,0.07944676744934062,0.8620135091669348,0.3335477645545191,0.2203280797684143,0.5397233837246703,41.5,54.0,46.5
48307,"McCulloch County, Texas",Texas,7514,15.33,54043.0,9.04,23.93,3.6,4.21,5,6.654,0.6358957864265037,0.8054036667738823,0.95271791572853,0.4242521711161145,0.8784174975876488,0.6310710839498231,0.07944676744934062,72.1,7.9,46.5
54041,"Lewis County, West Virginia",West Virginia,16740,16.12,56477.0,8.6,18.87,0.1,0.29,6,3.584,0.6802830492119653,0.7561917015117401,0.9433901576069476,0.6780315213895143,0.11997426825345771,0.01929880990672242,0.3637825667417176,53.3,36.4,46.5
13215,"Muscogee County, Georgia",Georgia,203711,19.05,58073.0,6.26,30.48,1.0,5.1,95,4.663,0.8179478932132519,0.7169507880347379,0.8189128337085879,0.22869089739466067,0.5310389192666453,0.6944355098102284,0.21003538115149567,63.5,21.0,46.5
51147,"Prince Edward County, Virginia",Virginia,21996,20.89,56315.0,1.54,27.27,1.7,3.48,8,3.637,0.8745577356063042,0.760694757156642,0.04985525892569958,0.3039562560308781,0.6960437439691219,0.560952074622065,0.35188163396590544,54.1,35.2,46.5
21013,"Bell County, Kentucky",Kentucky,23509,28.82,31354.0,10.11,15.76,0.0,0.42,11,4.679,0.9752331939530395,0.997748472177549,0.9742682534577034,0.8362817626246382,0.0,0.03441621100032165,0.2081055001608234,63.6,20.8,46.5
17197,"Will County, Illinois",Illinois,701462,7.33,109984.0,4.93,37.49,3.0,13.54,199,2.837,0.07783853329044708,0.031199742682534577,0.6130588613702155,0.11386297844966227,0.8446445802508845,0.9260212286908974,0.5094885815374719,43.4,50.9,46.4
55055,"Jefferson County, Wisconsin",Wisconsin,86003,8.11,83750.0,3.55,28.55,0.9,3.66,17,1.977,0.11772274043100675,0.14602766162753297,0.31199742682534576,0.27114827918945,0.4985525892569958,0.5779993567063364,0.6793181087166291,32.1,67.9,46.4
20115,"Marion County, Kansas",Kansas,11754,9.15,64695.0,3.43,30.39,0.1,1.05,0,0.0,0.18752010292698618,0.5255709231264072,0.28851720810550013,0.22965583788999677,0.11997426825345771,0.14892248311354134,0.7857832100353811,25.0,78.6,46.4
49025,"Kane County, Utah",Utah,8170,9.53,77092.0,3.69,28.76,0.0,2.51,0,0.0,0.21421678996461885,0.2302991315535542,0.34255387584432295,0.26407204889031843,0.0,0.4470890961724027,0.7857832100353811,25.0,78.6,46.4
48369,"Parmer County, Texas",Texas,9731,10.17,69735.0,2.65,16.95,10.9,24.65,4,4.111,0.2586040527500804,0.3869411386297845,0.1566420070762303,0.7719523962688968,0.9803795432614989,0.9794146027661628,0.2762946284979093,58.9,27.6,46.4
53005,"Benton County, Washington",Washington,212905,10.99,89874.0,5.32,33.2,3.2,11.44,72,3.382,0.31457060147957544,0.09617240270183339,0.6899324541653264,0.1752975233193953,0.8587970408491477,0.9025410099710518,0.39980701190093276,50.6,40.0,46.4
56003,"Big Horn County, Wyoming",Wyoming,11828,12.73,62101.0,3.34,22.85,1.8,3.2,4,3.382,0.45770344162110005,0.6011579285944033,0.27114827918945,0.4667095529109038,0.7140559665487295,0.5300739787713091,0.39980701190093276,50.7,40.0,46.4
45047,"Greenwood County, South Carolina",South Carolina,69489,15.08,52830.0,5.47,24.67,0.6,3.31,28,4.029,0.6201350916693471,0.8304921196526214,0.7204889031843036,0.3917658411064651,0.38018655516243166,0.5442264393695722,0.2881955612737215,58.1,28.8,46.4
29113,"Lincoln County, Missouri",Missouri,63057,10.23,89278.0,3.66,18.36,0.7,1.04,13,2.062,0.26407204889031843,0.1016403988420714,0.33708587970408493,0.7034416211000322,0.42039240913477,0.14827918944998392,0.6635574139594725,32.9,66.4,46.3
38011,"Bowman County, North Dakota",North Dakota,2906,13.44,72109.0,3.1,26.99,0.0,0.86,0,0.0,0.5152782245094886,0.3316178835638469,0.2209713734319717,0.31231907365712447,0.0,0.10678674815053071,0.7857832100353811,24.8,78.6,46.3
48203,"Harrison County, Texas",Texas,70155,15.63,66103.0,5.56,22.67,1.5,4.86,31,4.419,0.6535863621743326,0.48600836281762627,0.7330331296236732,0.4753940173689289,0.6587327114827919,0.6789964618848504,0.23608877452557092,61.4,23.6,46.3
29187,"St. Francois County, Missouri",Missouri,66999,15.94,57477.0,4.53,17.25,0.1,1.51,23,3.433,0.6696687037632679,0.7317465422965583,0.526857510453522,0.7555484078481827,0.11997426825345771,0.2582824059183017,0.3911225474429077,51.0,39.1,46.3
51195,"Wise County, Virginia",Virginia,35448,17.23,52943.0,8.22,15.77,0.1,1.52,16,4.514,0.742039240913477,0.8285622386619492,0.9340623994853651,0.835316822129302,0.11997426825345771,0.26182052106786746,0.22708266323576712,62.0,22.7,46.3
01067,"Henry County, Alabama",Alabama,17647,18.35,59931.0,3.61,21.82,0.2,0.87,5,2.833,0.794789321325185,0.6654872949501447,0.3287230620778385,0.5149565776777099,0.17368928916050178,0.1103248633000965,0.5101318752010293,43.1,51.0,46.3
40127,"Pushmataha County, Oklahoma",Oklahoma,10790,20.71,47940.0,4.41,15.65,0.9,1.09,5,4.634,0.8690897394660663,0.914441942746864,0.4975876487616597,0.8427146992602123,0.4985525892569958,0.15792859440334514,0.21357349630106143,63.0,21.4,46.3
01047,"Dallas County, Alabama",Alabama,36858,31.04,35627.0,10.95,17.48,0.6,1.88,28,7.597,0.9823094242521712,0.9900289482148601,0.9823094242521712,0.7507237053715021,0.38018655516243166,0.3367642328723062,0.05275008041170794,73.7,5.3,46.3
27079,"Le Sueur County, Minnesota",Minnesota,29113,6.44,94968.0,4.18,26.33,1.0,3.27,6,2.061,0.045352203280797684,0.07140559665487295,0.44483756834995175,0.32968800257317465,0.5310389192666453,0.5397233837246703,0.6638790607912513,32.7,66.4,46.2
26139,"Ottawa County, Michigan",Michigan,301203,8.31,90502.0,3.52,38.91,1.4,5.07,62,2.058,0.13026696687037634,0.09263428755226762,0.30685107751688645,0.09842393052428433,0.637825667417176,0.6921839819877774,0.665165648118366,32.6,66.5,46.2
19159,"Ringgold County, Iowa",Iowa,4645,8.75,73346.0,3.26,24.64,0.4,0.73,0,0.0,0.1617883563846896,0.3036346091990994,0.25667417175940815,0.3936957220971373,0.28208427146992604,0.08137664844001287,0.7857832100353811,24.7,78.6,46.2
29041,"Chariton County, Missouri",Missouri,7390,8.78,71520.0,3.48,22.62,0.1,0.66,0,0.0,0.16500482470247668,0.3454486973303313,0.2984882598906401,0.478610485686716,0.11997426825345771,0.0688324220006433,0.7857832100353811,24.6,78.6,46.2
56045,"Weston County, Wyoming",Wyoming,6826,9.01,89509.0,1.03,20.08,0.3,1.88,0,0.0,0.17851399163718237,0.10035381151495658,0.02541009971051785,0.6091990993888711,0.22997748472177548,0.3367642328723062,0.7857832100353811,24.7,78.6,46.2
18109,"Morgan County, Indiana",Indiana,72659,9.28,79429.0,4.18,21.12,0.4,1.26,14,1.927,0.19942103570279832,0.19491798005789643,0.44483756834995175,0.5519459633322612,0.28208427146992604,0.19974268253457703,0.6873592795110968,31.2,68.7,46.2
20025,"Clark County, Kansas",Kansas,1974,9.87,63043.0,2.79,31.09,0.0,1.57,0,0.0,0.23994853650691542,0.5699581859118688,0.17626246381473143,0.2171116114506272,0.0,0.27436474750723705,0.7857832100353811,24.6,78.6,46.2
37089,"Henderson County, North Carolina",North Carolina,118484,11.56,68187.0,3.46,36.51,3.0,8.29,38,3.207,0.36249597941460276,0.4207140559665487,0.2946284979092956,0.1254422643936957,0.8446445802508845,0.8288838854937279,0.43550981022836927,47.9,43.6,46.2
28059,"Jackson County, Mississippi",Mississippi,145249,13.84,66201.0,6.71,26.66,1.5,3.25,57,3.924,0.5426182052106787,0.48054036667738825,0.8597619813444838,0.3206818912833709,0.6587327114827919,0.5374718559022194,0.3042779028626568,56.7,30.4,46.2
05115,"Pope County, Arkansas",Arkansas,64131,16.9,57344.0,5.15,24.66,1.6,4.82,31,4.834,0.7240270183338694,0.7336764232872306,0.6568028304921196,0.39240913477002254,0.6767449340623994,0.676101640398842,0.1894499839176584,64.3,18.9,46.2
05141,"Van Buren County, Arkansas",Arkansas,15998,19.12,50354.0,3.78,15.0,0.6,1.9,7,4.376,0.8205210678674815,0.8761659697651978,0.36474750723705374,0.8710196204567385,0.38018655516243166,0.34191058218076553,0.24091347700225152,60.9,24.1,46.2
55083,"Oconto County, Wisconsin",Wisconsin,39589,8.2,75049.0,2.0,18.9,0.3,1.11,5,1.263,0.1254422643936957,0.26696687037632677,0.0829848825989064,0.6770665808941781,0.22997748472177548,0.1617883563846896,0.7651978128015439,25.7,76.5,46.1
20103,"Leavenworth County, Kansas",Kansas,83123,8.77,89218.0,4.08,36.12,0.8,3.57,16,1.925,0.16371823737536184,0.10228369250562883,0.4236088774525571,0.1331617883563847,0.46317143776133807,0.5722097137343197,0.6880025731746542,31.0,68.8,46.1
01001,"Autauga County, Alabama",Alabama,59947,11.29,72481.0,2.4,29.14,0.4,2.61,11,1.835,0.34287552267610166,0.3229334191058218,0.12061756191701511,0.2573174654229656,0.28208427146992604,0.45899002894821483,0.706979736249598,29.7,70.7,46.1
30033,"Garfield County, Montana",Montana,1094,13.41,69583.0,0.0,20.98,0.0,0.0,0,0.0,0.5127050498552589,0.3914441942746864,0.0,0.5590221936313927,0.0,0.0,0.7857832100353811,24.4,78.6,46.1
51135,"Nottoway County, Virginia",Virginia,15597,18.46,63261.0,2.84,14.07,0.6,3.03,6,3.847,0.7996140238018655,0.5628819556127372,0.1804438726278546,0.9054358314570602,0.38018655516243166,0.5107751688645867,0.31650048247024765,55.7,31.7,46.1
18167,"Vigo County, Indiana",Indiana,106109,19.15,52976.0,5.72,26.26,0.9,3.09,49,4.618,0.8218076551945963,0.8282405918301705,0.7536185268575104,0.3306529430685108,0.4985525892569958,0.518173045995497,0.2155033772917337,62.5,21.6,46.1
51735,"Poquoson city, Virginia",Virginia,12639,4.49,120972.0,3.17,36.27,0.8,3.93,0,0.0,0.0064329366355741395,0.01704728208427147,0.23834030234802187,0.12833708587970408,0.46317143776133807,0.6018012222579607,0.7857832100353811,24.3,78.6,46.0
20083,"Hodgeman County, Kansas",Kansas,1652,6.33,59955.0,0.63,30.17,0.4,1.33,0,0.0,0.04277902862656803,0.66420070762303,0.014474107430041815,0.2351238340302348,0.28208427146992604,0.21839819877774205,0.7857832100353811,24.3,78.6,46.0
18179,"Wells County, Indiana",Indiana,28420,7.16,71957.0,2.61,19.95,0.8,1.88,6,2.111,0.07269218398198778,0.33451270504985525,0.14827918944998392,0.6156320360244452,0.46317143776133807,0.3367642328723062,0.6568028304921196,32.9,65.7,46.0
39083,"Knox County, Ohio",Ohio,63142,11.64,73878.0,2.48,24.65,0.2,1.36,9,1.425,0.36989385654551304,0.295271791572853,0.13155355419749115,0.39273078160180125,0.17368928916050178,0.22450948858153746,0.7542618205210678,26.5,75.4,46.0
18077,"Jefferson County, Indiana",Indiana,32998,12.34,64577.0,4.39,19.76,0.7,1.39,10,3.03,0.4287552267610164,0.5294306851077517,0.4930845931167578,0.6256030878095851,0.42039240913477,0.23158571888066903,0.46799614023801867,45.5,46.8,46.0
27001,"Aitkin County, Minnesota",Minnesota,16056,13.11,60833.0,5.78,20.26,0.2,0.92,5,3.114,0.49018977163074945,0.6375040205853972,0.7619813444837569,0.5995496944355098,0.17368928916050178,0.12158250241235123,0.45320038597619816,46.4,45.3,46.0
19145,"Page County, Iowa",Iowa,15131,13.76,57953.0,5.01,19.24,1.0,1.86,6,3.965,0.5371502090704406,0.7192023158571889,0.6288195561273722,0.6561595368285622,0.5310389192666453,0.3316178835638469,0.2984882598906401,56.7,29.8,46.0
05131,"Sebastian County, Arkansas",Arkansas,128900,15.97,57790.0,5.46,23.32,2.9,8.99,83,6.439,0.6706336442586041,0.7240270183338694,0.717915728530074,0.446767449340624,0.8378899967835317,0.85075587005468,0.0874879382438083,70.8,8.7,46.0
21155,"Marion County, Kentucky",Kentucky,19749,16.97,59627.0,4.2,15.06,0.4,2.65,8,4.051,0.7266001929880991,0.6722418784174976,0.4483756834995175,0.8690897394660663,0.28208427146992604,0.4634930845931168,0.2849790929559344,57.7,28.5,46.0
54087,"Roane County, West Virginia",West Virginia,13786,19.06,45778.0,9.11,15.17,0.0,0.54,6,4.352,0.8182695400450306,0.9356706336442586,0.9546477967192023,0.8645866838211643,0.0,0.05049855258925699,0.2441299453200386,60.4,24.4,46.0
28025,"Clay County, Mississippi",Mississippi,18383,20.9,43125.0,7.23,17.3,0.1,0.37,8,4.352,0.8752010292698617,0.9556127372145384,0.893534898681248,0.7539401736892891,0.11997426825345771,0.02637504020585397,0.2441299453200386,60.4,24.4,46.0
40091,"McIntosh County, Oklahoma",Oklahoma,19400,21.06,46281.0,5.29,15.85,0.3,1.24,9,4.639,0.8797040849147636,0.9298809906722418,0.6828562238661949,0.8317787069797362,0.22997748472177548,0.19652621421678995,0.212930202637504,62.5,21.3,46.0
21119,"Knott County, Kentucky",Kentucky,13830,23.31,41761.0,9.27,19.5,0.0,0.91,6,4.338,0.9282727565133484,0.9665487294950145,0.9588292055323255,0.6403988420714056,0.0,0.11868768092634288,0.24766806046960438,60.2,24.8,46.0
17173,"Shelby County, Illinois",Illinois,20720,9.15,72095.0,3.02,18.32,0.0,1.05,3,1.448,0.18752010292698618,0.332582824059183,0.2068189128337086,0.7066580894178193,0.0,0.14892248311354134,0.7510453522032808,26.4,75.1,45.9
27117,"Pipestone County, Minnesota",Minnesota,9284,10.53,69628.0,3.2,21.83,1.7,5.85,3,3.231,0.28465744612415567,0.39015760694757157,0.24477323898359601,0.5139916371823737,0.6960437439691219,0.736571244773239,0.43036346091990996,47.8,43.0,45.9
17067,"Hancock County, Illinois",Illinois,17281,12.27,65865.0,4.23,25.11,0.1,1.45,4,2.315,0.4232872306207784,0.49565776777098747,0.4538436796397555,0.37182373753618525,0.11997426825345771,0.24605982631071083,0.6194917980057897,35.2,61.9,45.9
29177,"Ray County, Missouri",Missouri,23145,12.56,74573.0,3.43,16.22,0.4,1.41,6,2.592,0.44419427468639433,0.2762946284979093,0.28851720810550013,0.8124798970730138,0.28208427146992604,0.23801865551624315,0.563203602444516,39.0,56.3,45.9
42121,"Venango County, Pennsylvania",Pennsylvania,49801,13.15,61522.0,5.6,19.07,0.3,0.84,16,3.213,0.49469282727565134,0.6140238018655516,0.7385011257639112,0.6661305886137021,0.22997748472177548,0.10228369250562883,0.43486651656481184,47.4,43.5,45.9
48143,"Erath County, Texas",Texas,43794,16.56,65115.0,5.69,32.05,3.4,6.62,21,4.795,0.7066580894178193,0.5165648118366034,0.749758764876166,0.19588292055323256,0.869411386297845,0.7716307494371181,0.1939530395625603,63.5,19.4,45.9
01025,"Clarke County, Alabama",Alabama,22543,20.06,49249.0,9.19,14.97,0.1,1.12,11,4.88,0.8504342232229013,0.8954647796719203,0.9562560308780959,0.8735927951109682,0.11997426825345771,0.16436153103891926,0.18366034094564168,64.3,18.4,45.9
05129,"Searcy County, Arkansas",Arkansas,7859,23.03,44426.0,3.67,15.01,0.0,1.36,3,3.817,0.923126407204889,0.9478932132518495,0.340302348021872,0.8703763267931811,0.0,0.22450948858153746,0.32196847861048566,55.1,32.2,45.9
20085,"Jackson County, Kansas",Kansas,13341,6.08,75215.0,1.79,22.65,1.6,3.24,3,2.249,0.03473785783210035,0.26471534255387585,0.06593760051463493,0.47668060469604373,0.6767449340623994,0.534577034416211,0.6323576712769379,34.2,63.2,45.8
29219,"Warren County, Missouri",Missouri,37177,8.01,81209.0,3.7,20.17,0.4,0.97,6,1.614,0.11193309745899004,0.1704728208427147,0.34448375683499516,0.603731103248633,0.28208427146992604,0.1338050820199421,0.7339980701190093,27.4,73.4,45.8
46111,"Sanborn County, South Dakota",South Dakota,2384,8.54,78750.0,0.57,21.3,0.3,1.68,0,0.0,0.1466709552910904,0.2032807976841428,0.011257639112254744,0.5435831457060148,0.22997748472177548,0.2988099067224188,0.7857832100353811,23.9,78.6,45.8
39089,"Licking County, Ohio",Ohio,181837,10.22,84426.0,3.24,29.35,0.6,4.6,38,2.09,0.263428755226761,0.14055966548729495,0.25217111611450627,0.2531360566098424,0.38018655516243166,0.6603409456416854,0.6587327114827919,32.5,65.9,45.8
23001,"Androscoggin County, Maine",Maine,113423,14.38,67873.0,4.33,23.36,2.4,5.6,46,4.056,0.5802508845287874,0.43036346091990996,0.47282084271469926,0.44515921518173046,0.7918944998391766,0.7204889031843036,0.28369250562881954,57.3,28.4,45.8
47045,"Dyer County, Tennessee",Tennessee,36508,16.31,58154.0,4.68,21.11,1.2,2.04,15,4.109,0.6918623351559987,0.715664200707623,0.5541974911547122,0.5538758443229335,0.5895786426503699,0.3657124477323898,0.27725956899324544,57.8,27.7,45.8
36109,"Tompkins County, New York",New York,104537,16.36,74024.0,5.54,58.76,1.8,12.95,41,3.922,0.6947571566420071,0.2901254422643937,0.7307816018012222,0.009327758121582503,0.7140559665487295,0.9199099388871019,0.3052428433579929,56.0,30.5,45.8
40021,"Cherokee County, Oklahoma",Oklahoma,47942,18.21,53218.0,5.14,29.18,0.7,3.51,20,4.172,0.7873914441942746,0.8218076551945963,0.6551945963332261,0.25667417175940815,0.42039240913477,0.5654551302669669,0.26921839819877774,58.4,26.9,45.8
51660,"Harrisonburg city, Virginia",Virginia,51392,25.71,62254.0,6.86,37.45,8.0,17.79,47,9.145,0.9581859118687681,0.5944033451270505,0.8723062077838534,0.11482791894499839,0.9649404953361209,0.9540045030556449,0.02991315535541975,74.3,3.0,45.8
51145,"Powhatan County, Virginia",Virginia,31555,4.55,110537.0,3.65,34.97,0.8,3.18,4,1.268,0.0077195239626889674,0.02991315535541975,0.3361209392087488,0.14474107430041813,0.46317143776133807,0.5271791572853007,0.7642328723062077,25.1,76.4,45.7
47021,"Cheatham County, Tennessee",Tennessee,41829,7.67,89852.0,4.34,26.57,1.4,3.08,10,2.391,0.09488581537471856,0.0971373431971695,0.4760373110324863,0.3229334191058218,0.637825667417176,0.5168864586683821,0.605982631071084,35.8,60.6,45.7
26087,"Lapeer County, Michigan",Michigan,88837,9.71,77306.0,5.06,20.44,0.9,2.35,26,2.927,0.22708266323576712,0.22772595689932454,0.6400771952396269,0.590543583145706,0.4985525892569958,0.42039240913477,0.49083306529430687,43.4,49.1,45.7
41065,"Wasco County, Oregon",Oregon,26552,11.63,64175.0,7.66,22.45,3.6,9.87,15,5.649,0.3692505628819556,0.5377935027339981,0.9154068832422001,0.48665165648118364,0.8784174975876488,0.871662914120296,0.12672885172081055,67.7,12.7,45.7
47103,"Lincoln County, Tennessee",Tennessee,35946,12.95,64667.0,4.73,20.64,0.7,2.09,12,3.338,0.47796719202315857,0.5265358636217433,0.5654551302669669,0.5779993567063364,0.42039240913477,0.3756834995175298,0.4062399485365069,49.1,40.6,45.7
55121,"Trempealeau County, Wisconsin",Wisconsin,30839,9.92,76313.0,2.3,20.88,1.9,5.27,9,2.918,0.24252171116114507,0.24252171116114507,0.11128980379543262,0.5657767770987456,0.7301383081376649,0.7040849147635896,0.49211965262142165,43.3,49.2,45.6
16075,"Payette County, Idaho",Idaho,26771,10.19,67673.0,3.2,17.3,2.8,5.12,10,3.735,0.2608555805725314,0.43550981022836927,0.24477323898359601,0.7539401736892891,0.8308137664844001,0.6966870376326794,0.3351559987134127,53.7,33.5,45.6
36105,"Sullivan County, New York",New York,79721,15.85,72382.0,5.85,30.1,4.8,12.96,39,4.892,0.6645223544548087,0.32486330009649406,0.7716307494371181,0.23641042135734963,0.9157285300739788,0.9202315857188806,0.18237375361852687,63.9,18.2,45.6
22057,"Lafourche Parish, Louisiana",Louisiana,96252,16.97,63135.0,4.15,21.12,1.0,2.32,36,3.74,0.7266001929880991,0.5657767770987456,0.4367963975554841,0.5519459633322612,0.5310389192666453,0.41202959150852364,0.3335477645545191,53.7,33.4,45.6
22081,"Red River Parish, Louisiana",Louisiana,7443,25.77,49167.0,3.64,14.0,0.1,1.22,3,4.031,0.9588292055323255,0.8964297201672563,0.33386941138629783,0.9083306529430685,0.11997426825345771,0.18977163074943712,0.28723062077838535,56.8,28.7,45.6
51093,"Isle of Wight County, Virginia",Virginia,39974,6.75,95241.0,3.88,30.81,0.6,3.48,7,1.751,0.05596654872949502,0.07076230299131553,0.38726278546156323,0.22386619491798007,0.38018655516243166,0.560952074622065,0.7175940816982953,28.0,71.8,45.5
27067,"Kandiyohi County, Minnesota",Minnesota,44079,9.11,76592.0,3.63,27.92,3.5,9.78,14,3.176,0.18526857510453523,0.23737536185268576,0.3316178835638469,0.28755226761016406,0.8735927951109682,0.8681247989707301,0.4406561595368286,46.4,44.1,45.5
36043,"Herkimer County, New York",New York,59757,13.41,68515.0,4.33,22.68,0.7,2.92,19,3.18,0.5127050498552589,0.41267288517208106,0.47282084271469926,0.4744290768735928,0.42039240913477,0.5001608234158893,0.43969121904149244,46.6,44.0,45.5
29185,"St. Clair County, Missouri",Missouri,9587,14.68,53043.0,3.33,14.69,0.0,1.17,3,3.129,0.5985847539401737,0.8250241235123834,0.26986169186233516,0.885815374718559,0.0,0.1749758764876166,0.44998391765841106,45.9,45.0,45.5
51117,"Mecklenburg County, Virginia",Virginia,30516,16.34,57045.0,2.62,20.68,0.2,3.17,10,3.277,0.693792216146671,0.7401093599228048,0.151495657767771,0.5760694757156642,0.17368928916050178,0.5265358636217433,0.4210357027983274,47.7,42.1,45.5
08105,"Rio Grande County, Colorado",Colorado,11321,18.01,64411.0,10.15,34.48,4.3,3.84,6,5.3,0.779350273399807,0.5336120939208748,0.9749115471212608,0.1527822450948858,0.9002894821486008,0.5940816982952718,0.1527822450948858,65.6,15.3,45.5
37099,"Jackson County, North Carolina",North Carolina,43771,18.01,55815.0,4.91,31.11,1.0,4.52,19,4.341,0.779350273399807,0.7693792216146671,0.6091990993888711,0.2164683177870698,0.5310389192666453,0.6551945963332261,0.24670311997426825,59.3,24.7,45.5
29091,"Howell County, Missouri",Missouri,40383,20.31,50993.0,4.98,17.82,0.3,1.23,17,4.21,0.8578321003538115,0.864908330652943,0.6227082663235767,0.7323898359601158,0.22997748472177548,0.194274686394339,0.26117722740431004,58.4,26.1,45.5
53061,"Snohomish County, Washington",Washington,844430,8.04,111246.0,4.47,38.24,4.3,19.3,251,2.972,0.11354133161788356,0.028626568028304922,0.511418462528144,0.1058218076551946,0.9002894821486008,0.9607590865229978,0.48021871984560954,43.7,48.0,45.4
18107,"Montgomery County, Indiana",Indiana,38312,10.53,71479.0,3.31,20.42,0.9,3.29,11,2.871,0.28465744612415567,0.34673528465744613,0.26696687037632677,0.5918301704728208,0.4985525892569958,0.5419749115471213,0.5011257639112254,42.2,50.1,45.4
34001,"Atlantic County, New Jersey",New Jersey,276270,13.18,78050.0,8.78,31.84,5.7,15.9,130,4.706,0.4966227082663236,0.21453843679639756,0.9472499195882921,0.19909938887101963,0.9347056931489225,0.9446767449340624,0.20135091669347058,62.3,20.1,45.4
38061,"Mountrail County, North Dakota",North Dakota,9507,14.52,80717.0,1.08,22.72,3.1,4.35,3,3.156,0.5870054679961403,0.17626246381473143,0.027339980701190092,0.4734641363782567,0.8504342232229013,0.6416854293985205,0.44483756834995175,45.9,44.5,45.4
46097,"Miner County, South Dakota",South Dakota,2300,11.24,76140.0,0.25,16.7,0.0,0.13,0,0.0,0.33869411386297843,0.24605982631071083,0.005789642972016726,0.7867481505307172,0.0,0.0077195239626889674,0.7857832100353811,23.1,78.6,45.3
19067,"Floyd County, Iowa",Iowa,15328,11.59,68557.0,3.27,18.32,0.1,2.41,4,2.61,0.36474750723705374,0.41235123834030235,0.2586040527500804,0.7066580894178193,0.11997426825345771,0.4310067545834674,0.5596654872949501,38.2,56.0,45.3
34031,"Passaic County, New Jersey",New Jersey,521012,12.99,87522.0,8.0,30.87,14.1,33.11,246,4.722,0.48054036667738825,0.1151495657767771,0.9266645223544548,0.22225796075908652,0.9893856545513027,0.9942103570279833,0.19974268253457703,62.1,20.0,45.3
28047,"Harrison County, Mississippi",Mississippi,210891,17.09,59479.0,7.15,27.46,1.8,4.66,116,5.5,0.7336764232872306,0.676101640398842,0.8887101962045674,0.2981666130588614,0.7140559665487295,0.6654872949501447,0.138308137664844,66.3,13.8,45.3
05001,"Arkansas County, Arkansas",Arkansas,16515,19.02,53164.0,8.14,13.56,0.6,1.34,10,6.055,0.8163396590543583,0.8230942425217112,0.9318108716629141,0.9237697008684465,0.38018655516243166,0.2203280797684143,0.10775168864586684,68.3,10.8,45.3
21199,"Pulaski County, Kentucky",Kentucky,65897,19.71,51898.0,4.94,18.11,0.8,1.91,33,5.008,0.839819877774204,0.8488259890640077,0.614667095529109,0.7214538436796397,0.46317143776133807,0.34384046317143774,0.17368928916050178,63.9,17.4,45.3
22021,"Caldwell Parish, Louisiana",Louisiana,9500,29.78,47028.0,10.06,11.19,0.7,0.82,8,8.421,0.9781280154390479,0.9218398198777742,0.9739466066259247,0.9765197812801544,0.42039240913477,0.09874557735606304,0.039884207140559666,72.8,4.0,45.3
53049,"Pacific County, Washington",Washington,23994,10.35,67081.0,5.15,24.88,0.7,5.26,8,3.334,0.2730781601801222,0.4538436796397555,0.6568028304921196,0.3827597298166613,0.42039240913477,0.7034416211000322,0.40720488903184304,48.2,40.7,45.2
20169,"Saline County, Kansas",Kansas,53668,11.86,65422.0,4.82,29.15,1.3,4.62,19,3.54,0.39240913477002254,0.5091669347056932,0.5895786426503699,0.25699581859118686,0.6156320360244452,0.6625924734641364,0.3737536185268575,50.4,37.4,45.2
16031,"Cassia County, Idaho",Idaho,25483,12.41,70830.0,2.41,21.27,6.7,10.28,10,3.924,0.43518816339659055,0.36217433258282405,0.12351238340302348,0.5445480862013509,0.9523962688967513,0.882598906400772,0.3042779028626568,55.0,30.4,45.2
42059,"Greene County, Pennsylvania",Pennsylvania,34835,13.52,68041.0,5.63,21.67,0.3,0.68,10,2.871,0.5204245738179479,0.42553875844322936,0.7413959472499196,0.5220328079768414,0.22997748472177548,0.07237053715020907,0.5011257639112254,41.9,50.1,45.2
39139,"Richland County, Ohio",Ohio,125099,13.76,59509.0,5.4,17.89,0.8,1.65,51,4.077,0.5371502090704406,0.675136699903506,0.7060147957542618,0.72885172081055,0.46317143776133807,0.29173367642328724,0.2804760373110325,56.7,28.0,45.2
22011,"Beauregard Parish, Louisiana",Louisiana,36676,14.35,65944.0,6.82,17.05,0.2,1.09,13,3.545,0.5779993567063364,0.4927629462849791,0.8697330331296237,0.7655194596333226,0.17368928916050178,0.15792859440334514,0.37182373753618525,50.6,37.2,45.2
47179,"Washington County, Tennessee",Tennessee,136261,15.54,62809.0,4.73,34.3,0.9,3.52,48,3.523,0.6490833065294307,0.5783210035381151,0.5654551302669669,0.15728530073978772,0.4985525892569958,0.5667417175940817,0.37697008684464456,50.3,37.7,45.2
39053,"Gallia County, Ohio",Ohio,29068,16.44,56830.0,3.51,20.49,0.2,1.19,9,3.096,0.6986169186233515,0.7465422965583789,0.30459954969443553,0.5860405275008042,0.17368928916050178,0.18173045995496945,0.4560952074622065,44.9,45.6,45.2
48485,"Wichita County, Texas",Texas,129996,16.49,63524.0,3.69,25.07,2.9,6.74,58,4.462,0.7011900932775812,0.5554840784818269,0.34255387584432295,0.3731103248633001,0.8378899967835317,0.777098745577356,0.23255065937600514,59.8,23.3,45.2
29097,"Jasper County, Missouri",Missouri,124357,16.97,60694.0,3.63,25.27,1.2,3.94,48,3.86,0.7266001929880991,0.6429720167256352,0.3316178835638469,0.36699903505950465,0.5895786426503699,0.6030878095850756,0.31424895464779673,54.3,31.4,45.2
18013,"Brown County, Indiana",Indiana,15606,7.78,78528.0,2.15,26.4,0.4,1.95,0,0.0,0.10228369250562883,0.2068189128337086,0.09456416854293985,0.3274364747507237,0.28208427146992604,0.35155998713412673,0.7857832100353811,22.7,78.6,45.1
31151,"Saline County, Nebraska",Nebraska,14650,8.9,79910.0,2.91,21.8,4.7,17.06,5,3.413,0.17304599549694435,0.1881633965905436,0.1891283370858797,0.5162431650048247,0.9125120617561917,0.9501447410743005,0.3953039562560309,48.8,39.5,45.1
39109,"Miami County, Ohio",Ohio,110296,9.37,76817.0,3.13,26.82,0.8,2.83,24,2.176,0.20617561917015118,0.2344805403666774,0.22901254422643938,0.31682212930202636,0.46317143776133807,0.48761659697651977,0.6439369572209713,32.3,64.4,45.1
37097,"Iredell County, North Carolina",North Carolina,196544,10.03,81419.0,4.16,34.11,1.8,7.15,57,2.9,0.24991958829205532,0.16822129302026376,0.4387262785461563,0.1617883563846896,0.7140559665487295,0.794789321325185,0.4966227082663236,42.1,49.7,45.1
42115,"Susquehanna County, Pennsylvania",Pennsylvania,38219,11.41,68487.0,5.87,19.45,0.2,1.97,12,3.14,0.35220328079768415,0.4139594724991959,0.7748472177549051,0.6429720167256352,0.17368928916050178,0.3554197491154712,0.4483756834995175,45.2,44.8,45.1
36023,"Cortland County, New York",New York,46246,12.76,70418.0,4.58,29.14,0.5,2.84,13,2.811,0.4618848504342232,0.37214538436796396,0.5374718559022194,0.2573174654229656,0.3335477645545191,0.4889031843036346,0.5146349308459311,40.9,51.5,45.1
27125,"Red Lake County, Minnesota",Minnesota,3915,7.2,77188.0,1.08,18.64,0.3,0.87,0,0.0,0.07430041814088131,0.22965583788999677,0.027339980701190092,0.687037632679318,0.22997748472177548,0.1103248633000965,0.7857832100353811,22.6,78.6,45.0
20183,"Smith County, Kansas",Kansas,3552,7.27,59135.0,0.62,25.57,0.1,0.82,0,0.0,0.07590865229977485,0.687037632679318,0.0138308137664844,0.3583145706014796,0.11997426825345771,0.09874557735606304,0.7857832100353811,22.6,78.6,45.0
29043,"Christian County, Missouri",Missouri,92915,8.17,83437.0,3.36,32.73,0.7,2.64,16,1.722,0.12126085558057254,0.15020907044065615,0.2733998070119009,0.18333869411386297,0.42039240913477,0.46284979092955936,0.7220971373431971,26.9,72.2,45.0
55117,"Sheboygan County, Wisconsin",Wisconsin,117991,8.54,73094.0,2.74,27.47,1.7,5.84,32,2.712,0.1466709552910904,0.30717272434866516,0.16982952717915728,0.2978449662270827,0.6960437439691219,0.7352846574461241,0.5374718559022194,39.2,53.7,45.0
27085,"McLeod County, Minnesota",Minnesota,36798,8.67,80084.0,3.33,20.19,1.0,3.99,10,2.718,0.15535541974911546,0.18623351559987134,0.26986169186233516,0.6034094564168543,0.5310389192666453,0.6069475715664201,0.5358636217433258,39.2,53.6,45.0
27017,"Carlton County, Minnesota",Minnesota,36518,11.89,80573.0,4.77,26.49,0.5,1.83,9,2.465,0.39498230942425216,0.1794789321325185,0.576391122547443,0.3258282405918302,0.3335477645545191,0.3264715342553876,0.5902219363139273,35.6,59.0,45.0
17135,"Montgomery County, Illinois",Illinois,27942,12.6,63620.0,4.73,18.31,0.1,0.78,8,2.863,0.4480540366677388,0.553232550659376,0.5654551302669669,0.7079446767449341,0.11997426825345771,0.08941781923448054,0.502733998070119,41.4,50.3,45.0
39159,"Union County, Ohio",Ohio,67324,4.99,112322.0,2.58,39.17,0.8,6.23,10,1.485,0.011900932775812159,0.02541009971051785,0.14441942746863942,0.09617240270183339,0.46317143776133807,0.7545834673528465,0.747507237053715,24.9,74.8,44.9
12019,"Clay County, Florida",Florida,227584,9.22,87820.0,3.78,28.26,1.7,6.99,64,2.812,0.1929880990672242,0.11321968478610486,0.36474750723705374,0.27918944998391765,0.6960437439691219,0.7883563846896108,0.5143132840141524,40.6,51.4,44.9
29135,"Moniteau County, Missouri",Missouri,15262,10.29,65715.0,2.54,15.79,1.1,2.91,5,3.276,0.26889675136699903,0.4988742360887745,0.1392730781601801,0.8343518816339659,0.5638468961080734,0.4979092955934384,0.4213573496301061,46.7,42.1,44.9
38069,"Pierce County, North Dakota",North Dakota,3928,10.8,59365.0,1.08,28.16,0.0,0.53,0,0.0,0.30492119652621424,0.6809263428755227,0.027339980701190092,0.2814409778063686,0.0,0.04985525892569958,0.7857832100353811,22.4,78.6,44.9
29111,"Lewis County, Missouri",Missouri,9924,12.69,59934.0,5.11,16.84,0.0,0.59,3,3.023,0.45513026696687037,0.665165648118366,0.651013187520103,0.7780636860726922,0.0,0.058861370215503375,0.4705693148922483,43.5,47.1,44.9
21151,"Madison County, Kentucky",Kentucky,95769,15.06,63351.0,5.06,34.43,0.4,2.44,30,3.133,0.6198134448375684,0.5603087809585076,0.6400771952396269,0.15342553875844323,0.28208427146992604,0.43518816339659055,0.44901897716307493,44.8,44.9,44.9
01043,"Cullman County, Alabama",Alabama,90566,15.31,62656.0,3.77,19.69,0.6,2.26,32,3.533,0.633322611772274,0.5825024123512383,0.36153103891926663,0.6297844966227083,0.38018655516243166,0.40270183338694115,0.3756834995175298,49.8,37.6,44.9
17121,"Marion County, Illinois",Illinois,37000,15.37,61240.0,5.87,16.76,0.7,1.49,16,4.324,0.6397555484078482,0.6236732068189128,0.7748472177549051,0.783853329044709,0.42039240913477,0.25442264393695724,0.2492762946284979,58.3,24.9,44.9
39013,"Belmont County, Ohio",Ohio,65473,15.77,57017.0,5.43,18.94,0.3,1.21,25,3.818,0.6606625924734641,0.7410743004181409,0.7118044387262785,0.6744934062399486,0.22997748472177548,0.18559022193631391,0.3213251849469283,53.4,32.1,44.9
05063,"Independence County, Arkansas",Arkansas,38175,20.39,56609.0,3.88,18.14,1.0,3.97,20,5.239,0.8594403345127051,0.7532968800257317,0.38726278546156323,0.7198456095207462,0.5310389192666453,0.6053393374075265,0.15825024123512382,64.3,15.8,44.9
48491,"Williamson County, Texas",Texas,672688,6.43,111340.0,3.88,48.43,3.3,16.21,181,2.691,0.04470890961724027,0.02798327436474751,0.38726278546156323,0.037632679318108715,0.8636217433258282,0.946284979092956,0.5419749115471213,38.5,54.2,44.8
55007,"Bayfield County, Wisconsin",Wisconsin,16575,9.77,71151.0,3.59,35.01,0.1,1.13,0,0.0,0.23126407204889032,0.3563846896108073,0.32196847861048566,0.14441942746863942,0.11997426825345771,0.16725635252492763,0.7857832100353811,22.4,78.6,44.8
18069,"Huntington County, Indiana",Indiana,36798,9.86,66301.0,3.5,21.26,0.4,1.49,9,2.446,0.2396268896751367,0.4753940173689289,0.3033129623673207,0.5451913798649083,0.28208427146992604,0.25442264393695724,0.5947249919588292,35.0,59.5,44.8
27083,"Lyon County, Minnesota",Minnesota,25503,12.17,75303.0,3.2,31.15,2.5,6.12,8,3.137,0.4155677066580894,0.2627854615632036,0.24477323898359601,0.21486008362817627,0.8018655516243165,0.7491154712126086,0.4486973303312962,44.8,44.9,44.8
55113,"Sawyer County, Wisconsin",Wisconsin,18476,15.61,60801.0,5.97,27.43,0.1,1.55,6,3.247,0.6526214216789965,0.6384689610807334,0.7931810871662914,0.2991315535541975,0.11997426825345771,0.26889675136699903,0.42714699260212285,46.2,42.7,44.8
55079,"Milwaukee County, Wisconsin",Wisconsin,926331,17.22,64435.0,4.8,34.69,3.4,9.87,453,4.89,0.7410743004181409,0.5323255065937601,0.5847539401736893,0.14924412994532005,0.869411386297845,0.871662914120296,0.18269540045030555,62.5,18.3,44.8
39095,"Lucas County, Ohio",Ohio,428018,17.72,62224.0,6.3,29.37,0.9,3.95,190,4.439,0.7645545191379864,0.5956899324541653,0.8237375361852686,0.2528144097780637,0.4985525892569958,0.603731103248633,0.2344805403666774,59.0,23.4,44.8
39079,"Jackson County, Ohio",Ohio,32650,18.46,57106.0,3.8,15.9,0.4,0.78,12,3.675,0.7996140238018655,0.7378578321003538,0.36989385654551304,0.8304921196526214,0.28208427146992604,0.08941781923448054,0.34384046317143774,51.8,34.4,44.8
05037,"Cross County, Arkansas",Arkansas,16543,19.72,50863.0,10.71,18.35,0.0,4.52,10,6.045,0.84078481826954,0.8665165648118366,0.9787713091026053,0.7044065615953683,0.0,0.6551945963332261,0.10839498230942425,67.4,10.8,44.8
13059,"Clarke County, Georgia",Georgia,129609,26.05,53625.0,5.25,47.4,3.0,9.94,91,7.021,0.9601157928594404,0.8124798970730138,0.6735284657446124,0.04181408813123191,0.8446445802508845,0.8745577356063042,0.0688324220006433,70.1,6.9,44.8
51031,"Campbell County, Virginia",Virginia,55312,10.81,66165.0,3.71,26.1,1.2,3.42,17,3.073,0.3052428433579929,0.48279189449983917,0.34705693148922484,0.33869411386297843,0.5895786426503699,0.5548407848182696,0.46220649726600194,43.6,46.2,44.7
28045,"Hancock County, Mississippi",Mississippi,46167,13.81,67708.0,5.02,26.76,0.3,2.47,14,3.032,0.5406883242200065,0.433579929237697,0.6310710839498231,0.3184303634609199,0.22997748472177548,0.4409778063686073,0.46767449340623996,43.2,46.8,44.7
51197,"Wythe County, Virginia",Virginia,28188,15.19,57745.0,4.0,19.43,1.2,1.39,11,3.902,0.6272113219684786,0.7266001929880991,0.4100997105178514,0.6439369572209713,0.5895786426503699,0.23158571888066903,0.30942425217111613,53.8,30.9,44.7
22077,"Pointe Coupee Parish, Louisiana",Louisiana,20217,16.47,65961.0,6.98,18.42,0.5,1.12,8,3.957,0.6999035059504664,0.4911547121260856,0.87809585075587,0.6995818591186876,0.3335477645545191,0.16436153103891926,0.3004181408813123,54.4,30.0,44.7
51580,"Covington city, Virginia",Virginia,5680,25.68,41944.0,2.75,9.48,0.9,4.1,4,7.042,0.9575426182052107,0.9639755548407848,0.17143776133805083,0.9909938887101962,0.4985525892569958,0.6214216789964618,0.06754583467352847,70.1,6.8,44.7
20063,"Gove County, Kansas",Kansas,2799,5.06,66029.0,2.61,24.17,0.0,1.46,0,0.0,0.0138308137664844,0.4889031843036346,0.14827918944998392,0.4136378256674172,0.0,0.2483113541331618,0.7857832100353811,21.9,78.6,44.6
50013,"Grand Isle County, Vermont",Vermont,7450,7.94,97396.0,3.06,44.04,0.4,3.88,0,0.0,0.10871662914120296,0.06207783853329045,0.21228690897394661,0.05821807655194596,0.28208427146992604,0.5976198134448376,0.7857832100353811,22.0,78.6,44.6
41009,"Columbia County, Oregon",Oregon,53493,8.87,87458.0,4.11,19.85,0.5,3.47,14,2.617,0.17111611450627212,0.11579285944033452,0.4287552267610164,0.6217433258282405,0.3335477645545191,0.5599871341267288,0.5580572531360566,37.2,55.8,44.6
39057,"Greene County, Ohio",Ohio,169688,9.84,87309.0,4.3,41.67,0.4,4.72,36,2.122,0.23673206818912834,0.11675779993567063,0.4663879060791251,0.0736571244773239,0.28208427146992604,0.6687037632679318,0.6532647153425539,30.7,65.3,44.6
51063,"Floyd County, Virginia",Virginia,15593,9.84,62191.0,3.56,24.37,0.2,2.63,4,2.565,0.23673206818912834,0.5972981666130589,0.3136056609842393,0.40463171437761336,0.17368928916050178,0.46220649726600194,0.5686715985847539,36.5,56.9,44.6
37125,"Moore County, North Carolina",North Carolina,104876,10.07,86080.0,4.84,41.0,1.7,5.07,30,2.861,0.25184946928272756,0.1286587327114828,0.5947249919588292,0.07880347378578322,0.6960437439691219,0.6921839819877774,0.5040205853972338,40.7,50.4,44.6
42123,"Warren County, Pennsylvania",Pennsylvania,37920,10.81,60480.0,4.4,19.92,0.3,1.15,11,2.901,0.3052428433579929,0.6503698938565455,0.4959794146027662,0.6178835638468961,0.22997748472177548,0.17208105500160822,0.4959794146027662,41.2,49.6,44.6
27119,"Polk County, Minnesota",Minnesota,30705,11.88,73107.0,3.59,27.99,1.0,2.09,8,2.605,0.39401736892891603,0.30685107751688645,0.32196847861048566,0.28433579929237696,0.5310389192666453,0.3756834995175298,0.5606304277902863,36.9,56.1,44.6
51011,"Appomattox County, Virginia",Virginia,16610,13.99,62853.0,5.12,19.2,0.4,1.72,6,3.612,0.5558057253136056,0.5767127693792217,0.6529430685107752,0.6577677709874558,0.28208427146992604,0.30749437118044387,0.3579929237697009,50.5,35.8,44.6
27169,"Winona County, Minnesota",Minnesota,49779,14.8,70744.0,2.29,32.72,0.4,2.99,12,2.411,0.6063042779028627,0.3641042135734963,0.10871662914120296,0.1839819877774204,0.28208427146992604,0.5059504663879061,0.6027661627532969,34.2,60.3,44.6
13123,"Gilmer County, Georgia",Georgia,32426,15.97,74499.0,2.73,24.86,0.7,5.18,10,3.084,0.6706336442586041,0.2779028626568028,0.16693470569314892,0.38436796397555484,0.42039240913477,0.6995818591186876,0.45899002894821483,43.7,45.9,44.6
04005,"Coconino County, Arizona",Arizona,144508,16.77,72966.0,5.65,40.34,2.5,4.96,59,4.083,0.7175940816982953,0.3110324863300096,0.745255709231264,0.08427146992602123,0.8018655516243165,0.6863943390157607,0.27918944998391765,55.8,27.9,44.6
47017,"Carroll County, Tennessee",Tennessee,28641,16.96,51787.0,4.52,18.1,0.1,1.46,11,3.841,0.7262785461563204,0.8513991637182374,0.5239626889675136,0.7220971373431971,0.11997426825345771,0.2483113541331618,0.3174654229655838,53.2,31.7,44.6
46069,"Hyde County, South Dakota",South Dakota,1191,5.65,73472.0,3.72,20.28,0.0,0.42,0,0.0,0.027018333869411385,0.3026696687037633,0.34898681247989705,0.5979414602766163,0.0,0.03441621100032165,0.7857832100353811,21.9,78.6,44.5
39043,"Erie County, Ohio",Ohio,74581,12.97,71993.0,5.33,29.03,0.8,2.14,23,3.084,0.4792537793502734,0.33386941138629783,0.69154068832422,0.25989064007719526,0.46317143776133807,0.3834030234802187,0.45899002894821483,43.5,45.9,44.5
54049,"Marion County, West Virginia",West Virginia,55909,13.56,67370.0,4.78,27.2,0.2,0.85,14,2.504,0.5233193953039562,0.44451592151817304,0.5786426503698938,0.3055644901897716,0.17368928916050178,0.10517851399163718,0.5799292376970087,35.5,58.0,44.5
18175,"Washington County, Indiana",Indiana,28212,14.45,64641.0,3.18,14.46,0.6,0.68,9,3.19,0.5841106465101319,0.5271791572853007,0.2405918301704728,0.8951431328401416,0.38018655516243166,0.07237053715020907,0.43743969121904147,45.0,43.7,44.5
36065,"Oneida County, New York",New York,229124,15.47,70154.0,4.65,27.85,2.8,8.63,103,4.495,0.6452235445480862,0.377613380508202,0.5496944355098102,0.28916050176905755,0.8308137664844001,0.8411064651013187,0.22901254422643938,58.9,22.9,44.5
01125,"Tuscaloosa County, Alabama",Alabama,237552,16.84,66231.0,5.83,32.1,1.2,4.65,101,4.252,0.7214538436796397,0.4782888388549373,0.7690575747828884,0.19523962688967514,0.5895786426503699,0.6648440012865873,0.2573174654229656,57.0,25.7,44.5
28087,"Lowndes County, Mississippi",Mississippi,57838,17.26,53812.0,6.33,28.1,0.2,2.39,23,3.977,0.7430041814088131,0.8095850755870054,0.8279189449983918,0.28176262463814733,0.17368928916050178,0.42746863943390156,0.29752331939530396,54.4,29.8,44.5
35027,"Lincoln County, New Mexico",New Mexico,20224,19.26,53303.0,5.07,32.17,2.5,3.84,11,5.439,0.8269540045030557,0.8195561273721453,0.6436153103891926,0.1933097458990029,0.8018655516243165,0.5940816982952718,0.14216789964618848,64.7,14.2,44.5
51121,"Montgomery County, Virginia",Virginia,99101,23.95,72715.0,2.93,48.84,1.0,9.54,34,3.431,0.9350273399807012,0.3184303634609199,0.1929880990672242,0.0369893856545513,0.5310389192666453,0.8642650369893856,0.3917658411064651,48.0,39.2,44.5
13021,"Bibb County, Georgia",Georgia,156578,24.73,51234.0,8.13,26.29,1.2,3.8,122,7.792,0.9472499195882921,0.861691862335156,0.9311675779993567,0.33000964940495336,0.5895786426503699,0.5921518173045995,0.04985525892569958,70.9,5.0,44.5
26045,"Eaton County, Michigan",Michigan,109130,8.33,79597.0,4.53,30.83,0.8,4.17,28,2.566,0.13155355419749115,0.1929880990672242,0.526857510453522,0.22354454808620136,0.46317143776133807,0.6281762624638147,0.5680283049211965,36.1,56.8,44.4
55135,"Waupaca County, Wisconsin",Wisconsin,51569,10.4,72830.0,2.78,20.51,0.4,1.28,11,2.133,0.2775812158250241,0.3136056609842393,0.1743325828240592,0.5847539401736893,0.28208427146992604,0.20488903184303633,0.6513348343518817,30.6,65.1,44.4
37175,"Transylvania County, North Carolina",North Carolina,33691,13.21,66184.0,2.78,39.96,0.6,4.26,9,2.671,0.4991958829205532,0.4811836603409456,0.1743325828240592,0.08813123190736571,0.38018655516243166,0.635574139594725,0.5464779671920231,37.6,54.6,44.4
13245,"Richmond County, Georgia",Georgia,206069,20.03,55637.0,8.53,24.55,1.1,3.79,137,6.648,0.8497909295593439,0.7725956899324542,0.9421035702798327,0.3965905435831457,0.5638468961080734,0.5908652299774847,0.08041170794467674,68.6,8.0,44.4
13189,"McDuffie County, Georgia",Georgia,21718,20.32,56733.0,1.95,17.77,0.0,1.63,7,3.223,0.8581537471855902,0.7500804117079447,0.0784818269540045,0.7346413637825667,0.0,0.28723062077838535,0.4329366355741396,45.1,43.3,44.4
47071,"Hardin County, Tennessee",Tennessee,27249,21.53,49956.0,4.72,15.09,0.0,0.81,11,4.037,0.8899967835316822,0.8829205532325507,0.5615953682856224,0.8681247989707301,0.0,0.09585075587005468,0.2862656802830492,55.0,28.6,44.4
27059,"Isanti County, Minnesota",Minnesota,42596,7.45,87440.0,4.11,20.71,0.2,2.42,9,2.113,0.0833065294306851,0.11611450627211321,0.4287552267610164,0.5744612415567707,0.17368928916050178,0.43165004824702474,0.6558378899967835,30.1,65.6,44.3
21103,"Henry County, Kentucky",Kentucky,15856,16.42,63347.0,4.96,15.52,0.0,2.28,6,3.784,0.6973303312962368,0.5606304277902863,0.619170151174011,0.8465744612415568,0.0,0.4062399485365069,0.3258282405918302,52.2,32.6,44.3
24001,"Allegany County, Maryland",Maryland,67452,16.85,59603.0,4.99,21.09,0.3,2.06,26,3.855,0.7220971373431971,0.672885172081055,0.6243165004824702,0.5541974911547122,0.22997748472177548,0.36989385654551304,0.31521389514313286,52.9,31.5,44.3
33017,"Strafford County, New Hampshire",New Hampshire,132575,8.66,88570.0,3.54,39.28,1.2,4.38,30,2.263,0.15471212608555807,0.10775168864586684,0.31006754583467355,0.09488581537471856,0.5895786426503699,0.6445802508845287,0.6291412029591509,31.7,62.9,44.2
40131,"Rogers County, Oklahoma",Oklahoma,98610,8.85,80067.0,4.74,26.68,0.6,2.88,25,2.535,0.170151174010936,0.18687680926342876,0.5693148922483113,0.31971695078803475,0.38018655516243166,0.4930845931167578,0.5747828883885494,35.3,57.5,44.2
29099,"Jefferson County, Missouri",Missouri,229458,9.03,82851.0,3.2,24.71,0.4,2.29,44,1.918,0.1804438726278546,0.1563203602444516,0.24477323898359601,0.38983596011579286,0.28208427146992604,0.4084914763589579,0.689289160501769,27.7,68.9,44.2
39025,"Clermont County, Ohio",Ohio,211181,9.12,85510.0,4.16,31.57,0.5,2.33,42,1.989,0.18591186876809263,0.13091026053393373,0.4387262785461563,0.20360244451592152,0.3335477645545191,0.4152460598263107,0.6773882277259569,28.5,67.7,44.2
26111,"Midland County, Michigan",Michigan,83757,10.74,77705.0,4.37,36.55,0.5,3.2,20,2.388,0.3000964940495336,0.21904149244129945,0.48665165648118364,0.1241556770665809,0.3335477645545191,0.5300739787713091,0.6066259247346414,33.2,60.7,44.2
28127,"Simpson County, Mississippi",Mississippi,25691,20.04,56381.0,4.35,16.74,0.6,1.08,11,4.282,0.8501125763911226,0.7594081698295272,0.478610485686716,0.7854615632036025,0.38018655516243166,0.15567706658089417,0.2537793502733998,56.8,25.4,44.2
20163,"Rooks County, Kansas",Kansas,4813,5.53,62500.0,2.0,23.21,0.0,0.91,0,0.0,0.023801865551624318,0.5870054679961403,0.0829848825989064,0.45320038597619816,0.0,0.11868768092634288,0.7857832100353811,21.1,78.6,44.1
13177,"Lee County, Georgia",Georgia,33626,5.67,89168.0,3.26,34.11,0.3,4.33,5,1.487,0.027339980701190092,0.10324863300096494,0.25667417175940815,0.1617883563846896,0.22997748472177548,0.6403988420714056,0.7468639433901576,23.7,74.7,44.1
21215,"Spencer County, Kentucky",Kentucky,20193,9.84,102618.0,4.96,23.59,0.0,0.71,3,1.486,0.23673206818912834,0.04792537793502734,0.619170151174011,0.435831457060148,0.0,0.0781601801222258,0.7471855902219363,23.6,74.7,44.1
45015,"Berkeley County, South Carolina",South Carolina,246802,9.92,84358.0,3.19,30.97,1.8,6.73,69,2.796,0.24252171116114507,0.14088131231907366,0.24252171116114507,0.22000643293663558,0.7140559665487295,0.7764554519137986,0.5184946928272757,38.9,51.8,44.1
19005,"Allamakee County, Iowa",Iowa,14092,10.1,70694.0,2.46,22.16,3.9,7.22,5,3.548,0.2534577034416211,0.3653908009006111,0.12962367320681892,0.4982309424252171,0.8867803152138951,0.7960759086522998,0.37053715020907046,48.8,37.1,44.1
31013,"Box Butte County, Nebraska",Nebraska,10714,10.79,68892.0,1.6,18.58,1.0,1.99,3,2.8,0.3039562560308781,0.40495336120939207,0.05242843357992924,0.6899324541653264,0.5310389192666453,0.35960115792859443,0.5178513991637183,39.0,51.8,44.1
16009,"Benewah County, Idaho",Idaho,10142,12.89,59794.0,3.7,19.71,0.4,0.73,3,2.958,0.4734641363782567,0.6683821164361531,0.34448375683499516,0.6281762624638147,0.28208427146992604,0.08137664844001287,0.4837568349951753,41.3,48.4,44.1
42033,"Clearfield County, Pennsylvania",Pennsylvania,78635,14.61,62152.0,5.91,20.24,0.1,1.96,29,3.688,0.5937600514634931,0.5995496944355098,0.7832100353811515,0.5998713412672885,0.11997426825345771,0.35284657446124157,0.3412672885172081,50.8,34.1,44.1
21173,"Montgomery County, Kentucky",Kentucky,28395,15.41,56396.0,4.0,20.93,0.5,1.22,10,3.522,0.6416854293985205,0.7587648761659698,0.4100997105178514,0.5619170151174011,0.3335477645545191,0.18977163074943712,0.377613380508202,48.3,37.8,44.1
48355,"Nueces County, Texas",Texas,352955,17.4,66897.0,5.16,23.81,4.2,8.41,222,6.29,0.7526535863621744,0.45931167577999354,0.6600192988099067,0.4287552267610164,0.8970730138308137,0.8314570601479575,0.09552910903827597,67.2,9.6,44.1
51131,"Northampton County, Virginia",Virginia,12059,17.73,61632.0,3.34,31.97,0.1,7.37,4,3.317,0.7651978128015439,0.6120939208748793,0.27114827918945,0.19652621421678995,0.11997426825345771,0.7992923769700868,0.41202959150852364,46.1,41.2,44.1
32017,"Lincoln County, Nevada",Nevada,4405,5.04,72307.0,1.88,20.36,0.0,1.45,0,0.0,0.013187520102926986,0.3267931810871663,0.0733354776455452,0.5944033451270505,0.0,0.24605982631071083,0.7857832100353811,20.9,78.6,44.0
02090,"Fairbanks North Star Borough, Alaska",Alaska,95460,6.13,88267.0,5.31,33.07,1.8,5.6,28,2.933,0.035381151495657764,0.10968156963653908,0.6873592795110968,0.17787069797362495,0.7140559665487295,0.7204889031843036,0.4892248311354133,40.7,48.9,44.0
46061,"Hanson County, South Dakota",South Dakota,3472,7.03,81071.0,1.8,22.53,0.4,1.21,0,0.0,0.06561595368285622,0.17240270183338693,0.06690254100997105,0.48247024766806046,0.28208427146992604,0.18559022193631391,0.7857832100353811,20.9,78.6,44.0
39045,"Fairfield County, Ohio",Ohio,163453,8.01,90966.0,3.84,32.28,1.3,4.3,40,2.447,0.11193309745899004,0.09038275972981666,0.3782566741717594,0.19105821807655193,0.6156320360244452,0.6384689610807334,0.5944033451270505,33.8,59.4,44.0
49003,"Box Elder County, Utah",Utah,61246,8.41,84550.0,3.25,26.7,1.3,3.48,15,2.449,0.138308137664844,0.1389514313284014,0.25506593760051466,0.31907365712447733,0.6156320360244452,0.560952074622065,0.5940816982952718,33.8,59.4,44.0
55093,"Pierce County, Wisconsin",Wisconsin,42584,9.77,92109.0,3.25,33.48,0.2,2.24,5,1.174,0.23126407204889032,0.08491476358957864,0.25506593760051466,0.17111611450627212,0.17368928916050178,0.39755548407848185,0.7719523962688968,21.9,77.2,44.0
48467,"Van Zandt County, Texas",Texas,62649,11.1,69475.0,3.47,19.75,1.3,4.11,22,3.512,0.3258282405918302,0.39273078160180125,0.29688002573174654,0.6262463814731425,0.6156320360244452,0.6220649726600193,0.37954326149887424,48.0,38.0,44.0
29065,"Dent County, Missouri",Missouri,14539,12.22,56312.0,4.44,16.47,0.0,1.94,5,3.439,0.4187841749758765,0.7610164039884207,0.5040205853972338,0.8005789642972017,0.0,0.3499517529752332,0.3904792537793503,47.2,39.0,44.0
51169,"Scott County, Virginia",Virginia,21479,20.2,46349.0,2.83,15.62,0.2,0.69,8,3.725,0.8546156320360244,0.9289160501769057,0.17980057896429721,0.8436796397555484,0.17368928916050178,0.07558700546799614,0.3364425860405275,50.9,33.6,44.0
31093,"Howard County, Nebraska",Nebraska,6534,4.82,76767.0,3.75,26.03,0.0,1.68,0,0.0,0.01061434544869733,0.2354454808620135,0.3583145706014796,0.3415889353489868,0.0,0.2988099067224188,0.7857832100353811,20.7,78.6,43.9
55015,"Calumet County, Wisconsin",Wisconsin,52942,5.88,88810.0,2.12,32.96,0.4,3.96,6,1.133,0.03087809585075587,0.10614345448697331,0.09166934705693149,0.1791572853007398,0.28208427146992604,0.6043743969121904,0.7745255709231265,21.6,77.5,43.9
51065,"Fluvanna County, Virginia",Virginia,28092,7.68,96768.0,4.2,37.28,0.2,2.68,4,1.424,0.0964940495336121,0.0646510131875201,0.4483756834995175,0.11579285944033452,0.17368928916050178,0.4689610807333548,0.7545834673528465,22.8,75.5,43.9
38045,"LaMoure County, North Dakota",North Dakota,4118,8.7,80664.0,2.45,25.34,0.4,0.97,0,0.0,0.15825024123512382,0.17754905114184624,0.1286587327114828,0.3631392730781602,0.28208427146992604,0.1338050820199421,0.7857832100353811,20.7,78.6,43.9
37059,"Davie County, North Carolina",North Carolina,44122,9.39,75057.0,4.73,27.28,0.7,4.86,13,2.946,0.207462206497266,0.26664522354454806,0.5654551302669669,0.3036346091990994,0.42039240913477,0.6789964618848504,0.4863300096494049,40.7,48.6,43.9
37141,"Pender County, North Carolina",North Carolina,65550,9.73,80396.0,4.82,30.61,0.7,4.23,18,2.746,0.2293341910582181,0.18237375361852687,0.5895786426503699,0.2267610164039884,0.42039240913477,0.6326793181087166,0.5284657446124156,38.0,52.8,43.9
48223,"Hopkins County, Texas",Texas,37784,11.88,70888.0,4.01,21.88,2.6,9.43,16,4.235,0.39401736892891603,0.36153103891926663,0.41267288517208106,0.5123834030234802,0.8118366034094564,0.8597619813444838,0.2589256995818591,55.9,25.9,43.9
20155,"Reno County, Kansas",Kansas,61553,12.52,60645.0,3.89,20.4,0.5,2.25,21,3.412,0.4419427468639434,0.64425860405275,0.390800900611129,0.5924734641363782,0.3335477645545191,0.39980701190093276,0.3956256030878096,46.7,39.6,43.9
41025,"Harney County, Oregon",Oregon,7499,13.72,55208.0,3.72,18.27,0.7,2.32,3,4.001,0.5332904470890961,0.7844966227082664,0.34898681247989705,0.7114827918944998,0.42039240913477,0.41202959150852364,0.29398520424573815,53.5,29.4,43.9
24017,"Charles County, Maryland",Maryland,170527,6.87,122816.0,4.85,33.47,1.0,8.51,46,2.698,0.0598263107108395,0.015117401093599228,0.5966548729495015,0.1717594081698295,0.5310389192666453,0.835316822129302,0.5413316178835639,36.8,54.1,43.8
18133,"Putnam County, Indiana",Indiana,37280,8.69,78378.0,3.09,20.22,0.2,2.38,8,2.146,0.1563203602444516,0.20939208748793825,0.21839819877774205,0.6005146349308459,0.17368928916050178,0.42682534577034414,0.6481183660340946,29.8,64.8,43.8
20143,"Ottawa County, Kansas",Kansas,5819,10.41,74018.0,2.87,27.73,0.1,0.67,0,0.0,0.2782245094885815,0.2904470890961724,0.1839819877774204,0.29269861691862337,0.11997426825345771,0.07076230299131553,0.7857832100353811,20.6,78.6,43.8
40083,"Logan County, Oklahoma",Oklahoma,51938,11.64,83899.0,3.6,31.4,0.7,3.79,13,2.503,0.36989385654551304,0.14474107430041813,0.32486330009649406,0.2077838533290447,0.42039240913477,0.5908652299774847,0.5802508845287874,34.3,58.0,43.8
04019,"Pima County, Arizona",Arizona,1060490,14.32,70315.0,5.5,36.79,3.3,11.78,499,4.705,0.5760694757156642,0.37536185268575106,0.7262785461563204,0.12126085558057254,0.8636217433258282,0.9057574782888389,0.2016725635252493,59.5,20.2,43.8
13031,"Bulloch County, Georgia",Georgia,82683,23.01,58810.0,8.24,32.47,0.9,4.0,46,5.563,0.9224831135413316,0.6973303312962368,0.9353489868124799,0.18687680926342876,0.4985525892569958,0.6082341588935349,0.1331617883563847,64.1,13.3,43.8
31059,"Fillmore County, Nebraska",Nebraska,5541,8.83,76295.0,0.4,22.88,0.2,1.14,0,0.0,0.16822129302026376,0.24284335799292378,0.008041170794467674,0.4660662592473464,0.17368928916050178,0.16950788034737857,0.7857832100353811,20.5,78.6,43.7
55071,"Manitowoc County, Wisconsin",Wisconsin,81406,9.55,69148.0,2.6,22.64,0.8,2.94,22,2.703,0.21614667095529108,0.4010935992280476,0.1473142489546478,0.47732389835960115,0.46317143776133807,0.5014474107430041,0.5403666773882277,36.8,54.0,43.7
55017,"Chippewa County, Wisconsin",Wisconsin,66799,10.23,74680.0,3.06,24.23,0.3,1.43,13,1.946,0.26407204889031843,0.27468639433901576,0.21228690897394661,0.4110646510131875,0.22997748472177548,0.24091347700225152,0.6841428111933098,27.2,68.4,43.7
16071,"Oneida County, Idaho",Idaho,4768,10.81,74954.0,1.45,26.65,0.1,1.11,0,0.0,0.3052428433579929,0.26921839819877774,0.045030556449018974,0.3213251849469283,0.11997426825345771,0.1617883563846896,0.7857832100353811,20.4,78.6,43.7
39173,"Wood County, Ohio",Ohio,132064,12.23,74216.0,4.49,36.53,1.1,3.76,40,3.029,0.4194274686394339,0.28465744612415567,0.5155998713412673,0.125120617561917,0.5638468961080734,0.5876487616596977,0.4683177870697974,41.6,46.8,43.7
26041,"Delta County, Michigan",Michigan,36813,12.66,57809.0,4.23,20.63,0.1,0.96,11,2.988,0.45320038597619816,0.7230620778385333,0.4538436796397555,0.5789642972016725,0.11997426825345771,0.13123190736571244,0.47764554519137986,41.0,47.8,43.7
36011,"Cayuga County, New York",New York,75102,13.51,67904.0,3.8,24.62,1.1,2.59,25,3.329,0.5191379864908331,0.42972016725635254,0.36989385654551304,0.39466066259247345,0.5638468961080734,0.45738179478932134,0.4084914763589579,45.6,40.8,43.7
17099,"LaSalle County, Illinois",Illinois,108714,13.91,73045.0,5.35,20.49,1.4,3.88,47,4.323,0.5474429076873593,0.3091026053393374,0.6963653908009007,0.5860405275008042,0.637825667417176,0.5976198134448376,0.2495979414602766,56.2,25.0,43.7
40153,"Woodward County, Oklahoma",Oklahoma,20158,14.02,61417.0,6.18,20.75,4.1,5.05,15,7.441,0.5577356063042779,0.6172402701833387,0.8131231907365712,0.5722097137343197,0.8941781923448054,0.6902541009971052,0.05660984239305243,69.1,5.7,43.7
20161,"Riley County, Kansas",Kansas,71946,19.87,61098.0,3.79,48.91,1.4,6.69,30,4.17,0.8456095207462206,0.630106143454487,0.3686072692183982,0.03473785783210035,0.637825667417176,0.7745255709231265,0.26954004503055645,54.9,27.0,43.7
51015,"Augusta County, Virginia",Virginia,78033,6.64,82049.0,2.42,25.08,0.2,2.36,10,1.282,0.05049855258925699,0.1614667095529109,0.1247989707301383,0.3727886780315214,0.17368928916050178,0.4239305242843358,0.762946284979093,21.8,76.3,43.6
19019,"Buchanan County, Iowa",Iowa,20694,8.6,78236.0,2.84,22.36,0.1,1.26,3,1.45,0.1521389514313284,0.21100032164683177,0.1804438726278546,0.49051141846252816,0.11997426825345771,0.19974268253457703,0.7507237053715021,22.6,75.1,43.6
05125,"Saline County, Arkansas",Arkansas,127479,8.82,79046.0,3.9,29.35,1.6,4.17,36,2.824,0.1662914120295915,0.19877774203924092,0.39273078160180125,0.2531360566098424,0.6767449340623994,0.6281762624638147,0.5117401093599228,38.6,51.2,43.6
38023,"Divide County, North Dakota",North Dakota,2167,9.25,91852.0,2.31,26.73,0.0,3.0,0,0.0,0.19620456738501127,0.08587970408491476,0.11225474429076873,0.3187520102926986,0.0,0.5065937600514635,0.7857832100353811,20.3,78.6,43.6
28033,"DeSoto County, Mississippi",Mississippi,191301,9.71,85297.0,3.23,28.96,1.1,4.02,48,2.509,0.22708266323576712,0.132840141524606,0.24991958829205532,0.2608555805725314,0.5638468961080734,0.6114506272113219,0.57960759086523,34.1,58.0,43.6
27021,"Cass County, Minnesota",Minnesota,30992,12.81,68874.0,6.56,25.96,0.5,1.43,10,3.227,0.4634930845931168,0.4055966548729495,0.8491476358957865,0.34416211000321645,0.3335477645545191,0.24091347700225152,0.43165004824702474,43.9,43.2,43.6
36019,"Clinton County, New York",New York,78493,13.69,71224.0,4.06,27.55,0.5,4.79,25,3.185,0.5310389192666453,0.3550981022836925,0.41974911547121263,0.2959150852364104,0.3335477645545191,0.672885172081055,0.4380829848825989,43.5,43.8,43.6
26105,"Mason County, Michigan",Michigan,29207,14.13,64748.0,4.54,26.64,0.4,1.66,9,3.081,0.5651334834351882,0.5252492762946285,0.5284657446124156,0.32164683177870695,0.28208427146992604,0.29430685107751686,0.4602766162753297,41.9,46.0,43.6
37067,"Forsyth County, North Carolina",North Carolina,389977,14.52,67165.0,5.05,38.48,2.7,9.7,177,4.539,0.5870054679961403,0.4506272113219685,0.6391122547442908,0.10389192666452235,0.8230942425217112,0.8665165648118366,0.22322290125442265,57.8,22.3,43.6
39119,"Muskingum County, Ohio",Ohio,86411,15.08,60780.0,4.27,20.58,0.2,0.73,27,3.125,0.6201350916693471,0.6394339015760695,0.4602766162753297,0.5821807655194596,0.17368928916050178,0.08137664844001287,0.45030556449018977,42.6,45.0,43.6
39099,"Mahoning County, Ohio",Ohio,226491,18.9,56942.0,6.38,26.97,1.1,2.4,116,5.122,0.8121582502412351,0.7426825345770344,0.8321003538115149,0.3132840141524606,0.5638468961080734,0.4290768735927951,0.1662914120295915,61.6,16.6,43.6
27075,"Lake County, Minnesota",Minnesota,10879,8.56,75541.0,2.63,26.78,0.1,1.3,0,0.0,0.14924412994532005,0.2586040527500804,0.15310389192666451,0.31714377613380507,0.11997426825345771,0.20939208748793825,0.7857832100353811,20.1,78.6,43.5
27049,"Goodhue County, Minnesota",Minnesota,47943,9.28,84171.0,3.57,27.94,0.8,2.56,11,2.294,0.19942103570279832,0.1428111933097459,0.31682212930202636,0.28658732711482793,0.46317143776133807,0.45223544548086203,0.622386619491798,31.0,62.2,43.5
36039,"Greene County, New York",New York,47409,9.88,77945.0,3.94,29.94,1.3,5.18,14,2.953,0.24123512383403023,0.21614667095529108,0.4010935992280476,0.2396268896751367,0.6156320360244452,0.6995818591186876,0.48472177549051143,40.2,48.5,43.5
39149,"Shelby County, Ohio",Ohio,47929,11.6,73978.0,4.07,21.37,0.6,1.25,13,2.712,0.3660340945641685,0.2930202637504021,0.4213573496301061,0.5394017368928916,0.38018655516243166,0.1981344483756835,0.5374718559022194,36.6,53.7,43.5
23027,"Waldo County, Maine",Maine,40192,12.0,72782.0,3.73,34.37,0.2,2.34,9,2.239,0.40270183338694115,0.31457060147957544,0.3538115149565777,0.15567706658089417,0.17368928916050178,0.41781923448054037,0.6336442586040527,30.3,63.4,43.5
27135,"Roseau County, Minnesota",Minnesota,15302,12.16,74474.0,3.74,21.45,1.0,3.33,5,3.268,0.4139594724991959,0.27951109681569636,0.3560630427790286,0.5336120939208748,0.5310389192666453,0.5458346735284657,0.4232872306207784,44.3,42.3,43.5
19111,"Lee County, Iowa",Iowa,32893,13.09,62382.0,4.45,21.69,0.4,1.93,11,3.344,0.4882598906400772,0.5908652299774847,0.50498552589257,0.5204245738179479,0.28208427146992604,0.3483435188163397,0.40495336120939207,45.6,40.5,43.5
21059,"Daviess County, Kentucky",Kentucky,103648,14.72,68214.0,4.45,26.24,1.4,3.86,40,3.859,0.601479575426182,0.41974911547121263,0.50498552589257,0.3319395303956256,0.637825667417176,0.5963332261177228,0.31457060147957544,51.5,31.5,43.5
19117,"Lucas County, Iowa",Iowa,8716,14.95,61793.0,5.16,15.79,1.9,4.06,6,6.884,0.6143454486973303,0.6088774525570924,0.6600192988099067,0.8343518816339659,0.7301383081376649,0.6162753296880026,0.07172724348665166,67.7,7.2,43.5
18097,"Marion County, Indiana",Indiana,975809,15.35,66346.0,5.03,34.76,4.4,12.59,510,5.226,0.6375040205853972,0.47249919588292055,0.6336442586040527,0.1476358957864265,0.9035059504663879,0.9160501769057575,0.15921518173045995,61.8,15.9,43.5
24510,"Baltimore city, Maryland",Maryland,573243,19.75,62177.0,6.54,36.14,2.5,9.31,403,7.03,0.8414281119330974,0.598263107108395,0.848504342232229,0.13187520102926986,0.8018655516243165,0.8578321003538115,0.06851077516886458,68.0,6.9,43.5
36095,"Schoharie County, New York",New York,30049,11.73,70133.0,4.99,26.19,0.8,3.1,10,3.328,0.37922161466709553,0.3785783210035381,0.6243165004824702,0.3351559987134127,0.46317143776133807,0.5188163396590544,0.40945641685429396,45.0,40.9,43.4
48029,"Bexar County, Texas",Texas,2067341,14.62,72341.0,5.78,31.84,6.4,13.85,1116,5.398,0.5940816982952718,0.3261498874236089,0.7619813444837569,0.19909938887101963,0.9472499195882921,0.9305242843357993,0.14474107430041813,62.7,14.5,43.4
17165,"Saline County, Illinois",Illinois,23213,18.94,53117.0,7.73,19.61,0.6,0.91,12,5.17,0.8131231907365712,0.8240591830170473,0.9189449983917658,0.6349308459311676,0.38018655516243166,0.11868768092634288,0.16339659054358316,61.5,16.3,43.4
27103,"Nicollet County, Minnesota",Minnesota,34411,8.01,79756.0,2.17,36.06,0.8,4.58,7,2.034,0.11193309745899004,0.19073657124477325,0.09617240270183339,0.1341267288517208,0.46317143776133807,0.6590543583145706,0.6680604696043744,27.6,66.8,43.3
42055,"Franklin County, Pennsylvania",Pennsylvania,157379,8.48,77003.0,3.99,24.73,1.5,3.73,47,2.986,0.1428111933097459,0.23190736571244774,0.4084914763589579,0.38919266645223544,0.6587327114827919,0.5857188806690254,0.47796719202315857,40.3,47.8,43.3
47149,"Rutherford County, Tennessee",Tennessee,360646,9.27,85470.0,3.58,35.76,3.6,10.9,114,3.161,0.19877774203924092,0.13155355419749115,0.31939530395625604,0.13702155033772917,0.8784174975876488,0.893534898681248,0.4438726278546156,42.6,44.4,43.3
22005,"Ascension Parish, Louisiana",Louisiana,130314,10.34,91549.0,4.42,29.09,2.0,4.91,41,3.146,0.2721132196847861,0.087809585075587,0.5001608234158893,0.2586040527500804,0.7468639433901576,0.6831778706979736,0.4464458025088453,42.5,44.6,43.3
48403,"Sabine County, Texas",Texas,10023,11.02,66585.0,4.73,14.32,0.1,0.56,3,2.993,0.31650048247024765,0.4641363782566742,0.5654551302669669,0.899002894821486,0.11997426825345771,0.05339337407526536,0.47668060469604373,40.3,47.7,43.3
24023,"Garrett County, Maryland",Maryland,28615,11.25,67688.0,4.35,25.91,0.1,1.39,7,2.446,0.33933740752653585,0.43454486973303313,0.478610485686716,0.3464136378256674,0.11997426825345771,0.23158571888066903,0.5947249919588292,32.5,59.5,43.3
53071,"Walla Walla County, Washington",Washington,62161,12.06,74202.0,6.23,29.77,3.6,9.52,29,4.665,0.40688324220006433,0.2853007397877131,0.8173045995496945,0.24316500482470246,0.8784174975876488,0.8629784496622708,0.20939208748793825,58.2,20.9,43.3
42127,"Wayne County, Pennsylvania",Pennsylvania,51262,12.12,62381.0,6.01,23.42,1.3,4.3,24,4.682,0.4113862978449662,0.5915085236410421,0.7999356706336442,0.4419427468639434,0.6156320360244452,0.6384689610807334,0.207462206497266,58.3,20.7,43.3
37081,"Guilford County, North Carolina",North Carolina,547940,14.58,68642.0,4.57,39.03,2.9,11.83,241,4.398,0.5918301704728208,0.40977806368607267,0.534577034416211,0.09778063686072692,0.8378899967835317,0.9070440656159536,0.23769700868446444,56.3,23.8,43.3
05139,"Union County, Arkansas",Arkansas,37900,19.55,55259.0,5.48,19.08,0.1,3.0,19,5.013,0.8359601157928594,0.7822450948858154,0.7227404310067546,0.6654872949501447,0.11997426825345771,0.5065937600514635,0.17304599549694435,60.6,17.3,43.3
21115,"Johnson County, Kentucky",Kentucky,22334,22.79,44904.0,4.23,16.75,0.6,1.51,12,5.373,0.9173367642328724,0.9437118044387263,0.4538436796397555,0.7844966227082664,0.38018655516243166,0.2582824059183017,0.1473142489546478,62.3,14.7,43.3
36035,"Fulton County, New York",New York,52487,13.13,66533.0,3.46,20.91,0.3,2.34,16,3.048,0.49179800578964294,0.4660662592473464,0.2946284979092956,0.5635252492762947,0.22997748472177548,0.41781923448054037,0.4651013187520103,41.1,46.5,43.2
19101,"Jefferson County, Iowa",Iowa,15705,15.19,61620.0,7.95,43.24,2.5,14.1,10,6.367,0.6272113219684786,0.6124155677066581,0.9250562881955613,0.061112898037954326,0.8018655516243165,0.9330974589900289,0.09006111289803795,66.0,9.0,43.2
39081,"Jefferson County, Ohio",Ohio,64518,16.45,59055.0,5.0,20.31,0.4,1.17,25,3.875,0.6989385654551302,0.6889675136699903,0.6262463814731425,0.5966548729495015,0.28208427146992604,0.1749758764876166,0.3129623673206819,51.1,31.3,43.2
17055,"Franklin County, Illinois",Illinois,37323,17.51,56740.0,7.66,15.76,0.4,1.21,20,5.359,0.7565133483435188,0.7494371180443873,0.9154068832422001,0.8362817626246382,0.28208427146992604,0.18559022193631391,0.14892248311354134,62.1,14.9,43.2
17073,"Henry County, Illinois",Illinois,48643,8.91,71911.0,4.83,24.74,0.5,1.72,13,2.673,0.17401093599228049,0.3364425860405275,0.5918301704728208,0.3888710196204567,0.3335477645545191,0.30749437118044387,0.545513026696687,35.5,54.6,43.1
51550,"Chesapeake city, Virginia",Virginia,252583,9.42,95373.0,4.91,36.89,1.4,5.83,75,2.969,0.20907044065615954,0.06979736249597941,0.6091990993888711,0.11933097458990029,0.637825667417176,0.7339980701190093,0.48182695400450304,39.7,48.2,43.1
25015,"Hampshire County, Massachusetts",Massachusetts,162028,11.31,87001.0,5.0,51.6,1.9,8.44,54,3.333,0.343518816339659,0.11900932775812158,0.6262463814731425,0.025088452878739145,0.7301383081376649,0.8333869411386298,0.40752653586362175,44.6,40.8,43.1
20005,"Atchison County, Kansas",Kansas,16208,12.98,61112.0,4.59,21.83,0.7,2.09,6,3.702,0.47989707301383083,0.6294628497909296,0.5394017368928916,0.5139916371823737,0.42039240913477,0.3756834995175298,0.33869411386297843,49.3,33.9,43.1
26065,"Ingham County, Michigan",Michigan,283913,16.69,65526.0,6.24,41.2,2.4,9.36,157,5.53,0.7130910260533934,0.5056288195561274,0.8176262463814732,0.07719523962688968,0.7918944998391766,0.8581537471855902,0.13734319716950788,62.7,13.7,43.1
28085,"Lincoln County, Mississippi",Mississippi,34877,21.16,51119.0,3.18,19.28,0.3,0.8,13,3.727,0.8819556127372146,0.8629784496622708,0.2405918301704728,0.6529430685107752,0.22997748472177548,0.09392087487938244,0.3361209392087488,49.4,33.6,43.1
30073,"Pondera County, Montana",Montana,6035,21.94,52338.0,5.83,20.11,0.2,1.76,3,4.971,0.9015760694757157,0.84078481826954,0.7690575747828884,0.6069475715664201,0.17368928916050178,0.31457060147957544,0.17594081698295272,60.1,17.6,43.1
13155,"Irwin County, Georgia",Georgia,9285,22.42,51384.0,4.03,15.21,0.0,1.52,4,4.308,0.9105821807655194,0.8594403345127051,0.41685429398520424,0.8620135091669348,0.0,0.26182052106786746,0.2508845287873914,55.2,25.1,43.1
08093,"Park County, Colorado",Colorado,17907,4.96,103670.0,3.32,41.62,0.3,3.22,0,0.0,0.011579285944033452,0.04277902862656803,0.26889675136699903,0.0739787713091026,0.22997748472177548,0.5326471534255388,0.7857832100353811,19.3,78.6,43.0
16015,"Boise County, Idaho",Idaho,8273,7.72,78774.0,3.4,31.17,0.0,1.97,0,0.0,0.09906722418784175,0.2029591508523641,0.2814409778063686,0.21421678996461885,0.0,0.3554197491154712,0.7857832100353811,19.2,78.6,43.0
30075,"Powder River County, Montana",Montana,1815,8.12,67045.0,0.71,26.13,0.0,1.38,0,0.0,0.11804438726278546,0.4554519137986491,0.016725635252492762,0.33772917336764235,0.0,0.22997748472177548,0.7857832100353811,19.3,78.6,43.0
31071,"Garfield County, Nebraska",Nebraska,1718,8.82,62804.0,2.73,29.67,0.0,0.0,0,0.0,0.1662914120295915,0.5786426503698938,0.16693470569314892,0.24573817947893214,0.0,0.0,0.7857832100353811,19.3,78.6,43.0
13015,"Bartow County, Georgia",Georgia,113113,10.32,82243.0,4.73,24.26,2.4,4.9,41,3.625,0.2701833386941139,0.15953682856223866,0.5654551302669669,0.4091347700225153,0.7918944998391766,0.6828562238661949,0.3554197491154712,48.0,35.5,43.0
09140,"Naugatuck Valley Planning Region, Connecticut",Connecticut,454969,11.21,86191.0,5.98,33.82,5.1,14.21,195,4.286,0.33708587970408493,0.12737214538436797,0.7951109681569637,0.1659697651978128,0.923126407204889,0.9350273399807012,0.2534577034416211,54.7,25.3,43.0
56037,"Sweetwater County, Wyoming",Wyoming,41542,12.86,75034.0,5.59,20.9,1.6,5.25,19,4.574,0.4683177870697974,0.2672885172081055,0.7375361852685751,0.5644901897716308,0.6767449340623994,0.702476680604696,0.22000643293663558,56.9,22.0,43.0
24045,"Wicomico County, Maryland",Maryland,104914,13.94,76210.0,5.89,29.48,3.3,9.45,51,4.861,0.5503377291733677,0.24477323898359601,0.779350273399807,0.25120617561917014,0.8636217433258282,0.8613702155033773,0.18655516243165005,59.2,18.7,43.0
47163,"Sullivan County, Tennessee",Tennessee,160624,15.43,58807.0,5.43,26.84,0.6,1.87,63,3.922,0.6423287230620779,0.6976519781280155,0.7118044387262785,0.31650048247024765,0.38018655516243166,0.33386941138629783,0.3052428433579929,51.4,30.5,43.0
21021,"Boyle County, Kentucky",Kentucky,30941,15.64,61159.0,5.8,26.21,0.7,2.49,13,4.202,0.65422965583789,0.6268896751366999,0.7648761659697652,0.33386941138629783,0.42039240913477,0.44515921518173046,0.263428755226761,54.1,26.3,43.0
54059,"Mingo County, West Virginia",West Virginia,22542,32.36,38119.0,11.51,9.53,0.1,0.2,17,7.541,0.9874557735606304,0.9835960115792859,0.984560952074622,0.9906722418784175,0.11997426825345771,0.012222579607590866,0.054679961402380184,68.0,5.5,43.0
30055,"McCone County, Montana",Montana,1670,5.04,69375.0,2.13,23.33,0.0,1.26,0,0.0,0.013187520102926986,0.3959472499195883,0.0919909938887102,0.4458025088452879,0.0,0.19974268253457703,0.7857832100353811,19.1,78.6,42.9
39021,"Champaign County, Ohio",Ohio,38804,7.98,75556.0,4.78,18.97,0.3,1.17,10,2.577,0.11000321646831779,0.257960759086523,0.5786426503698938,0.6722418784174976,0.22997748472177548,0.1749758764876166,0.5667417175940817,33.7,56.7,42.9
47009,"Blount County, Tennessee",Tennessee,139333,8.37,77365.0,3.54,28.63,1.1,3.17,36,2.584,0.13509166934705694,0.22483113541331617,0.31006754583467355,0.26921839819877774,0.5638468961080734,0.5265358636217433,0.5644901897716308,33.8,56.4,42.9
49041,"Sevier County, Utah",Utah,22085,9.68,74884.0,4.37,22.76,0.6,1.77,6,2.717,0.22322290125442265,0.2714699260212287,0.48665165648118364,0.4705693148922483,0.38018655516243166,0.3158571888066903,0.5361852685751045,35.8,53.6,42.9
47119,"Maury County, Tennessee",Tennessee,107791,9.85,76130.0,2.39,28.0,0.5,3.85,25,2.319,0.23834030234802187,0.24670311997426825,0.11933097458990029,0.28401415246059825,0.3335477645545191,0.5950466387906079,0.6182052106786748,30.3,61.8,42.9
21113,"Jessamine County, Kentucky",Kentucky,54588,11.27,74576.0,3.13,33.53,2.0,5.57,17,3.114,0.340302348021872,0.2759729816661306,0.22901254422643938,0.170151174010936,0.7468639433901576,0.7175940816982953,0.45320038597619816,41.3,45.3,42.9
13311,"White County, Georgia",Georgia,28810,12.4,70666.0,3.78,23.98,0.8,2.47,9,3.124,0.4342232229012544,0.3657124477323898,0.36474750723705374,0.42167899646188484,0.46317143776133807,0.4409778063686073,0.4509488581537472,41.5,45.1,42.9
47055,"Giles County, Tennessee",Tennessee,30620,12.79,62307.0,4.4,20.06,0.6,1.67,11,3.592,0.46252814409778065,0.5931167577999357,0.4959794146027662,0.6101640398842071,0.38018655516243166,0.2962367320681891,0.36217433258282405,47.3,36.2,42.9
20037,"Crawford County, Kansas",Kansas,39008,20.61,52844.0,4.07,32.16,0.7,3.76,17,4.358,0.8661949179800579,0.8301704728208427,0.4213573496301061,0.1939530395625603,0.42039240913477,0.5876487616596977,0.24316500482470246,55.3,24.3,42.9
51840,"Winchester city, Virginia",Virginia,27913,21.49,63974.0,6.42,31.31,4.0,12.09,51,18.271,0.8877452557092312,0.5432614988742361,0.837568349951753,0.20907044065615954,0.8896751366999035,0.909938887101962,0.0032164683177870698,71.3,0.3,42.9
21193,"Perry County, Kentucky",Kentucky,27499,26.84,42181.0,5.78,14.75,0.1,0.93,16,5.818,0.9646188485043422,0.9614023801865552,0.7619813444837569,0.882598906400772,0.11997426825345771,0.1254422643936957,0.11868768092634288,63.6,11.9,42.9
18063,"Hendricks County, Indiana",Indiana,183344,5.33,101144.0,2.56,39.49,1.1,7.31,39,2.127,0.020907044065615953,0.051463493084593116,0.14184625281440977,0.0919909938887102,0.5638468961080734,0.7983274364747507,0.6522997748472178,27.8,65.2,42.8
27039,"Dodge County, Minnesota",Minnesota,21045,7.04,95739.0,3.29,30.2,0.6,2.89,4,1.901,0.06658089417819235,0.06722418784174976,0.2624638147314249,0.23383724670311998,0.38018655516243166,0.4943711804438726,0.693792216146671,25.1,69.4,42.8
47043,"Dickson County, Tennessee",Tennessee,55983,10.86,75003.0,3.37,22.03,0.6,2.04,15,2.679,0.3091026053393374,0.2682534577034416,0.2753296880025732,0.5053071727243487,0.38018655516243166,0.3657124477323898,0.5435831457060148,35.1,54.4,42.8
42117,"Tioga County, Pennsylvania",Pennsylvania,40945,11.72,64899.0,4.55,22.27,0.2,1.36,12,2.931,0.3782566741717594,0.5220328079768414,0.5307172724348665,0.4943711804438726,0.17368928916050178,0.22450948858153746,0.48986812479897074,38.7,49.0,42.8
13095,"Dougherty County, Georgia",Georgia,83091,25.03,49044.0,10.2,22.75,0.8,2.29,77,9.267,0.9514313284014152,0.8996461884850434,0.9755548407848182,0.4712126085558057,0.46317143776133807,0.4084914763589579,0.0276616275329688,69.5,2.8,42.8
48077,"Clay County, Texas",Texas,10495,8.39,80114.0,1.95,22.36,0.0,1.39,0,0.0,0.13605660984239304,0.18559022193631391,0.0784818269540045,0.49051141846252816,0.0,0.23158571888066903,0.7857832100353811,18.7,78.6,42.7
46045,"Edmunds County, South Dakota",South Dakota,4048,9.93,81630.0,1.1,28.25,0.0,2.32,0,0.0,0.2444515921518173,0.1653264715342554,0.029269861691862336,0.27951109681569636,0.0,0.41202959150852364,0.7857832100353811,18.8,78.6,42.7
48285,"Lavaca County, Texas",Texas,20552,11.45,63240.0,3.05,22.23,1.9,4.8,8,3.893,0.3557413959472499,0.5635252492762947,0.21067867481505306,0.49501447410743005,0.7301383081376649,0.6738501125763912,0.3107108394982309,50.5,31.1,42.7
21017,"Bourbon County, Kentucky",Kentucky,20240,14.24,61354.0,4.18,26.26,0.9,3.93,8,3.953,0.5706014795754262,0.6194917980057897,0.44483756834995175,0.3306529430685108,0.4985525892569958,0.6018012222579607,0.300739787713091,51.1,30.1,42.7
40097,"Mayes County, Oklahoma",Oklahoma,39604,16.17,60305.0,6.27,18.04,0.5,1.11,18,4.545,0.6828562238661949,0.6545513026696687,0.8205210678674815,0.723383724670312,0.3335477645545191,0.1617883563846896,0.22290125442264394,56.3,22.3,42.7
21229,"Washington County, Kentucky",Kentucky,12140,12.75,61616.0,3.38,19.59,0.9,0.83,4,3.295,0.45995496944355097,0.6130588613702155,0.2782245094885815,0.6365390800900611,0.4985525892569958,0.1013187520102927,0.4184625281440978,43.1,41.8,42.6
18089,"Lake County, Indiana",Indiana,500379,14.29,71493.0,6.08,25.8,2.1,7.29,263,5.256,0.5751045352203281,0.3464136378256674,0.8044387262785462,0.35155998713412673,0.7574782888388549,0.798005789642972,0.15760694757156643,60.6,15.8,42.6
17149,"Pike County, Illinois",Illinois,14469,14.85,59777.0,3.94,18.49,0.3,0.86,5,3.456,0.6098423930524285,0.6687037632679318,0.4010935992280476,0.6957220971373432,0.22997748472177548,0.10678674815053071,0.3869411386297845,45.2,38.7,42.6
28003,"Alcorn County, Mississippi",Mississippi,34289,15.79,51260.0,4.62,18.56,0.2,2.89,16,4.666,0.661949179800579,0.8607269218398199,0.5467996140238018,0.6908973946606626,0.17368928916050178,0.4943711804438726,0.20907044065615954,57.1,20.9,42.6
41041,"Lincoln County, Oregon",Oregon,50964,15.89,63165.0,8.0,28.64,0.9,5.7,27,5.298,0.6661305886137021,0.5648118366034095,0.9266645223544548,0.26889675136699903,0.4985525892569958,0.7259568993245417,0.15342553875844323,60.9,15.3,42.6
21019,"Boyd County, Kentucky",Kentucky,47911,16.95,61118.0,6.4,20.03,0.4,1.31,21,4.383,0.7259568993245417,0.6291412029591509,0.8349951752975233,0.6124155677066581,0.28208427146992604,0.21325184946928272,0.23994853650691542,55.0,24.0,42.6
30005,"Blaine County, Montana",Montana,6949,18.29,64813.0,13.62,23.9,0.3,1.65,3,4.317,0.7906079125120618,0.5242843357992923,0.9932454165326472,0.42489546477967194,0.22997748472177548,0.29173367642328724,0.250241235123834,54.2,25.0,42.6
21171,"Monroe County, Kentucky",Kentucky,11269,22.1,51280.0,4.03,16.02,0.0,1.75,5,4.437,0.9051141846252815,0.8600836281762625,0.41685429398520424,0.824380829848826,0.0,0.31199742682534576,0.2348021871984561,55.3,23.5,42.6
20059,"Franklin County, Kansas",Kansas,26106,8.67,77207.0,2.98,24.57,0.7,2.03,6,2.298,0.15535541974911546,0.22901254422643938,0.20102926986169187,0.396268896751367,0.42039240913477,0.36474750723705374,0.6214216789964618,29.4,62.1,42.5
42093,"Montour County, Pennsylvania",Pennsylvania,18103,8.84,76976.0,2.92,38.68,0.4,5.6,4,2.21,0.16982952717915728,0.23255065937600514,0.19105821807655193,0.10067545834673529,0.28208427146992604,0.7204889031843036,0.637825667417176,28.3,63.8,42.5
42007,"Beaver County, Pennsylvania",Pennsylvania,166324,9.9,71089.0,5.26,28.71,0.6,1.85,48,2.886,0.24220006432936636,0.3579929237697009,0.6754583467352847,0.2663235767127694,0.38018655516243166,0.32936635574139594,0.4985525892569958,37.5,49.9,42.5
55141,"Wood County, Wisconsin",Wisconsin,74004,10.77,67989.0,4.0,21.43,0.8,2.25,24,3.243,0.3026696687037633,0.42714699260212285,0.4100997105178514,0.5352203280797684,0.46317143776133807,0.39980701190093276,0.4277902862656803,42.3,42.8,42.5
36071,"Orange County, New York",New York,406616,12.64,97178.0,5.47,32.55,5.1,13.68,177,4.353,0.4509488581537472,0.06304277902862657,0.7204889031843036,0.18591186876809263,0.923126407204889,0.927629462849791,0.24380829848825988,54.5,24.4,42.5
05053,"Grant County, Arkansas",Arkansas,18242,13.09,71549.0,4.54,21.52,0.1,0.91,5,2.741,0.4882598906400772,0.34448375683499516,0.5284657446124156,0.5294306851077517,0.11997426825345771,0.11868768092634288,0.5300739787713091,35.5,53.0,42.5
13191,"McIntosh County, Georgia",Georgia,11312,22.99,50273.0,3.17,20.04,0.0,0.81,4,3.536,0.9221614667095529,0.8784174975876488,0.23834030234802187,0.6114506272113219,0.0,0.09585075587005468,0.37504020585397235,45.8,37.5,42.5
21195,"Pike County, Kentucky",Kentucky,56727,24.38,44312.0,5.18,17.79,0.3,0.86,30,5.288,0.9427468639433901,0.9491798005789643,0.6635574139594725,0.7339980701190093,0.22997748472177548,0.10678674815053071,0.15471212608555807,60.4,15.5,42.5
19021,"Buena Vista County, Iowa",Iowa,20753,7.79,71719.0,5.55,22.23,14.5,21.28,11,5.3,0.10260533933740752,0.340302348021872,0.732068189128337,0.49501447410743005,0.9903505950466388,0.9671920231585719,0.1527822450948858,60.5,15.3,42.4
08047,"Gilpin County, Colorado",Colorado,5901,11.18,95361.0,3.1,52.82,0.0,2.51,0,0.0,0.33386941138629783,0.07011900932775812,0.2209713734319717,0.022515278224509487,0.0,0.4470890961724027,0.7857832100353811,18.2,78.6,42.4
19091,"Humboldt County, Iowa",Iowa,9591,12.87,71946.0,5.04,19.35,3.2,4.39,5,5.213,0.4705693148922483,0.3351559987134127,0.6358957864265037,0.6494049533612094,0.8587970408491477,0.6455451913798649,0.16018012222579608,59.9,16.0,42.4
22075,"Plaquemines Parish, Louisiana",Louisiana,22803,12.88,86315.0,4.22,21.51,1.8,5.94,9,3.947,0.47185590221936313,0.12576391122547442,0.4515921518173046,0.5300739787713091,0.7140559665487295,0.7401093599228048,0.30170472820842714,50.6,30.2,42.4
32003,"Clark County, Nevada",Nevada,2329548,13.04,76472.0,7.59,27.81,6.3,21.86,1450,6.224,0.484078481826954,0.23994853650691542,0.912190414924413,0.2910903827597298,0.9459633322611772,0.9684786104856867,0.10067545834673529,64.0,10.1,42.4
46109,"Roberts County, South Dakota",South Dakota,10221,15.72,65130.0,5.99,18.56,0.2,1.15,4,3.914,0.657446124155677,0.5155998713412673,0.7970408491476358,0.6908973946606626,0.17368928916050178,0.17208105500160822,0.30717272434866516,50.1,30.7,42.4
08003,"Alamosa County, Colorado",Colorado,16581,17.22,55397.0,3.66,32.44,2.0,5.05,8,4.825,0.7410743004181409,0.7777420392409135,0.33708587970408493,0.18752010292698618,0.7468639433901576,0.6902541009971052,0.19105821807655193,58.0,19.1,42.4
39107,"Mercer County, Ohio",Ohio,42484,7.29,76782.0,1.6,21.94,0.1,1.74,7,1.648,0.07623029913155356,0.2351238340302348,0.05242843357992924,0.5094885815374719,0.11997426825345771,0.30974589900289484,0.7311032486330009,21.7,73.1,42.3
27057,"Hubbard County, Minnesota",Minnesota,21831,10.77,71995.0,4.36,30.65,0.1,1.55,5,2.29,0.3026696687037633,0.3335477645545191,0.4831135413316179,0.2254744290768736,0.11997426825345771,0.26889675136699903,0.6233515599871341,28.9,62.3,42.3
25005,"Bristol County, Massachusetts",Massachusetts,582270,11.32,85625.0,5.46,30.8,5.7,13.63,256,4.397,0.34480540366677387,0.13026696687037634,0.717915728530074,0.22418784174975875,0.9347056931489225,0.9269861691862336,0.23801865551624315,54.6,23.8,42.3
48201,"Harris County, Texas",Texas,4838303,16.25,74983.0,6.73,34.24,11.1,26.84,3363,6.951,0.6873592795110968,0.26889675136699903,0.8623351559987135,0.15889353489868124,0.9819877774203924,0.9855258925699582,0.07011900932775812,65.7,7.0,42.3
22051,"Jefferson Parish, Louisiana",Louisiana,430920,16.59,65252.0,6.16,30.52,5.1,14.57,403,9.352,0.7095529109038275,0.5133483435188163,0.8115149565776777,0.22804760373110325,0.923126407204889,0.938565455130267,0.02637504020585397,68.7,2.6,42.3
05031,"Craighead County, Arkansas",Arkansas,113249,20.12,59548.0,5.57,29.69,1.8,3.74,69,6.093,0.8526857510453522,0.6738501125763912,0.7339980701190093,0.2441299453200386,0.7140559665487295,0.5860405275008042,0.10550016082341589,63.4,10.6,42.3
20149,"Pottawatomie County, Kansas",Kansas,26204,6.66,92325.0,2.14,38.19,0.5,2.3,0,0.0,0.05210678674815053,0.08362817626246381,0.09327758121582502,0.10678674815053071,0.3335477645545191,0.4100997105178514,0.7857832100353811,18.0,78.6,42.2
06017,"El Dorado County, California",California,192662,7.99,108845.0,4.49,40.02,1.2,9.21,55,2.855,0.11128980379543262,0.03409456416854294,0.5155998713412673,0.0874879382438083,0.5895786426503699,0.8552589256995818,0.5056288195561274,36.6,50.6,42.2
19099,"Jasper County, Iowa",Iowa,37954,8.3,71311.0,5.68,20.02,1.7,2.77,15,3.952,0.12962367320681892,0.3505950466387906,0.7481505307172724,0.6130588613702155,0.6960437439691219,0.4808620135091669,0.3010614345448697,50.3,30.1,42.2
06087,"Santa Cruz County, California",California,264926,11.62,111093.0,6.12,43.94,4.7,18.01,110,4.152,0.3686072692183982,0.02894821486008363,0.808941781923448,0.058861370215503375,0.9125120617561917,0.954969443550981,0.2714699260212287,52.2,27.1,42.2
26153,"Schoolcraft County, Michigan",Michigan,8128,14.06,56782.0,6.2,21.09,1.6,1.03,4,4.921,0.5615953682856224,0.747507237053715,0.8144097780636861,0.5541974911547122,0.6767449340623994,0.14634930845931168,0.1804438726278546,58.3,18.0,42.2
01123,"Tallapoosa County, Alabama",Alabama,40938,16.32,59356.0,4.94,20.33,0.5,1.95,18,4.397,0.6928272756513348,0.6815696365390801,0.614667095529109,0.5953682856223866,0.3335477645545191,0.35155998713412673,0.23801865551624315,54.5,23.8,42.2
51770,"Roanoke city, Virginia",Virginia,98355,18.33,55378.0,5.61,30.03,2.2,8.02,107,10.879,0.7935027339980701,0.7783853329044709,0.7401093599228048,0.23834030234802187,0.7709874557735606,0.8214860083628176,0.0183338694113863,69.0,1.8,42.2
41071,"Yamhill County, Oregon",Oregon,108734,10.25,90063.0,4.8,29.59,2.6,8.42,40,3.679,0.265680283049212,0.09456416854293985,0.5847539401736893,0.2479897073013831,0.8118366034094564,0.8327436474750723,0.3431971695078804,47.3,34.3,42.1
48399,"Runnels County, Texas",Texas,9874,10.98,62632.0,4.9,19.13,2.2,3.78,5,5.064,0.3136056609842393,0.5841106465101319,0.6075908652299775,0.6625924734641364,0.7709874557735606,0.5899002894821486,0.16950788034737857,58.8,17.0,42.1
37113,"Macon County, North Carolina",North Carolina,37941,11.6,59061.0,2.8,27.91,1.2,5.89,14,3.69,0.3660340945641685,0.6886458668382116,0.17722740431006753,0.28787391444194277,0.5895786426503699,0.7378578321003538,0.3409456416854294,47.5,34.1,42.1
06089,"Shasta County, California",California,181436,13.29,72636.0,6.32,23.77,1.3,5.04,85,4.685,0.5053071727243487,0.32036024445159217,0.8263107108394983,0.43036346091990996,0.6156320360244452,0.6899324541653264,0.20649726600192989,56.5,20.6,42.1
37019,"Brunswick County, North Carolina",North Carolina,152568,9.23,77024.0,4.65,34.67,1.1,3.59,45,2.95,0.194274686394339,0.23158571888066903,0.5496944355098102,0.15020907044065615,0.5638468961080734,0.5738179478932133,0.48536506915406885,37.7,48.5,42.0
31167,"Stanton County, Nebraska",Nebraska,5796,9.37,80687.0,0.74,24.05,0.0,1.41,0,0.0,0.20617561917015118,0.17722740431006753,0.017368928916050175,0.4184625281440978,0.0,0.23801865551624315,0.7857832100353811,17.6,78.6,42.0
17195,"Whiteside County, Illinois",Illinois,54947,11.98,67500.0,4.35,20.45,0.6,3.0,20,3.64,0.4010935992280476,0.439047925377935,0.478610485686716,0.5892569958185911,0.38018655516243166,0.5065937600514635,0.351238340302348,46.6,35.1,42.0
19065,"Fayette County, Iowa",Iowa,19288,11.99,60165.0,3.2,20.69,1.0,2.11,7,3.629,0.40205853972338373,0.657446124155677,0.24477323898359601,0.5754261820521068,0.5310389192666453,0.3788999678353168,0.353489868124799,46.5,35.3,42.0
54057,"Mineral County, West Virginia",West Virginia,26854,14.04,69375.0,6.56,23.74,0.0,0.51,8,2.979,0.5583788999678353,0.3959472499195883,0.8491476358957865,0.43132840141524603,0.0,0.04663879060791251,0.4795754261820521,38.0,48.0,42.0
36009,"Cattaraugus County, New York",New York,76145,19.1,59540.0,4.98,21.13,0.2,1.74,32,4.203,0.8195561273721453,0.6741717594081699,0.6227082663235767,0.5516243165004825,0.17368928916050178,0.30974589900289484,0.2631071083949823,52.5,26.3,42.0
21153,"Magoffin County, Kentucky",Kentucky,11348,38.16,33080.0,9.02,12.82,0.0,0.48,8,7.05,0.9964618848504342,0.9951752975233193,0.9507880347378578,0.9424252171116114,0.0,0.04277902862656803,0.06722418784174976,65.5,6.7,42.0
29003,"Andrew County, Missouri",Missouri,18065,6.19,75625.0,3.57,28.85,0.0,1.14,0,0.0,0.037954326149887425,0.25603087809585073,0.31682212930202636,0.2621421678996462,0.0,0.16950788034737857,0.7857832100353811,17.4,78.6,41.9
15009,"Maui County, Hawaii",Hawaii,164522,9.17,97161.0,5.49,30.97,2.9,17.08,65,3.951,0.18977163074943712,0.06336442586040528,0.7243486651656481,0.22000643293663558,0.8378899967835317,0.9504663879060792,0.30138308137664843,49.8,30.1,41.9
25027,"Worcester County, Massachusetts",Massachusetts,867788,10.33,95939.0,5.27,39.66,5.3,14.55,342,3.941,0.27114827918945,0.06658089417819235,0.6780315213895143,0.09134770022515278,0.9279511096815697,0.9382438082984883,0.302991315535542,49.6,30.3,41.9
36085,"Richmond County, New York",New York,494956,11.49,98333.0,5.57,35.7,7.8,25.75,217,4.384,0.35767127693792217,0.05757478288838855,0.7339980701190093,0.1379864908330653,0.9607590865229978,0.9832743647475073,0.2396268896751367,53.9,24.0,41.9
18145,"Shelby County, Indiana",Indiana,45265,13.04,72190.0,3.56,21.92,1.6,3.37,17,3.756,0.484078481826954,0.32936635574139594,0.3136056609842393,0.5110968156963653,0.6767449340623994,0.5503377291733677,0.3309745899002895,47.8,33.1,41.9
51710,"Norfolk city, Virginia",Virginia,233596,16.5,66109.0,5.7,33.47,2.0,7.92,131,5.608,0.7027983274364747,0.48536506915406885,0.7513669990350595,0.1717594081698295,0.7468639433901576,0.8163396590543583,0.1293020263750402,61.2,12.9,41.9
05027,"Columbia County, Arkansas",Arkansas,22349,21.13,55334.0,3.21,21.93,1.1,1.62,10,4.474,0.8813123190736571,0.7803152138951431,0.2479897073013831,0.510453522032808,0.5638468961080734,0.28465744612415567,0.23126407204889032,54.5,23.1,41.9
19193,"Woodbury County, Iowa",Iowa,106247,13.95,73658.0,4.11,24.3,5.5,10.57,54,5.082,0.5513026696687038,0.29945320038597617,0.4287552267610164,0.40720488903184304,0.9321325184946928,0.8887101962045674,0.16886458668382118,58.5,16.9,41.8
48037,"Bowie County, Texas",Texas,92115,16.21,59803.0,4.43,23.62,1.1,4.52,47,5.102,0.6841428111933098,0.6680604696043744,0.5011257639112254,0.43518816339659055,0.5638468961080734,0.6551945963332261,0.16789964618848505,58.5,16.8,41.8
01039,"Covington County, Alabama",Alabama,37628,19.19,52456.0,5.17,17.17,0.1,1.22,18,4.784,0.8240591830170473,0.8385332904470891,0.6622708266323577,0.7600514634930846,0.11997426825345771,0.18977163074943712,0.19523962688967514,56.6,19.5,41.8
21205,"Rowan County, Kentucky",Kentucky,24578,24.22,54321.0,4.14,25.93,0.1,1.09,9,3.662,0.938565455130267,0.8005789642972017,0.4342232229012544,0.3451270504985526,0.11997426825345771,0.15792859440334514,0.34705693148922484,46.6,34.7,41.8
27025,"Chisago County, Minnesota",Minnesota,57991,5.95,99400.0,4.09,24.36,0.4,2.46,13,2.242,0.03248633000964941,0.05660984239305243,0.42521711161145065,0.4052750080411708,0.28208427146992604,0.43936957220971373,0.6330009649404953,27.4,63.3,41.7
42047,"Elk County, Pennsylvania",Pennsylvania,30506,8.69,66380.0,5.65,20.59,0.1,1.07,9,2.95,0.1563203602444516,0.470890961724027,0.745255709231264,0.5815374718559022,0.11997426825345771,0.15310389192666451,0.48536506915406885,37.1,48.5,41.7
50017,"Orange County, Vermont",Vermont,29761,9.31,82232.0,2.31,38.39,0.2,2.1,4,1.344,0.2016725635252493,0.15985847539401737,0.11225474429076873,0.10485686715985848,0.17368928916050178,0.37729173367642327,0.760694757156642,18.8,76.1,41.7
39063,"Hancock County, Ohio",Ohio,74866,9.94,73141.0,3.14,30.27,0.7,3.35,20,2.671,0.24509488581537472,0.30652943068510774,0.23222901254422643,0.23255065937600514,0.42039240913477,0.5480862013509167,0.5464779671920231,33.1,54.6,41.7
29055,"Crawford County, Missouri",Missouri,22797,14.05,57629.0,4.87,14.12,0.3,1.21,10,4.387,0.5603087809585076,0.7298166613058862,0.6008362817626246,0.9035059504663879,0.22997748472177548,0.18559022193631391,0.23898359601157929,53.5,23.9,41.7
05045,"Faulkner County, Arkansas",Arkansas,127717,14.51,67289.0,3.39,34.96,0.8,3.63,42,3.289,0.5863621743325829,0.4464458025088453,0.27951109681569636,0.14506272113219684,0.46317143776133807,0.576391122547443,0.4187841749758765,41.6,41.9,41.7
13043,"Candler County, Georgia",Georgia,11043,16.25,49581.0,2.46,16.02,2.3,5.8,10,9.056,0.6873592795110968,0.8890318430363461,0.12962367320681892,0.824380829848826,0.7828883885493728,0.7333547764554519,0.03152138951431328,67.4,3.2,41.7
28035,"Forrest County, Mississippi",Mississippi,78272,20.97,53640.0,6.69,30.57,0.9,3.02,49,6.26,0.8761659697651978,0.8118366034094564,0.8581537471855902,0.22708266323576712,0.4985525892569958,0.5094885815374719,0.09681569636539081,63.0,9.7,41.7
21235,"Whitley County, Kentucky",Kentucky,36920,26.34,44615.0,5.35,20.92,0.2,0.77,18,4.875,0.9623673206818912,0.9472499195882921,0.6963653908009007,0.5628819556127372,0.17368928916050178,0.08845287873914442,0.1846252814409778,57.2,18.5,41.7
26019,"Benzie County, Michigan",Michigan,18310,9.66,74834.0,3.09,36.88,0.2,1.39,3,1.638,0.2219363139273078,0.2721132196847861,0.21839819877774205,0.119652621421679,0.17368928916050178,0.23158571888066903,0.7314248954647796,20.6,73.1,41.6
26003,"Alger County, Michigan",Michigan,8762,10.36,61286.0,6.8,21.01,0.1,1.06,3,3.424,0.27404310067545834,0.6214216789964618,0.8684464458025088,0.5577356063042779,0.11997426825345771,0.15117401093599228,0.39273078160180125,43.2,39.3,41.6
13035,"Butts County, Georgia",Georgia,26496,10.41,69241.0,3.24,14.4,0.0,0.92,7,2.642,0.2782245094885815,0.39916371823737534,0.25217111611450627,0.8973946606625924,0.0,0.12158250241235123,0.5525892569958186,32.5,55.3,41.6
34029,"Ocean County, New Jersey",New Jersey,654362,10.5,89863.0,5.45,34.42,1.8,8.02,241,3.683,0.2830492119652621,0.09681569636539081,0.7169507880347379,0.15439047925377936,0.7140559665487295,0.8214860083628176,0.34255387584432295,46.4,34.3,41.6
12041,"Gilchrist County, Florida",Florida,19040,11.5,63523.0,3.47,15.3,1.7,3.91,9,4.727,0.3579929237697009,0.5558057253136056,0.29688002573174654,0.856223866194918,0.6960437439691219,0.5998713412672885,0.19942103570279832,56.0,19.9,41.6
48015,"Austin County, Texas",Texas,31170,11.95,75789.0,4.35,25.07,2.8,11.59,14,4.491,0.39819877774203927,0.25217111611450627,0.478610485686716,0.3731103248633001,0.8308137664844001,0.9038275972981666,0.22997748472177548,53.9,23.0,41.6
17025,"Clay County, Illinois",Illinois,13052,17.51,60417.0,4.84,13.1,0.5,0.24,6,4.597,0.7565133483435188,0.6519781280154391,0.5947249919588292,0.9337407526535864,0.3335477645545191,0.014474107430041815,0.21807655194596334,54.7,21.8,41.6
28007,"Attala County, Mississippi",Mississippi,17526,18.0,51639.0,5.42,19.79,0.0,0.15,7,3.994,0.7783853329044709,0.853972338372467,0.7089096172402701,0.6239948536506915,0.0,0.008041170794467674,0.2962367320681891,49.6,29.6,41.6
22071,"Orleans Parish, Louisiana",Louisiana,371853,22.6,56631.0,7.53,42.38,1.9,6.63,685,18.421,0.914441942746864,0.7526535863621744,0.9102605339337407,0.06754583467352847,0.7301383081376649,0.7725956899324542,0.002573174654229656,69.1,0.3,41.6
18047,"Franklin County, Indiana",Indiana,23020,6.9,78074.0,3.93,19.48,0.6,1.31,6,2.606,0.061112898037954326,0.21389514313284014,0.39884207140559663,0.6416854293985205,0.38018655516243166,0.21325184946928272,0.5599871341267288,31.8,56.0,41.5
53053,"Pierce County, Washington",Washington,930319,8.81,99564.0,5.15,30.89,2.8,10.9,350,3.762,0.1659697651978128,0.055001608234158894,0.6568028304921196,0.2216146670955291,0.8308137664844001,0.893534898681248,0.3303312962367321,47.1,33.0,41.5
55069,"Lincoln County, Wisconsin",Wisconsin,28426,10.57,68164.0,3.16,19.59,0.8,1.85,9,3.166,0.28690897394660664,0.42200064329366355,0.23673206818912834,0.6365390800900611,0.46317143776133807,0.32936635574139594,0.4432293341910582,39.6,44.3,41.5
19147,"Palo Alto County, Iowa",Iowa,8863,11.61,72781.0,2.2,19.01,1.5,2.46,3,3.385,0.3676423287230621,0.31489224831135415,0.09906722418784175,0.6683821164361531,0.6587327114827919,0.43936957220971373,0.39948536506915405,42.5,39.9,41.5
26077,"Kalamazoo County, Michigan",Michigan,262375,12.66,72532.0,5.51,41.27,0.9,5.79,98,3.735,0.45320038597619816,0.3226117722740431,0.7272434866516565,0.07590865229977485,0.4985525892569958,0.7323898359601158,0.3351559987134127,46.8,33.5,41.5
27137,"St. Louis County, Minnesota",Minnesota,200123,13.21,70069.0,4.62,33.59,0.6,1.93,62,3.098,0.4991958829205532,0.38018655516243166,0.5467996140238018,0.16854293985204247,0.38018655516243166,0.3483435188163397,0.4557735606304278,38.7,45.6,41.5
21073,"Franklin County, Kentucky",Kentucky,51842,13.63,65298.0,5.91,31.86,1.5,4.0,24,4.629,0.5265358636217433,0.5127050498552589,0.7832100353811515,0.19877774203924092,0.6587327114827919,0.6082341588935349,0.21421678996461885,54.8,21.4,41.5
29131,"Miller County, Missouri",Missouri,25269,14.37,56736.0,5.3,19.2,1.1,1.5,13,5.145,0.5792859440334512,0.749758764876166,0.6844644580250885,0.6577677709874558,0.5638468961080734,0.25667417175940815,0.16500482470247668,58.2,16.5,41.5
13201,"Miller County, Georgia",Georgia,5850,23.77,51425.0,3.91,21.34,1.5,2.68,4,6.838,0.9334191058218076,0.8581537471855902,0.39498230942425216,0.5416532647153426,0.6587327114827919,0.4689610807333548,0.07269218398198778,64.3,7.3,41.5
17013,"Calhoun County, Illinois",Illinois,4330,6.31,93203.0,3.24,20.12,0.0,0.32,0,0.0,0.04213573496301062,0.07944676744934062,0.25217111611450627,0.6053393374075265,0.0,0.02122869089739466,0.7857832100353811,16.7,78.6,41.4
30095,"Stillwater County, Montana",Montana,9182,8.27,84732.0,3.09,32.25,0.1,1.27,0,0.0,0.12833708587970408,0.1376648440012866,0.21839819877774205,0.19170151174010935,0.11997426825345771,0.20231585718880668,0.7857832100353811,16.6,78.6,41.4
20015,"Butler County, Kansas",Kansas,68287,8.55,81610.0,3.4,32.37,0.2,4.04,15,2.197,0.14827918944998392,0.1656481183660341,0.2814409778063686,0.188806690254101,0.17368928916050178,0.6130588613702155,0.641042135734963,26.2,64.1,41.4
39125,"Paulding County, Ohio",Ohio,18791,8.9,67731.0,3.62,16.92,0.5,1.96,6,3.193,0.17304599549694435,0.4326149887423609,0.33000964940495336,0.7732389835960116,0.3335477645545191,0.35284657446124157,0.43711804438726276,39.9,43.7,41.4
19089,"Howard County, Iowa",Iowa,9445,8.93,67446.0,1.85,19.52,1.4,2.32,3,3.176,0.1752975233193953,0.441299453200386,0.07269218398198778,0.6391122547442908,0.637825667417176,0.41202959150852364,0.4406561595368286,39.6,44.1,41.4
53057,"Skagit County, Washington",Washington,131328,11.61,89263.0,4.87,30.2,2.3,8.99,52,3.96,0.3676423287230621,0.10196204567385012,0.6008362817626246,0.23383724670311998,0.7828883885493728,0.85075587005468,0.29945320038597617,49.0,29.9,41.4
41037,"Lake County, Oregon",Oregon,8267,14.86,62787.0,4.14,21.12,0.0,3.33,3,3.629,0.6108073335477645,0.57960759086523,0.4342232229012544,0.5519459633322612,0.0,0.5458346735284657,0.353489868124799,45.4,35.3,41.4
22109,"Terrebonne Parish, Louisiana",Louisiana,106186,16.01,64836.0,4.68,18.68,1.9,3.24,64,6.027,0.6741717594081699,0.5233193953039562,0.5541974911547122,0.6863943390157607,0.7301383081376649,0.534577034416211,0.10903827597298167,61.7,10.9,41.4
39035,"Cuyahoga County, Ohio",Ohio,1245873,16.07,64468.0,6.63,36.55,2.7,7.68,825,6.622,0.6786748150530717,0.5316822129302027,0.8549372788678031,0.1241556770665809,0.8230942425217112,0.8082984882598906,0.08073335477645545,63.7,8.1,41.4
39165,"Warren County, Ohio",Ohio,250008,5.95,110132.0,3.06,45.58,1.6,9.05,64,2.56,0.03248633000964941,0.030556449018977163,0.21228690897394661,0.051463493084593116,0.6767449340623994,0.851720810550016,0.5689932454165326,30.9,56.9,41.3
55045,"Green County, Wisconsin",Wisconsin,37017,7.71,82852.0,3.63,27.67,0.9,1.99,9,2.431,0.09842393052428433,0.15599871341267288,0.3316178835638469,0.29430685107751686,0.4985525892569958,0.35960115792859443,0.5979414602766163,29.0,59.8,41.3
27145,"Stearns County, Minnesota",Minnesota,160865,12.89,77066.0,4.11,28.79,1.7,7.86,63,3.916,0.4734641363782567,0.2309424252171116,0.4287552267610164,0.2631071083949823,0.6960437439691219,0.8131231907365712,0.30620778385332903,48.4,30.6,41.3
22033,"East Baton Rouge Parish, Louisiana",Louisiana,452938,19.6,63071.0,7.68,38.53,2.9,7.07,496,10.951,0.837568349951753,0.5689932454165326,0.917658411064651,0.10260533933740752,0.8378899967835317,0.7909295593438405,0.018012222579607592,67.6,1.8,41.3
28011,"Bolivar County, Mississippi",Mississippi,29534,32.63,39585.0,7.11,27.97,0.5,1.71,19,6.433,0.9887423608877453,0.9787713091026053,0.8864586683821164,0.2856223866194918,0.3335477645545191,0.30459954969443553,0.087809585075587,63.0,8.8,41.3
19149,"Plymouth County, Iowa",Iowa,25747,6.9,83251.0,2.2,21.68,1.1,3.72,7,2.719,0.061112898037954326,0.15246059826310712,0.09906722418784175,0.5213895143132841,0.5638468961080734,0.5844322933419106,0.5352203280797684,33.0,53.5,41.2
21209,"Scott County, Kentucky",Kentucky,59536,10.58,85158.0,4.3,34.73,0.4,2.89,15,2.519,0.28755226761016406,0.13348343518816339,0.4663879060791251,0.14827918944998392,0.28208427146992604,0.4943711804438726,0.5779993567063364,30.2,57.8,41.2
53031,"Jefferson County, Washington",Washington,33577,11.09,74048.0,6.65,43.93,0.3,4.82,11,3.276,0.32422000643293664,0.28883885493727884,0.8568671598584754,0.059183017047282085,0.22997748472177548,0.676101640398842,0.4213573496301061,40.6,42.1,41.2
36121,"Wyoming County, New York",New York,39753,11.13,69110.0,3.65,18.16,0.2,2.69,13,3.27,0.32936635574139594,0.4014152460598263,0.3361209392087488,0.7182373753618527,0.17368928916050178,0.4715342553875844,0.42232229012544226,40.5,42.2,41.2
45035,"Dorchester County, South Carolina",South Carolina,167201,11.38,78198.0,4.94,29.81,1.8,5.48,64,3.828,0.3499517529752332,0.2116436153103892,0.614667095529109,0.24187841749758765,0.7140559665487295,0.7130910260533934,0.31971695078803475,47.4,32.0,41.2
40103,"Noble County, Oklahoma",Oklahoma,10897,12.86,66365.0,2.63,18.19,0.1,0.7,3,2.753,0.4683177870697974,0.4715342553875844,0.15310389192666451,0.7159858475394018,0.11997426825345771,0.07655194596333226,0.5275008041170794,33.4,52.8,41.2
48303,"Lubbock County, Texas",Texas,318884,17.15,64155.0,4.94,33.44,2.5,6.1,180,5.645,0.7372145384367964,0.5384367963975555,0.614667095529109,0.17240270183338693,0.8018655516243165,0.747507237053715,0.12705049855258926,60.2,12.7,41.2
20087,"Jefferson County, Kansas",Kansas,18349,5.64,81278.0,2.4,24.61,0.1,0.98,0,0.0,0.02637504020585397,0.16950788034737857,0.12061756191701511,0.3953039562560309,0.11997426825345771,0.13573496301061436,0.7857832100353811,16.1,78.6,41.1
31129,"Nuckolls County, Nebraska",Nebraska,4087,5.7,73976.0,0.6,23.14,0.0,1.17,0,0.0,0.02798327436474751,0.2936635574139595,0.012865873271148279,0.45480862013509166,0.0,0.1749758764876166,0.7857832100353811,16.1,78.6,41.1
13137,"Habersham County, Georgia",Georgia,47793,14.08,67309.0,2.7,24.65,1.9,9.37,21,4.394,0.5622386619491798,0.4458025088452879,0.16243165004824703,0.39273078160180125,0.7301383081376649,0.8587970408491477,0.23866194917980058,52.5,23.9,41.1
51520,"Bristol city, Virginia",Virginia,16849,17.95,50404.0,6.32,24.83,1.4,2.25,13,7.716,0.7754905114184625,0.8758443229334191,0.8263107108394983,0.3869411386297845,0.637825667417176,0.39980701190093276,0.05114184625281441,65.0,5.1,41.1
01101,"Montgomery County, Alabama",Alabama,226718,19.94,59386.0,5.88,34.46,1.7,5.59,167,7.366,0.8478610485686716,0.6799614023801865,0.7767770987455773,0.15310389192666451,0.6960437439691219,0.7188806690254101,0.058861370215503375,64.5,5.9,41.1
48065,"Carson County, Texas",Texas,5801,7.44,85231.0,1.18,26.36,0.0,2.1,0,0.0,0.08201994210357028,0.1331617883563847,0.031199742682534577,0.3284014152460598,0.0,0.37729173367642327,0.7857832100353811,15.9,78.6,41.0
34015,"Gloucester County, New Jersey",New Jersey,306954,7.7,105115.0,5.27,36.83,1.8,6.13,100,3.258,0.09778063686072692,0.03924091347700225,0.6780315213895143,0.11997426825345771,0.7140559665487295,0.7500804117079447,0.42457381794789323,40.0,42.5,41.0
18125,"Pike County, Indiana",Indiana,12154,10.68,71334.0,3.17,16.03,0.0,0.39,3,2.468,0.29688002573174654,0.34963010614345447,0.23834030234802187,0.8234158893534899,0.0,0.030234802187198456,0.5899002894821486,29.0,59.0,41.0
54003,"Berkeley County, West Virginia",West Virginia,129514,11.1,80815.0,4.74,25.11,0.6,5.03,44,3.397,0.3258282405918302,0.17465422965583788,0.5693148922483113,0.37182373753618525,0.38018655516243166,0.6889675136699903,0.39787713091026056,41.8,39.8,41.0
13221,"Oglethorpe County, Georgia",Georgia,15509,11.6,75034.0,3.06,25.34,1.1,3.82,5,3.224,0.3660340945641685,0.2672885172081055,0.21228690897394661,0.3631392730781602,0.5638468961080734,0.5931167577999357,0.4326149887423609,39.4,43.3,41.0
42073,"Lawrence County, Pennsylvania",Pennsylvania,85024,11.87,61931.0,5.67,23.38,0.6,1.32,32,3.764,0.3930524284335799,0.6046960437439691,0.7478288838854937,0.44419427468639433,0.38018655516243166,0.21614667095529108,0.32904470890961723,46.4,32.9,41.0
34013,"Essex County, New Jersey",New Jersey,863002,14.64,80789.0,8.72,39.15,10.9,30.14,574,6.651,0.5963332261177228,0.1752975233193953,0.946284979092956,0.0964940495336121,0.9803795432614989,0.9909938887101962,0.07976841428111933,63.1,8.0,41.0
37041,"Chowan County, North Carolina",North Carolina,13836,19.09,53864.0,4.11,25.0,2.2,2.31,8,5.782,0.8189128337085879,0.8086201350916693,0.4287552267610164,0.37729173367642327,0.7709874557735606,0.4113862978449662,0.12061756191701511,60.3,12.1,41.0
13073,"Columbia County, Georgia",Georgia,162434,7.47,95592.0,4.8,38.46,1.1,7.34,49,3.017,0.08491476358957864,0.06851077516886458,0.5847539401736893,0.10421357349630106,0.5638468961080734,0.7989707301383081,0.47217754905114184,36.8,47.2,40.9
18183,"Whitley County, Indiana",Indiana,34618,9.92,78083.0,3.28,23.63,0.1,0.99,7,2.022,0.24252171116114507,0.21357349630106143,0.26117722740431004,0.43486651656481184,0.11997426825345771,0.1389514313284014,0.6693470569314892,23.5,66.9,40.9
33019,"Sullivan County, New Hampshire",New Hampshire,43715,10.12,80858.0,3.08,30.31,0.2,2.13,9,2.059,0.25474429076873595,0.1743325828240592,0.21743325828240592,0.23126407204889032,0.17368928916050178,0.38050820199421037,0.6645223544548087,23.9,66.5,40.9
48411,"San Saba County, Texas",Texas,5696,10.73,55819.0,3.09,24.01,5.3,8.13,3,5.267,0.29945320038597617,0.7690575747828884,0.21839819877774205,0.4194274686394339,0.9279511096815697,0.8250241235123834,0.1566420070762303,57.7,15.7,40.9
18037,"Dubois County, Indiana",Indiana,43614,11.02,75979.0,2.28,25.7,2.2,5.78,15,3.439,0.31650048247024765,0.2489546477967192,0.10775168864586684,0.3541331617883564,0.7709874557735606,0.7307816018012222,0.3904792537793503,42.2,39.0,40.9
21181,"Nicholas County, Kentucky",Kentucky,7708,17.57,59531.0,6.09,9.82,0.2,0.43,4,5.189,0.7590865229977485,0.6744934062399486,0.8060469604374397,0.9897073013830814,0.17368928916050178,0.0369893856545513,0.1617883563846896,57.3,16.2,40.9
27077,"Lake of the Woods County, Minnesota",Minnesota,3821,6.35,77546.0,1.47,25.42,0.0,1.52,0,0.0,0.043422322290125444,0.2216146670955291,0.045352203280797684,0.3608877452557092,0.0,0.26182052106786746,0.7857832100353811,15.6,78.6,40.8
02220,"Sitka City and Borough, Alaska",Alaska,8368,7.48,101727.0,6.78,34.27,1.2,9.98,3,3.585,0.08555805725313606,0.05049855258925699,0.8668382116436153,0.15825024123512382,0.5895786426503699,0.8768092634287552,0.3634609199099389,43.8,36.3,40.8
18099,"Marshall County, Indiana",Indiana,46284,11.68,71808.0,2.57,20.94,1.9,5.05,18,3.889,0.3734319716950788,0.33869411386297843,0.1431328401415246,0.560952074622065,0.7301383081376649,0.6902541009971052,0.3110324863300096,47.3,31.1,40.8
55013,"Burnett County, Wisconsin",Wisconsin,16916,12.76,62819.0,4.88,22.36,0.3,1.4,6,3.547,0.4618848504342232,0.5779993567063364,0.6030878095850756,0.49051141846252816,0.22997748472177548,0.2357671276937922,0.3708587970408492,43.3,37.1,40.8
27157,"Wabasha County, Minnesota",Minnesota,21565,7.07,82007.0,2.21,26.53,1.3,1.83,5,2.319,0.06851077516886458,0.1617883563846896,0.1016403988420714,0.3235767127693792,0.6156320360244452,0.3264715342553876,0.6182052106786748,26.6,61.8,40.7
27109,"Olmsted County, Minnesota",Minnesota,164498,7.5,95406.0,3.56,49.4,2.5,11.03,50,3.04,0.08684464458025089,0.0694757156642007,0.3136056609842393,0.03312962367320682,0.8018655516243165,0.896751366999035,0.4660662592473464,36.7,46.6,40.7
31073,"Gosper County, Nebraska",Nebraska,2040,10.32,77500.0,2.38,27.37,0.0,0.29,0,0.0,0.2701833386941139,0.22225796075908652,0.11900932775812158,0.3000964940495336,0.0,0.01929880990672242,0.7857832100353811,15.5,78.6,40.7
48313,"Madison County, Texas",Texas,13648,10.89,74596.0,7.14,18.35,2.4,9.29,10,7.327,0.3110324863300096,0.2756513348343519,0.8883885493727887,0.7044065615953683,0.7918944998391766,0.8575104535220328,0.0601479575426182,63.8,6.0,40.7
22089,"St. Charles Parish, Louisiana",Louisiana,51396,11.74,80897.0,6.75,26.87,1.4,4.85,22,4.28,0.38050820199421037,0.17401093599228049,0.8639433901576069,0.3158571888066903,0.637825667417176,0.678353168221293,0.25442264393695724,50.8,25.4,40.7
31119,"Madison County, Nebraska",Nebraska,35532,13.09,63128.0,2.98,23.7,3.7,8.04,18,5.066,0.4882598906400772,0.5664200707623029,0.20102926986169187,0.4326149887423609,0.8819556127372146,0.8224509488581537,0.16918623351559986,56.5,16.9,40.7
36055,"Monroe County, New York",New York,753753,13.65,76382.0,4.94,41.47,3.0,7.91,332,4.405,0.5281440977806369,0.24123512383403023,0.614667095529109,0.07558700546799614,0.8446445802508845,0.8153747185590222,0.23737536185268576,52.0,23.7,40.7
22053,"Jefferson Davis Parish, Louisiana",Louisiana,31924,14.56,57341.0,4.71,15.38,0.4,0.81,14,4.385,0.5899002894821486,0.7339980701190093,0.5593438404631714,0.8533290447089096,0.28208427146992604,0.09585075587005468,0.239305242843358,51.9,23.9,40.7
28151,"Washington County, Mississippi",Mississippi,42765,26.45,42165.0,6.28,22.36,0.6,0.72,27,6.314,0.9633322611772274,0.9617240270183338,0.822129302026375,0.49051141846252816,0.38018655516243166,0.07912512061756191,0.09392087487938244,61.6,9.4,40.7
48043,"Brewster County, Texas",Texas,9503,8.93,56212.0,3.04,45.47,4.8,11.41,4,4.209,0.1752975233193953,0.7619813444837569,0.20874879382438083,0.05210678674815053,0.9157285300739788,0.9022193631392731,0.26149887423608875,50.3,26.1,40.6
37011,"Avery County, North Carolina",North Carolina,17680,10.16,61428.0,4.85,25.03,1.6,4.19,8,4.525,0.2582824059183017,0.6165969765197813,0.5966548729495015,0.37536185268575106,0.6767449340623994,0.6307494371180444,0.22515278224509488,52.6,22.5,40.6
41047,"Marion County, Oregon",Oregon,349244,13.03,77351.0,5.34,26.04,4.5,13.7,203,5.813,0.4831135413316179,0.2257960759086523,0.6944355098102284,0.3409456416854294,0.9067224187841749,0.9279511096815697,0.119652621421679,59.6,12.0,40.6
29001,"Adair County, Missouri",Missouri,25301,22.01,61536.0,4.14,35.53,4.0,5.43,16,6.324,0.9028626568028305,0.6137021550337729,0.4342232229012544,0.1389514313284014,0.8896751366999035,0.7108394982309424,0.09295593438404631,61.5,9.3,40.6
53011,"Clark County, Washington",Washington,516959,7.98,97536.0,5.29,33.34,2.5,11.0,194,3.753,0.11000321646831779,0.061112898037954326,0.6828562238661949,0.17336764232872307,0.8018655516243165,0.8961080733354776,0.3316178835638469,45.4,33.2,40.5
12081,"Manatee County, Florida",Florida,429792,9.77,78457.0,4.57,35.43,3.0,14.48,173,4.025,0.23126407204889032,0.207462206497266,0.534577034416211,0.1392730781601801,0.8446445802508845,0.9372788678031522,0.28851720810550013,48.2,28.9,40.5
38007,"Billings County, North Dakota",North Dakota,1024,10.81,86806.0,2.09,32.61,0.0,1.27,0,0.0,0.3052428433579929,0.12093920874879382,0.09006111289803795,0.1846252814409778,0.0,0.20231585718880668,0.7857832100353811,15.1,78.6,40.5
40149,"Washita County, Oklahoma",Oklahoma,10815,14.1,63501.0,5.68,20.28,0.7,1.71,5,4.623,0.563203602444516,0.5574139594724992,0.7481505307172724,0.5979414602766163,0.42039240913477,0.30459954969443553,0.21518173045995498,53.2,21.5,40.5
31033,"Cheyenne County, Nebraska",Nebraska,9533,14.27,60348.0,3.39,23.21,0.0,1.69,3,3.147,0.5738179478932133,0.6539080090061112,0.27951109681569636,0.45320038597619816,0.0,0.30170472820842714,0.4458025088452879,37.7,44.6,40.5
29021,"Buchanan County, Missouri",Missouri,83568,16.02,62158.0,4.16,23.85,1.8,4.04,45,5.385,0.6748150530717273,0.5989064007719523,0.4387262785461563,0.42714699260212285,0.7140559665487295,0.6130588613702155,0.14634930845931168,57.8,14.6,40.5
28155,"Webster County, Mississippi",Mississippi,9972,16.36,58789.0,6.63,20.9,0.0,0.69,4,4.011,0.6947571566420071,0.6979736249597941,0.8549372788678031,0.5644901897716308,0.0,0.07558700546799614,0.2914120295915085,48.1,29.1,40.5
27171,"Wright County, Minnesota",Minnesota,148269,5.18,107209.0,2.73,34.37,1.3,4.49,36,2.428,0.017368928916050175,0.035702798327436475,0.16693470569314892,0.15567706658089417,0.6156320360244452,0.6529430685107752,0.598263107108395,27.4,59.8,40.4
19143,"Osceola County, Iowa",Iowa,6100,15.97,69239.0,3.39,16.74,3.0,5.77,4,6.557,0.6706336442586041,0.39948536506915405,0.27951109681569636,0.7854615632036025,0.8446445802508845,0.7301383081376649,0.0833065294306851,61.8,8.3,40.4
29510,"St. Louis city, Missouri",Missouri,288512,20.64,56160.0,5.05,41.14,2.1,7.09,253,8.769,0.8668382116436153,0.7635895786426504,0.6391122547442908,0.0781601801222258,0.7574782888388549,0.7922161466709553,0.0366677388227726,65.0,3.7,40.4
51750,"Radford city, Virginia",Virginia,16726,28.66,57348.0,8.1,37.93,0.5,2.07,9,5.381,0.9745899002894821,0.7333547764554519,0.9302026375040205,0.11000321646831779,0.3335477645545191,0.37214538436796396,0.1466709552910904,57.6,14.7,40.4
39085,"Lake County, Ohio",Ohio,232216,8.34,80925.0,3.88,31.57,1.6,5.36,74,3.187,0.13219684786104857,0.17336764232872307,0.38726278546156323,0.20360244451592152,0.6767449340623994,0.7082663235767128,0.4377613380508202,38.0,43.8,40.3
47165,"Sumner County, Tennessee",Tennessee,204424,8.82,90301.0,3.56,33.57,1.2,4.03,57,2.788,0.1662914120295915,0.09359922804760373,0.3136056609842393,0.16918623351559986,0.5895786426503699,0.6120939208748793,0.5204245738179479,32.4,52.0,40.3
20117,"Marshall County, Kansas",Kansas,9993,11.34,68419.0,2.04,19.09,1.0,0.75,3,3.002,0.34705693148922484,0.4155677066580894,0.08620135091669347,0.6645223544548087,0.5310389192666453,0.08523641042135735,0.4747507237053715,35.5,47.5,40.3
04025,"Yavapai County, Arizona",Arizona,245480,12.04,69613.0,4.28,30.25,1.6,6.42,101,4.114,0.4052750080411708,0.3911225474429077,0.4609199099388871,0.23287230620778385,0.6767449340623994,0.763911225474429,0.2759729816661306,48.8,27.6,40.3
17187,"Warren County, Illinois",Illinois,16447,14.63,67385.0,3.59,21.97,2.9,6.45,9,5.472,0.5944033451270505,0.44419427468639433,0.32196847861048566,0.5085236410421358,0.8378899967835317,0.7648761659697652,0.14055966548729495,57.9,14.1,40.3
06083,"Santa Barbara County, California",California,443701,14.74,98161.0,6.42,36.81,6.4,22.18,255,5.747,0.603731103248633,0.05789642972016726,0.837568349951753,0.12061756191701511,0.9472499195882921,0.9700868446445803,0.12254744290768736,59.0,12.3,40.3
05051,"Garland County, Arkansas",Arkansas,100035,15.8,57181.0,5.69,25.33,1.0,4.0,63,6.298,0.6622708266323577,0.736571244773239,0.749758764876166,0.3637825667417176,0.5310389192666453,0.6082341588935349,0.09488581537471856,60.9,9.5,40.3
51159,"Richmond County, Virginia",Virginia,9095,7.73,66304.0,2.49,16.9,0.2,5.16,3,3.299,0.09971051785139916,0.47507237053715023,0.1338050820199421,0.7751688645866838,0.17368928916050178,0.6979736249597941,0.41685429398520424,39.3,41.7,40.2
21005,"Anderson County, Kentucky",Kentucky,24353,11.47,74488.0,2.23,26.2,0.0,1.63,5,2.053,0.35670633644258604,0.2782245094885815,0.10324863300096494,0.33419105821807654,0.0,0.28723062077838535,0.6658089417819234,22.7,66.6,40.2
17081,"Jefferson County, Illinois",Illinois,36550,13.53,63118.0,5.78,18.17,1.1,1.86,20,5.472,0.5213895143132841,0.5667417175940817,0.7619813444837569,0.7166291412029592,0.5638468961080734,0.3316178835638469,0.14055966548729495,57.7,14.1,40.2
05083,"Logan County, Arkansas",Arkansas,21277,13.93,58555.0,5.64,16.7,0.5,1.46,11,5.17,0.5493727886780315,0.7056931489224831,0.7439691219041492,0.7867481505307172,0.3335477645545191,0.2483113541331618,0.16339659054358316,56.1,16.3,40.2
20045,"Douglas County, Kansas",Kansas,120302,14.73,69746.0,4.22,53.19,1.9,6.02,50,4.156,0.6024445159215182,0.3866194917980058,0.4515921518173046,0.02026375040205854,0.7301383081376649,0.7446124155677066,0.2705049855258926,48.9,27.1,40.2
13185,"Lowndes County, Georgia",Georgia,119965,19.18,58541.0,5.09,27.94,1.1,3.95,75,6.252,0.8227725956899324,0.7063364425860406,0.6468317787069797,0.28658732711482793,0.5638468961080734,0.603731103248633,0.09778063686072692,60.5,9.8,40.2
08039,"Elbert County, Colorado",Colorado,27874,5.28,132685.0,3.39,36.09,0.2,3.29,5,1.794,0.020585397233837247,0.007397877130910261,0.27951109681569636,0.1338050820199421,0.17368928916050178,0.5419749115471213,0.7124477323898359,19.3,71.2,40.1
17131,"Mercer County, Illinois",Illinois,15495,8.92,74182.0,3.15,20.88,0.5,1.07,4,2.581,0.1749758764876166,0.28658732711482793,0.2344805403666774,0.5657767770987456,0.3335477645545191,0.15310389192666451,0.5657767770987456,29.1,56.6,40.1
27093,"Meeker County, Minnesota",Minnesota,23468,9.07,75446.0,3.18,19.95,0.4,1.06,6,2.557,0.18269540045030555,0.2605339337407527,0.2405918301704728,0.6156320360244452,0.28208427146992604,0.15117401093599228,0.5699581859118688,28.9,57.0,40.1
47051,"Franklin County, Tennessee",Tennessee,43990,11.98,63494.0,2.85,23.88,0.3,2.61,14,3.183,0.4010935992280476,0.5577356063042779,0.18205210678674816,0.425860405275008,0.22997748472177548,0.45899002894821483,0.4387262785461563,37.6,43.9,40.1
27151,"Swift County, Minnesota",Minnesota,9748,12.03,60412.0,4.43,24.24,0.7,3.04,4,4.103,0.40495336120939207,0.6522997748472178,0.5011257639112254,0.4104213573496301,0.42039240913477,0.5127050498552589,0.2782245094885815,48.4,27.8,40.1
12037,"Franklin County, Florida",Florida,12553,16.49,64105.0,8.47,27.93,0.6,4.18,7,5.576,0.7011900932775812,0.5397233837246703,0.9408169829527179,0.28723062077838535,0.38018655516243166,0.630106143454487,0.13187520102926986,58.0,13.2,40.1
51127,"New Kent County, Virginia",Virginia,25105,4.73,123314.0,2.27,38.37,0.0,4.13,0,0.0,0.009327758121582503,0.014795754261820521,0.106465101318752,0.10517851399163718,0.0,0.6239948536506915,0.7857832100353811,14.3,78.6,40.0
17063,"Grundy County, Illinois",Illinois,53219,5.99,92235.0,4.58,23.57,0.3,4.1,15,2.819,0.033451270504985524,0.08394982309424252,0.5374718559022194,0.4367963975554841,0.22997748472177548,0.6214216789964618,0.5133483435188163,32.4,51.3,40.0
21211,"Shelby County, Kentucky",Kentucky,49096,9.69,82604.0,4.17,32.83,2.9,6.56,18,3.666,0.2254744290768736,0.15728530073978772,0.4422643936957221,0.18173045995496945,0.8378899967835317,0.7687359279511097,0.3454486973303313,43.6,34.5,40.0
27159,"Wadena County, Minnesota",Minnesota,14256,12.48,61467.0,5.49,19.82,0.6,1.13,6,4.209,0.43969121904149244,0.6153103891926665,0.7243486651656481,0.6227082663235767,0.38018655516243166,0.16725635252492763,0.26149887423608875,49.2,26.1,40.0
27013,"Blue Earth County, Minnesota",Minnesota,69871,15.67,74477.0,4.89,34.18,0.7,5.35,28,4.007,0.6555162431650048,0.2785461563203602,0.605982631071084,0.16018012222579608,0.42039240913477,0.7076230299131554,0.29237697008684466,47.1,29.2,40.0
01033,"Colbert County, Alabama",Alabama,58022,17.36,60628.0,3.14,21.66,0.8,1.65,24,4.136,0.7494371180443873,0.6452235445480862,0.23222901254422643,0.5223544548086201,0.46317143776133807,0.29173367642328724,0.27372145384367963,48.4,27.4,40.0
54037,"Jefferson County, West Virginia",West Virginia,59260,8.69,98806.0,3.86,33.87,1.0,5.08,17,2.869,0.1563203602444516,0.057253136056609845,0.3834030234802187,0.16436153103891926,0.5310389192666453,0.693792216146671,0.5020907044065616,33.1,50.2,39.9
55009,"Brown County, Wisconsin",Wisconsin,270892,9.06,79649.0,2.6,33.51,2.2,5.42,84,3.101,0.18205210678674816,0.19202315857188806,0.1473142489546478,0.1704728208427147,0.7709874557735606,0.7098745577356063,0.4554519137986491,36.2,45.5,39.9
48439,"Tarrant County, Texas",Texas,2167390,11.11,84207.0,4.7,34.77,5.4,17.22,963,4.443,0.3274364747507237,0.14184625281440977,0.5583788999678353,0.1473142489546478,0.9298809906722418,0.9514313284014152,0.2341588935348987,50.9,23.4,39.9
01097,"Mobile County, Alabama",Alabama,412590,16.23,58880.0,5.26,25.97,0.9,3.44,229,5.55,0.6854293985204246,0.6941138629784497,0.6754583467352847,0.3431971695078804,0.4985525892569958,0.556449018977163,0.13541331617883565,57.6,13.5,39.9
40151,"Woods County, Oklahoma",Oklahoma,8596,19.88,53275.0,4.65,32.52,2.9,1.56,5,5.817,0.8462528144097781,0.8201994210357028,0.5496944355098102,0.18623351559987134,0.8378899967835317,0.27114827918945,0.11900932775812158,58.5,11.9,39.9
22017,"Caddo Parish, Louisiana",Louisiana,230004,22.38,50705.0,8.71,26.0,0.5,2.41,194,8.435,0.9089739466066259,0.8700546799614024,0.9459633322611772,0.34255387584432295,0.3335477645545191,0.4310067545834674,0.039562560308780956,63.9,4.0,39.9
19043,"Clayton County, Iowa",Iowa,17013,10.91,67242.0,2.52,14.48,0.4,2.26,6,3.527,0.31199742682534576,0.44773238983596014,0.1376648440012866,0.8944998391765842,0.28208427146992604,0.40270183338694115,0.3760051463493085,41.3,37.6,39.8
21037,"Campbell County, Kentucky",Kentucky,93426,11.1,77567.0,3.98,39.74,0.4,2.74,25,2.676,0.3258282405918302,0.2212930202637504,0.40720488903184304,0.09006111289803795,0.28208427146992604,0.47700225152782244,0.5445480862013509,30.1,54.5,39.8
48159,"Franklin County, Texas",Texas,10632,11.67,72360.0,4.39,27.77,3.5,7.82,5,4.703,0.37246703119974267,0.32518494692827277,0.4930845931167578,0.29173367642328724,0.8735927951109682,0.8124798970730138,0.2029591508523641,52.8,20.3,39.8
42083,"McKean County, Pennsylvania",Pennsylvania,39904,13.7,62905.0,4.88,20.84,0.1,1.51,15,3.759,0.5320038597619814,0.574139594724992,0.6030878095850756,0.5689932454165326,0.11997426825345771,0.2582824059183017,0.3306529430685108,44.3,33.1,39.8
48193,"Hamilton County, Texas",Texas,8406,16.47,58219.0,5.43,26.78,1.2,4.98,6,7.138,0.6999035059504664,0.7137343197169508,0.7118044387262785,0.31714377613380507,0.5895786426503699,0.6867159858475395,0.06561595368285622,62.0,6.6,39.8
27161,"Waseca County, Minnesota",Minnesota,18885,7.5,76261.0,2.5,21.0,1.7,2.87,6,3.177,0.08684464458025089,0.24316500482470246,0.13669990350595046,0.5583788999678353,0.6960437439691219,0.4911547121260856,0.44033451270504986,36.9,44.0,39.7
42099,"Perry County, Pennsylvania",Pennsylvania,46239,7.99,79444.0,3.13,20.22,0.4,1.69,12,2.595,0.11128980379543262,0.19459633322611772,0.22901254422643938,0.6005146349308459,0.28208427146992604,0.30170472820842714,0.5619170151174011,28.7,56.2,39.7
19107,"Keokuk County, Iowa",Iowa,9924,12.13,62329.0,4.51,16.98,0.6,1.02,4,4.031,0.41299453200385977,0.592795110968157,0.5217111611450628,0.7693792216146671,0.38018655516243166,0.14506272113219684,0.28723062077838535,47.0,28.7,39.7
41029,"Jackson County, Oregon",Oregon,222645,12.36,73999.0,5.36,31.71,0.8,5.31,89,3.997,0.4310067545834674,0.29173367642328724,0.6979736249597941,0.20135091669347058,0.46317143776133807,0.7050498552589257,0.2955934384046317,46.5,29.6,39.7
51680,"Lynchburg city, Virginia",Virginia,79497,18.6,57947.0,5.33,38.49,1.4,4.85,52,6.541,0.80347378578321,0.7195239626889676,0.69154068832422,0.10324863300096494,0.637825667417176,0.678353168221293,0.08362817626246381,60.6,8.4,39.7
06027,"Inyo County, California",California,18739,10.88,73991.0,2.48,31.5,0.8,7.91,6,3.202,0.31038919266645226,0.29269861691862337,0.13155355419749115,0.20585397233837247,0.46317143776133807,0.8153747185590222,0.4361531038919267,37.0,43.6,39.6
29213,"Taney County, Missouri",Missouri,56529,15.63,56497.0,3.9,25.01,0.8,3.21,27,4.776,0.6535863621743326,0.755226761016404,0.39273078160180125,0.3763267931810872,0.46317143776133807,0.5316822129302027,0.19588292055323256,52.9,19.6,39.6
30047,"Lake County, Montana",Montana,32561,17.24,63360.0,5.74,31.51,0.7,2.33,15,4.607,0.7423608877452557,0.5593438404631714,0.7571566420070762,0.20521067867481504,0.42039240913477,0.4152460598263107,0.21614667095529108,51.7,21.6,39.6
18173,"Warrick County, Indiana",Indiana,65261,7.0,89844.0,3.12,35.16,0.4,3.34,14,2.145,0.06400771952396268,0.09745899002894821,0.22611772274043102,0.1431328401415246,0.28208427146992604,0.5471212608555805,0.6484400128658733,22.7,64.8,39.5
51041,"Chesterfield County, Virginia",Virginia,377869,7.06,101931.0,4.64,43.79,2.1,9.86,128,3.387,0.06722418784174976,0.04856867159858475,0.5484078481826954,0.0598263107108395,0.7574782888388549,0.8710196204567385,0.39916371823737534,39.2,39.9,39.5
55021,"Columbia County, Wisconsin",Wisconsin,58272,7.75,85351.0,3.06,25.97,0.8,2.39,15,2.574,0.1016403988420714,0.13219684786104857,0.21228690897394661,0.3431971695078804,0.46317143776133807,0.42746863943390156,0.5670633644258604,28.0,56.7,39.5
32510,"Carson City, Nevada",Nevada,58384,10.34,72355.0,5.51,23.73,3.2,12.46,36,6.166,0.2721132196847861,0.3258282405918302,0.7272434866516565,0.43165004824702474,0.8587970408491477,0.9154068832422001,0.10453522032807977,58.9,10.5,39.5
05085,"Lonoke County, Arkansas",Arkansas,75272,10.4,72828.0,4.44,22.08,0.5,2.66,26,3.454,0.2775812158250241,0.313927307816018,0.5040205853972338,0.5017690575747829,0.3335477645545191,0.4663879060791251,0.3875844322933419,40.0,38.8,39.5
56009,"Converse County, Wyoming",Wyoming,13762,10.56,81558.0,4.18,24.88,0.5,2.0,4,2.907,0.2862656802830492,0.1666130588613702,0.44483756834995175,0.3827597298166613,0.3335477645545191,0.3612093920874879,0.4943711804438726,32.9,49.4,39.5
48451,"Tom Green County, Texas",Texas,119577,11.11,68370.0,3.66,25.47,3.3,5.97,54,4.516,0.3274364747507237,0.41717594081698295,0.33708587970408493,0.3602444515921518,0.8636217433258282,0.742039240913477,0.22611772274043102,50.8,22.6,39.5
48265,"Kerr County, Texas",Texas,53489,11.36,69395.0,3.29,31.32,1.8,7.68,21,3.926,0.34930845931167576,0.3953039562560309,0.2624638147314249,0.2081055001608234,0.7140559665487295,0.8082984882598906,0.3039562560308781,45.6,30.4,39.5
21057,"Cumberland County, Kentucky",Kentucky,5948,24.8,40000.0,4.01,19.12,0.8,1.18,4,6.725,0.9485365069154069,0.9765197812801544,0.41267288517208106,0.6635574139594725,0.46317143776133807,0.17754905114184624,0.07687359279511097,60.7,7.7,39.5
51027,"Buchanan County, Virginia",Virginia,19415,25.22,42886.0,3.86,11.46,0.2,0.82,12,6.181,0.9530395625603088,0.9565776777098746,0.3834030234802187,0.9726600192988099,0.17368928916050178,0.09874557735606304,0.10324863300096494,59.0,10.3,39.5
06055,"Napa County, California",California,134869,8.46,111471.0,5.2,39.79,5.2,22.19,55,4.078,0.14088131231907366,0.0276616275329688,0.6667738822772595,0.08973946606625925,0.9260212286908974,0.970408491476359,0.2801543904792538,47.0,28.0,39.4
48339,"Montgomery County, Texas",Texas,684432,9.44,97701.0,4.55,38.79,3.6,15.25,269,3.93,0.21003538115149567,0.05950466387906079,0.5307172724348665,0.10035381151495658,0.8784174975876488,0.941781923448054,0.3036346091990994,45.3,30.4,39.4
39037,"Darke County, Ohio",Ohio,51594,11.03,64486.0,2.81,16.49,0.0,0.99,15,2.907,0.3177870697973625,0.5307172724348665,0.17883563846896108,0.7999356706336442,0.0,0.1389514313284014,0.4943711804438726,32.8,49.4,39.4
51133,"Northumberland County, Virginia",Virginia,12188,11.54,66480.0,3.83,33.6,0.3,4.55,4,3.282,0.3605660984239305,0.4667095529109038,0.3756834995175298,0.16822129302026376,0.22997748472177548,0.6571244773238983,0.4207140559665487,37.6,42.1,39.4
05009,"Boone County, Arkansas",Arkansas,38138,11.71,55143.0,2.53,17.19,0.4,1.36,14,3.671,0.37664844001286585,0.7851399163718238,0.1379864908330653,0.7587648761659698,0.28208427146992604,0.22450948858153746,0.34448375683499516,42.8,34.4,39.4
20205,"Wilson County, Kansas",Kansas,8505,15.48,60677.0,2.96,19.88,0.0,1.85,3,3.527,0.6461884850434223,0.6436153103891926,0.19749115471212608,0.6201350916693471,0.0,0.32936635574139594,0.3760051463493085,40.6,37.6,39.4
12001,"Alachua County, Florida",Florida,285492,21.17,61949.0,4.37,48.76,1.9,11.56,193,6.76,0.8822772595689933,0.6043743969121904,0.48665165648118364,0.03731103248633001,0.7301383081376649,0.9035059504663879,0.07494371180443872,60.7,7.5,39.4
51690,"Martinsville city, Virginia",Virginia,13658,23.5,46727.0,2.91,22.06,1.1,7.42,20,14.643,0.930845931167578,0.92537793502734,0.1891283370858797,0.5033772917336764,0.5638468961080734,0.8018655516243165,0.0064329366355741395,65.2,0.6,39.4
20121,"Miami County, Kansas",Kansas,34938,7.9,89000.0,3.69,31.0,0.5,0.96,7,2.004,0.10614345448697331,0.10517851399163718,0.34255387584432295,0.21936313927307816,0.3335477645545191,0.13123190736571244,0.6732068189128337,20.6,67.3,39.3
40007,"Beaver County, Oklahoma",Oklahoma,5028,13.25,64276.0,2.62,21.99,5.1,9.79,3,5.967,0.5024123512383403,0.5355419749115471,0.151495657767771,0.5065937600514635,0.923126407204889,0.8684464458025088,0.1106465101318752,58.1,11.1,39.3
54081,"Raleigh County, West Virginia",West Virginia,73195,22.82,52150.0,5.0,22.5,0.1,1.51,37,5.055,0.917658411064651,0.8446445802508845,0.6262463814731425,0.4844001286587327,0.11997426825345771,0.2582824059183017,0.1704728208427147,54.2,17.0,39.3
28113,"Pike County, Mississippi",Mississippi,39602,27.13,43814.0,5.81,15.34,0.0,0.58,26,6.565,0.9665487294950145,0.9523962688967513,0.7668060469604374,0.8542939852042457,0.0,0.057253136056609845,0.08234158893534899,60.0,8.2,39.3
55139,"Winnebago County, Wisconsin",Wisconsin,171769,11.33,74925.0,2.18,31.12,0.8,3.45,50,2.911,0.3454486973303313,0.2701833386941139,0.0971373431971695,0.21614667095529108,0.46317143776133807,0.5580572531360566,0.4930845931167578,32.5,49.3,39.2
39129,"Pickaway County, Ohio",Ohio,60131,11.54,74040.0,3.55,21.7,0.2,0.68,16,2.661,0.3605660984239305,0.28916050176905755,0.31199742682534576,0.5201029269861692,0.17368928916050178,0.07237053715020907,0.5487294950144741,28.8,54.9,39.2
36021,"Columbia County, New York",New York,61100,12.11,81528.0,5.44,39.37,0.7,7.38,23,3.764,0.4107430041814088,0.16693470569314892,0.7146992602122869,0.09263428755226762,0.42039240913477,0.800257317465423,0.32904470890961723,43.4,32.9,39.2
06067,"Sacramento County, California",California,1594006,12.5,92175.0,6.71,34.13,6.4,22.26,945,5.928,0.4406561595368286,0.08459311675779993,0.8597619813444838,0.1611450627211322,0.9472499195882921,0.9713734319716951,0.11386297844966227,57.7,11.4,39.2
12033,"Escambia County, Florida",Florida,325923,14.71,67500.0,5.87,29.68,1.4,5.7,187,5.738,0.6005146349308459,0.439047925377935,0.7748472177549051,0.24477323898359601,0.637825667417176,0.7259568993245417,0.12319073657124477,57.0,12.3,39.2
21035,"Calloway County, Kentucky",Kentucky,38224,17.2,52706.0,4.45,31.18,1.0,3.99,22,5.756,0.7394660662592474,0.8333869411386298,0.50498552589257,0.21260855580572532,0.5310389192666453,0.6069475715664201,0.12190414924412994,57.1,12.2,39.2
28149,"Warren County, Mississippi",Mississippi,43020,19.52,59401.0,4.81,28.76,0.9,1.31,20,4.649,0.8343518816339659,0.6796397555484078,0.5879704084914763,0.26407204889031843,0.4985525892569958,0.21325184946928272,0.21132196847861048,51.3,21.1,39.2
27019,"Carver County, Minnesota",Minnesota,110041,4.42,125946.0,3.06,50.44,1.1,5.59,27,2.454,0.005467996140238018,0.012222579607590866,0.21228690897394661,0.029269861691862336,0.5638468961080734,0.7188806690254101,0.5924734641363782,25.7,59.2,39.1
19181,"Warren County, Iowa",Iowa,54409,5.14,94588.0,3.4,33.28,0.4,1.51,10,1.838,0.01576069475715664,0.07269218398198778,0.2814409778063686,0.1743325828240592,0.28208427146992604,0.2582824059183017,0.7066580894178193,18.1,70.7,39.1
13029,"Bryan County, Georgia",Georgia,48263,6.7,103408.0,5.34,36.13,1.8,6.31,17,3.522,0.05403666773882277,0.04406561595368286,0.6944355098102284,0.13251849469282728,0.7140559665487295,0.7587648761659698,0.377613380508202,40.0,37.8,39.1
27063,"Jackson County, Minnesota",Minnesota,9933,8.6,75743.0,2.42,26.06,1.4,3.08,3,3.02,0.1521389514313284,0.2531360566098424,0.1247989707301383,0.3406239948536507,0.637825667417176,0.5168864586683821,0.4715342553875844,33.8,47.2,39.1
50011,"Franklin County, Vermont",Vermont,50638,10.27,81313.0,3.16,30.2,0.2,2.15,12,2.37,0.26664522354454806,0.16918623351559986,0.23673206818912834,0.23383724670311998,0.17368928916050178,0.38436796397555484,0.6101640398842071,24.4,61.0,39.1
39039,"Defiance County, Ohio",Ohio,38343,10.48,73064.0,5.16,19.01,0.8,0.95,14,3.651,0.28176262463814733,0.30845931167578,0.6600192988099067,0.6683821164361531,0.46317143776133807,0.1286587327114828,0.34963010614345447,41.8,35.0,39.1
41013,"Crook County, Oregon",Oregon,26277,11.28,81965.0,5.95,21.3,0.3,3.39,10,3.806,0.34223222901254424,0.16275329688002574,0.7896429720167256,0.5435831457060148,0.22997748472177548,0.5522676101640399,0.3235767127693792,43.7,32.4,39.1
51187,"Warren County, Virginia",Virginia,41531,11.64,84682.0,4.88,24.98,0.3,6.26,15,3.612,0.36989385654551304,0.1379864908330653,0.6030878095850756,0.3779350273399807,0.22997748472177548,0.7571566420070762,0.3579929237697009,41.3,35.8,39.1
19045,"Clinton County, Iowa",Iowa,46268,13.19,66981.0,3.37,22.39,0.4,2.02,16,3.458,0.4975876487616597,0.4564168542939852,0.2753296880025732,0.48954647796719203,0.28208427146992604,0.3634609199099389,0.3866194917980058,39.4,38.7,39.1
48075,"Childress County, Texas",Texas,6743,15.35,58654.0,0.55,11.84,0.8,4.75,4,5.932,0.6375040205853972,0.7031199742682535,0.010935992280476037,0.9665487294950145,0.46317143776133807,0.6709552910903828,0.11321968478610486,57.5,11.3,39.1
17143,"Peoria County, Illinois",Illinois,179645,15.67,65108.0,6.17,34.87,1.2,7.13,112,6.235,0.6555162431650048,0.5168864586683821,0.8121582502412351,0.14634930845931168,0.5895786426503699,0.7941460276616276,0.09938887101962046,58.6,9.9,39.1
47141,"Putnam County, Tennessee",Tennessee,82558,18.37,58912.0,3.73,29.79,1.3,5.71,48,5.814,0.7963975554840785,0.6934705693148923,0.3538115149565777,0.24252171116114507,0.6156320360244452,0.7269218398198778,0.11933097458990029,57.1,11.9,39.1
22069,"Natchitoches Parish, Louisiana",Louisiana,36693,25.42,46292.0,5.61,25.82,0.3,1.56,22,5.996,0.9546477967192023,0.9295593438404631,0.7401093599228048,0.34963010614345447,0.22997748472177548,0.27114827918945,0.10935992280476037,57.9,10.9,39.1
24025,"Harford County, Maryland",Maryland,263757,7.14,112265.0,3.83,40.33,0.9,5.95,73,2.768,0.07204889031843037,0.025731746542296558,0.3756834995175298,0.08459311675779993,0.4985525892569958,0.7410743004181409,0.524605982631071,30.0,52.5,39.0
39161,"Van Wert County, Ohio",Ohio,28826,8.98,67917.0,3.42,17.09,0.3,1.3,9,3.122,0.17722740431006753,0.428111933097459,0.2859440334512705,0.7626246381473143,0.22997748472177548,0.20939208748793825,0.4515921518173046,34.9,45.2,39.0
17023,"Clark County, Illinois",Illinois,15266,9.15,72927.0,3.72,24.92,0.3,1.32,4,2.62,0.18752010292698618,0.31199742682534576,0.34898681247989705,0.38018655516243166,0.22997748472177548,0.21614667095529108,0.5567706658089417,27.9,55.7,39.0
44007,"Providence County, Rhode Island",Rhode Island,664854,13.41,78787.0,6.56,32.26,8.3,20.88,506,7.611,0.5127050498552589,0.20231585718880668,0.8491476358957865,0.19137986490833064,0.9688002573174654,0.9662270826632358,0.051785139916371827,61.5,5.2,39.0
23019,"Penobscot County, Maine",Maine,154710,14.1,66356.0,3.61,30.14,0.6,3.35,57,3.684,0.563203602444516,0.47217754905114184,0.3287230620778385,0.23608877452557092,0.38018655516243166,0.5480862013509167,0.34223222901254424,42.1,34.2,39.0
22079,"Rapides Parish, Louisiana",Louisiana,127527,19.9,54967.0,5.15,23.12,0.9,2.8,104,8.155,0.8465744612415568,0.7877130910260534,0.6568028304921196,0.4557735606304278,0.4985525892569958,0.4831135413316179,0.04374396912190415,62.1,4.4,39.0
29011,"Barton County, Missouri",Missouri,11690,20.18,51635.0,3.26,17.38,0.0,1.08,5,4.277,0.8536506915406883,0.8542939852042457,0.25667417175940815,0.7532968800257317,0.0,0.15567706658089417,0.25538758443229337,47.9,25.5,39.0
28043,"Grenada County, Mississippi",Mississippi,21217,24.61,48804.0,4.92,21.8,0.0,0.9,10,4.713,0.9449983917658411,0.9041492441299454,0.6117722740431006,0.5162431650048247,0.0,0.11643615310389192,0.20070762302991316,51.6,20.1,39.0
48221,"Hood County, Texas",Texas,65894,7.66,88160.0,5.63,32.95,1.2,4.36,23,3.49,0.09392087487938244,0.1109681569636539,0.7413959472499196,0.1794789321325185,0.5895786426503699,0.6429720167256352,0.38308137664844,39.3,38.3,38.9
48195,"Hansford County, Texas",Texas,5119,8.58,69441.0,6.2,36.43,12.5,16.55,3,5.861,0.15053071727243486,0.39466066259247345,0.8144097780636861,0.12737214538436797,0.9858475394017369,0.9478932132518495,0.11611450627211321,57.0,11.6,38.9
34023,"Middlesex County, New Jersey",New Jersey,871290,8.59,111549.0,6.69,45.6,9.3,35.39,408,4.683,0.15085236410421357,0.027018333869411385,0.8581537471855902,0.05114184625281441,0.9742682534577034,0.9974268253457703,0.2068189128337086,51.0,20.7,38.9
13247,"Rockdale County, Georgia",Georgia,95281,10.76,77247.0,5.89,32.35,2.3,10.67,47,4.933,0.30138308137664843,0.22804760373110325,0.779350273399807,0.1894499839176584,0.7828883885493728,0.8903184303634609,0.1791572853007398,52.9,17.9,38.9
13139,"Hall County, Georgia",Georgia,212705,11.8,80901.0,3.48,27.29,4.9,16.89,98,4.607,0.38533290447089097,0.17368928916050178,0.2984882598906401,0.302991315535542,0.9189449983917658,0.9498230942425218,0.21614667095529108,50.5,21.6,38.9
48299,"Llano County, Texas",Texas,22424,12.0,67530.0,4.36,32.36,1.0,4.91,9,4.014,0.40270183338694115,0.4387262785461563,0.4831135413316179,0.1891283370858797,0.5310389192666453,0.6831778706979736,0.2910903827597298,45.5,29.1,38.9
12131,"Walton County, Florida",Florida,82948,12.47,81986.0,4.85,35.03,2.1,7.41,36,4.34,0.4387262785461563,0.16243165004824703,0.5966548729495015,0.14409778063686074,0.7574782888388549,0.8012222579607591,0.24734641363782567,48.3,24.7,38.9
51595,"Emporia city, Virginia",Virginia,5547,15.81,51899.0,2.95,16.0,2.3,2.54,5,9.014,0.6625924734641364,0.848504342232229,0.19556127372145385,0.8259890640077195,0.7828883885493728,0.45030556449018977,0.0321646831778707,62.8,3.2,38.9
13115,"Floyd County, Georgia",Georgia,99693,16.02,65565.0,4.25,25.9,1.9,6.62,62,6.219,0.6748150530717273,0.5040205853972338,0.45706014795754263,0.34673528465744613,0.7301383081376649,0.7716307494371181,0.1016403988420714,58.1,10.2,38.9
38065,"Oliver County, North Dakota",North Dakota,1839,5.22,77240.0,1.0,22.97,0.0,0.16,0,0.0,0.018977163074943713,0.22836925056288196,0.02348021871984561,0.4612415567706658,0.0,0.009006111289803796,0.7857832100353811,12.4,78.6,38.8
19049,"Dallas County, Iowa",Iowa,107968,6.26,102379.0,2.29,51.49,2.2,10.39,31,2.871,0.04052750080411708,0.04824702476680605,0.10871662914120296,0.025731746542296558,0.7709874557735606,0.8851720810550016,0.5011257639112254,31.3,50.1,38.8
17027,"Clinton County, Illinois",Illinois,36954,7.37,86588.0,3.42,25.86,0.8,2.35,10,2.706,0.07944676744934062,0.12351238340302348,0.2859440334512705,0.34770022515278226,0.46317143776133807,0.42039240913477,0.5390800900611129,28.7,53.9,38.8
17045,"Edgar County, Illinois",Illinois,16535,12.0,59941.0,4.37,20.39,0.2,1.03,6,3.629,0.40270183338694115,0.6648440012865873,0.48665165648118364,0.5931167577999357,0.17368928916050178,0.14634930845931168,0.353489868124799,41.1,35.3,38.8
41039,"Lane County, Oregon",Oregon,384207,15.34,71544.0,6.43,34.03,1.2,5.42,206,5.362,0.6368607269218398,0.34480540366677387,0.8385332904470891,0.16339659054358316,0.5895786426503699,0.7098745577356063,0.14860083628176263,54.7,14.9,38.8
49051,"Wasatch County, Utah",Utah,36642,4.75,117608.0,2.02,51.34,2.2,8.27,10,2.729,0.009971051785139916,0.019620456738501126,0.08459311675779993,0.026053393374075265,0.7709874557735606,0.8282405918301705,0.5329688002573174,29.0,53.3,38.7
09180,"Southeastern Connecticut Planning Region, Connecticut",Connecticut,279971,10.65,86586.0,5.01,35.8,3.4,8.84,122,4.358,0.295271791572853,0.12383403023480219,0.6288195561273722,0.13637825667417175,0.869411386297845,0.8481826954004503,0.24316500482470246,48.4,24.3,38.7
42021,"Cambria County, Pennsylvania",Pennsylvania,131538,14.23,58418.0,4.65,23.9,0.5,1.13,54,4.105,0.5702798327436475,0.7098745577356063,0.5496944355098102,0.42489546477967194,0.3335477645545191,0.16725635252492763,0.2779028626568028,45.9,27.8,38.7
54083,"Randolph County, West Virginia",West Virginia,27576,15.91,52757.0,7.43,19.79,0.0,0.47,13,4.714,0.6677388227725957,0.8324220006432936,0.9038275972981666,0.6239948536506915,0.0,0.04052750080411708,0.20038597619813445,51.1,20.0,38.7
40049,"Garvin County, Oklahoma",Oklahoma,25860,16.97,58556.0,3.37,18.32,1.1,4.5,19,7.347,0.7266001929880991,0.7053715020907044,0.2753296880025732,0.7066580894178193,0.5638468961080734,0.6539080090061112,0.0598263107108395,60.5,6.0,38.7
17203,"Woodford County, Illinois",Illinois,38312,7.03,91483.0,3.51,35.92,0.2,1.52,7,1.827,0.06561595368285622,0.08845287873914442,0.30459954969443553,0.13541331617883565,0.17368928916050178,0.26182052106786746,0.7082663235767128,17.2,70.8,38.6
40087,"McClain County, Oklahoma",Oklahoma,45273,8.52,84552.0,4.7,28.71,1.0,3.49,15,3.313,0.14570601479575426,0.13862978449662272,0.5583788999678353,0.2663235767127694,0.5310389192666453,0.563203602444516,0.41299453200385977,36.7,41.3,38.6
27061,"Itasca County, Minnesota",Minnesota,45275,12.24,68603.0,5.93,25.9,0.1,0.92,15,3.313,0.42039240913477,0.4107430041814088,0.7870697973624959,0.34673528465744613,0.11997426825345771,0.12158250241235123,0.41299453200385977,36.8,41.3,38.6
21111,"Jefferson County, Kentucky",Kentucky,783022,14.29,69866.0,5.17,37.03,3.9,9.97,500,6.386,0.5751045352203281,0.3834030234802187,0.6622708266323577,0.11772274043100675,0.8867803152138951,0.8761659697651978,0.08941781923448054,58.4,8.9,38.6
55097,"Portage County, Wisconsin",Wisconsin,70832,10.09,76070.0,3.2,34.03,0.6,3.07,20,2.824,0.2528144097780637,0.2483113541331618,0.24477323898359601,0.16339659054358316,0.38018655516243166,0.5155998713412673,0.5117401093599228,30.1,51.2,38.5
39147,"Seneca County, Ohio",Ohio,54770,11.92,66025.0,3.58,20.59,0.5,1.22,19,3.469,0.3969121904149244,0.48954647796719203,0.31939530395625604,0.5815374718559022,0.3335477645545191,0.18977163074943712,0.38436796397555484,38.5,38.4,38.5
37043,"Clay County, North Carolina",North Carolina,11610,12.88,56971.0,2.65,31.78,0.2,3.39,4,3.445,0.47185590221936313,0.7417175940816984,0.1566420070762303,0.20070762302991316,0.17368928916050178,0.5522676101640399,0.38919266645223544,38.3,38.9,38.5
26161,"Washtenaw County, Michigan",Michigan,369822,14.17,89180.0,4.59,58.71,3.0,13.05,171,4.624,0.5673850112576391,0.10292698616918623,0.5394017368928916,0.00964940495336121,0.8446445802508845,0.9224831135413316,0.21486008362817627,49.8,21.5,38.5
36111,"Ulster County, New York",New York,182601,14.64,86271.0,5.41,38.22,1.3,8.11,84,4.6,0.5963332261177228,0.12640720488903184,0.7079446767449341,0.10614345448697331,0.6156320360244452,0.824380829848826,0.21775490511418463,49.6,21.8,38.5
40019,"Carter County, Oklahoma",Oklahoma,48555,16.24,60723.0,3.82,19.92,1.2,3.14,30,6.179,0.6863943390157607,0.6420070762302992,0.3731103248633001,0.6178835638468961,0.5895786426503699,0.5233193953039562,0.10357027983274365,57.2,10.4,38.5
51760,"Richmond city, Virginia",Virginia,229359,18.2,64587.0,5.73,45.64,2.7,8.4,241,10.508,0.7861048568671598,0.529109038275973,0.7549051141846252,0.0508201994210357,0.8230942425217112,0.8311354133161788,0.018977163074943713,62.9,1.9,38.5
42095,"Northampton County, Pennsylvania",Pennsylvania,318580,8.75,89184.0,4.57,34.71,2.8,8.62,125,3.924,0.1617883563846896,0.10260533933740752,0.534577034416211,0.14860083628176263,0.8308137664844001,0.8404631714377614,0.3042779028626568,43.6,30.4,38.4
50019,"Orleans County, Vermont",Vermont,27606,11.73,70103.0,5.28,30.47,0.7,3.48,11,3.985,0.37922161466709553,0.37922161466709553,0.6809263428755227,0.22901254422643938,0.42039240913477,0.560952074622065,0.29688002573174654,44.2,29.7,38.4
20113,"McPherson County, Kansas",Kansas,30205,9.46,78851.0,1.85,34.27,0.9,2.8,8,2.649,0.2119652621421679,0.20199421035702797,0.07269218398198778,0.15825024123512382,0.4985525892569958,0.4831135413316179,0.5513026696687038,27.1,55.1,38.3
36053,"Madison County, New York",New York,67328,10.01,75499.0,4.25,29.64,0.3,2.63,20,2.971,0.2489546477967192,0.25956899324541655,0.45706014795754263,0.24670311997426825,0.22997748472177548,0.46220649726600194,0.48054036667738825,31.7,48.1,38.3
12071,"Lee County, Florida",Florida,817666,12.0,76107.0,4.01,31.2,5.7,18.87,420,5.137,0.40270183338694115,0.24702476680604696,0.41267288517208106,0.21228690897394661,0.9347056931489225,0.959472499195883,0.1656481183660341,52.8,16.6,38.3
36077,"Otsego County, New York",New York,60108,12.54,68885.0,6.37,34.39,0.6,4.08,26,4.326,0.4425860405275008,0.4052750080411708,0.8317787069797362,0.15471212608555807,0.38018655516243166,0.6198134448375684,0.2489546477967192,47.2,24.9,38.3
17145,"Perry County, Illinois",Illinois,20639,16.94,62118.0,4.56,13.67,0.1,1.21,10,4.845,0.7253136056609842,0.6005146349308459,0.5329688002573174,0.9192666452235445,0.11997426825345771,0.18559022193631391,0.18752010292698618,51.4,18.8,38.3
49033,"Rich County, Utah",Utah,2631,3.8,79009.0,0.0,24.39,0.0,0.68,0,0.0,0.0016082341588935349,0.19974268253457703,0.0,0.4036667738822773,0.0,0.07237053715020907,0.7857832100353811,11.3,78.6,38.2
20191,"Sumner County, Kansas",Kansas,22353,10.64,63951.0,5.94,25.92,0.2,1.32,8,3.579,0.2933419105821808,0.5442264393695722,0.7877130910260534,0.3454486973303313,0.17368928916050178,0.21614667095529108,0.3653908009006111,39.3,36.5,38.2
51057,"Essex County, Virginia",Virginia,10623,12.3,56520.0,3.86,16.58,1.3,4.12,8,7.531,0.425860405275008,0.7545834673528465,0.3834030234802187,0.7935027339980701,0.6156320360244452,0.6233515599871341,0.055001608234158894,59.9,5.5,38.2
22073,"Ouachita Parish, Louisiana",Louisiana,158480,23.17,54688.0,6.5,28.62,0.9,2.16,150,9.465,0.9273078160180123,0.7931810871662914,0.8443229334191058,0.26954004503055645,0.4985525892569958,0.3856545513026697,0.025088452878739145,62.0,2.5,38.2
51043,"Clarke County, Virginia",Virginia,15216,7.01,117111.0,2.71,39.81,0.9,6.16,4,2.629,0.0643293663557414,0.019942103570279833,0.16307494371180445,0.08941781923448054,0.4985525892569958,0.7516886458668383,0.5551624316500482,26.5,55.5,38.1
09120,"Greater Bridgeport Planning Region, Connecticut",Connecticut,329259,12.44,89667.0,7.33,41.74,8.7,22.49,209,6.348,0.43743969121904147,0.09874557735606304,0.8993245416532647,0.07301383081376649,0.9707301383081377,0.9723383724670313,0.09070440656159537,57.5,9.1,38.1
40047,"Garfield County, Oklahoma",Oklahoma,62146,12.55,66182.0,4.87,23.27,2.0,6.33,41,6.597,0.4435509810228369,0.48182695400450304,0.6008362817626246,0.45030556449018977,0.7468639433901576,0.7600514634930846,0.08105500160823416,58.1,8.1,38.1
18117,"Orange County, Indiana",Indiana,19767,13.42,65873.0,3.12,16.08,0.0,1.53,7,3.541,0.5139916371823737,0.4943711804438726,0.22611772274043102,0.8192344805403666,0.0,0.2653586362174333,0.3734319716950788,38.7,37.3,38.1
45051,"Horry County, South Carolina",South Carolina,383016,13.24,66880.0,4.88,27.15,1.4,6.68,216,5.639,0.5017690575747829,0.45963332261177225,0.6030878095850756,0.3081376648440013,0.637825667417176,0.7742039240913478,0.12769379221614668,54.7,12.8,38.0
13187,"Lumpkin County, Georgia",Georgia,34505,14.15,77448.0,5.71,31.56,0.9,3.53,15,4.347,0.5660984239305242,0.22386619491798007,0.752010292698617,0.20424573817947894,0.4985525892569958,0.5689932454165326,0.24573817947893214,46.9,24.6,38.0
53037,"Kittitas County, Washington",Washington,47172,14.38,73804.0,6.29,37.0,0.8,4.81,22,4.664,0.5802508845287874,0.29655837889996783,0.8227725956899324,0.11868768092634288,0.46317143776133807,0.6748150530717273,0.20971373431971696,49.3,21.0,38.0
39061,"Hamilton County, Ohio",Ohio,830774,14.97,72470.0,5.02,41.83,1.8,6.26,418,5.031,0.6153103891926665,0.3232550659376005,0.6310710839498231,0.07172724348665166,0.7140559665487295,0.7571566420070762,0.17240270183338693,51.9,17.2,38.0
17169,"Schuyler County, Illinois",Illinois,6787,20.77,65948.0,4.95,19.07,0.0,1.3,3,4.42,0.8713412672885172,0.49244129945320037,0.6175619170151174,0.6661305886137021,0.0,0.20939208748793825,0.2357671276937922,47.6,23.6,38.0
28049,"Hinds County, Mississippi",Mississippi,218533,22.67,49402.0,7.53,31.17,0.7,1.98,212,9.701,0.9163718237375362,0.8922483113541332,0.9102605339337407,0.21421678996461885,0.42039240913477,0.3583145706014796,0.022836925056288194,61.9,2.3,38.0
41067,"Washington County, Oregon",Oregon,603947,8.05,107772.0,4.5,47.5,3.9,18.26,236,3.908,0.11450627211321969,0.035381151495657764,0.5191379864908331,0.04052750080411708,0.8867803152138951,0.9565776777098746,0.30845931167578,42.5,30.8,37.9
19061,"Dubuque County, Iowa",Iowa,99030,9.65,77630.0,3.66,33.37,0.5,3.28,29,2.928,0.2209713734319717,0.220649726600193,0.33708587970408493,0.17304599549694435,0.3335477645545191,0.5403666773882277,0.49018977163074945,30.4,49.0,37.9
39135,"Preble County, Ohio",Ohio,40765,12.59,69223.0,3.16,18.49,0.0,0.59,12,2.944,0.446767449340624,0.39980701190093276,0.23673206818912834,0.6957220971373432,0.0,0.058861370215503375,0.48697330331296235,30.6,48.7,37.9
31179,"Wayne County, Nebraska",Nebraska,9844,13.18,66215.0,4.34,30.37,0.3,6.05,4,4.063,0.4966227082663236,0.4792537793502734,0.4760373110324863,0.2302991315535542,0.22997748472177548,0.7455773560630428,0.28240591830170475,44.3,28.2,37.9
20013,"Brown County, Kansas",Kansas,9343,13.76,62233.0,5.18,19.63,0.2,1.16,4,4.281,0.5371502090704406,0.5950466387906079,0.6635574139594725,0.6336442586040527,0.17368928916050178,0.17368928916050178,0.2541009971051785,46.3,25.4,37.9
36079,"Putnam County, New York",New York,98107,7.11,126257.0,4.43,45.49,2.9,13.89,36,3.669,0.07108394982309424,0.011900932775812159,0.5011257639112254,0.051785139916371827,0.8378899967835317,0.9311675779993567,0.34480540366677387,40.1,34.5,37.8
51007,"Amelia County, Virginia",Virginia,13462,9.7,76717.0,3.78,18.59,0.0,1.92,4,2.971,0.22643936957220973,0.23608877452557092,0.36474750723705374,0.6886458668382116,0.0,0.3464136378256674,0.48054036667738825,31.0,48.1,37.8
39049,"Franklin County, Ohio",Ohio,1333048,14.7,75176.0,4.56,42.1,3.5,13.03,747,5.604,0.6001929880990672,0.26503698938565456,0.5329688002573174,0.0694757156642007,0.8735927951109682,0.9218398198777742,0.13026696687037634,54.4,13.0,37.8
17185,"Wabash County, Illinois",Illinois,11119,16.69,57086.0,4.37,18.59,0.2,2.22,6,5.396,0.7130910260533934,0.73882277259569,0.48665165648118364,0.6886458668382116,0.17368928916050178,0.3956256030878096,0.14538436796397555,53.3,14.5,37.8
40121,"Pittsburg County, Oklahoma",Oklahoma,43561,17.74,55310.0,5.74,20.2,0.5,1.34,29,6.657,0.7664844001286587,0.781601801222258,0.7571566420070762,0.6027661627532969,0.3335477645545191,0.2203280797684143,0.07912512061756191,57.7,7.9,37.8
29071,"Franklin County, Missouri",Missouri,105950,8.16,73165.0,4.32,23.69,0.2,1.37,30,2.832,0.12061756191701511,0.3058861370215503,0.470890961724027,0.4332582824059183,0.17368928916050178,0.22804760373110325,0.510453522032808,28.9,51.0,37.7
09160,"Northwest Hills Planning Region, Connecticut",Connecticut,113216,8.83,93551.0,5.41,39.37,2.2,9.46,47,4.151,0.16822129302026376,0.07655194596333226,0.7079446767449341,0.09263428755226762,0.7709874557735606,0.861691862335156,0.2721132196847861,44.6,27.2,37.7
06001,"Alameda County, California",California,1649473,9.22,129367.0,5.38,52.25,8.8,34.73,758,4.595,0.1929880990672242,0.010292698616918623,0.7015117401093599,0.023158571888066904,0.9716950788034738,0.9967835316822129,0.21839819877774205,48.3,21.8,37.7
53009,"Clallam County, Washington",Washington,77813,10.58,70370.0,5.09,31.55,0.7,4.47,31,3.984,0.28755226761016406,0.3740752653586362,0.6468317787069797,0.20456738501125765,0.42039240913477,0.6503698938565455,0.29720167256352525,43.1,29.7,37.7
41007,"Clatsop County, Oregon",Oregon,41363,12.32,71822.0,4.71,28.74,1.5,4.41,19,4.593,0.428111933097459,0.338050820199421,0.5593438404631714,0.2653586362174333,0.6587327114827919,0.646510131875201,0.21904149244129945,48.3,21.9,37.7
39153,"Summit County, Ohio",Ohio,537864,12.81,71622.0,5.06,35.77,1.4,5.99,253,4.704,0.4634930845931168,0.34287552267610166,0.6400771952396269,0.13669990350595046,0.637825667417176,0.7433258282405918,0.20231585718880668,49.4,20.2,37.7
06037,"Los Angeles County, California",California,9808667,13.74,90112.0,7.27,36.01,12.2,33.44,8863,9.036,0.5342553875844323,0.09392087487938244,0.8970730138308137,0.13477002251527823,0.9842393052428433,0.9945320038597619,0.031843036346091994,60.6,3.2,37.7
18163,"Vanderburgh County, Indiana",Indiana,180117,14.27,61648.0,4.16,27.8,1.1,3.49,88,4.886,0.5738179478932133,0.6111289803795432,0.4387262785461563,0.2914120295915085,0.5638468961080734,0.563203602444516,0.18301704728208426,50.7,18.3,37.7
20129,"Morton County, Kansas",Kansas,2611,14.77,66447.0,1.64,17.06,4.9,10.84,3,11.49,0.6046960437439691,0.4686394339015761,0.054679961402380184,0.7648761659697652,0.9189449983917658,0.8922483113541332,0.01576069475715664,61.7,1.6,37.7
16057,"Latah County, Idaho",Idaho,41049,17.64,65424.0,6.77,42.99,0.3,3.89,20,4.872,0.7623029913155356,0.5088452878739145,0.8652299774847217,0.06368607269218399,0.22997748472177548,0.5985847539401737,0.18526857510453523,50.5,18.5,37.7
54097,"Upshur County, West Virginia",West Virginia,23712,19.24,54338.0,5.72,18.17,0.0,0.91,13,5.482,0.8256674171759408,0.7996140238018655,0.7536185268575104,0.7166291412029592,0.0,0.11868768092634288,0.13959472499195882,53.6,14.0,37.7
47189,"Wilson County, Tennessee",Tennessee,158805,7.97,95839.0,3.23,37.83,1.3,6.58,49,3.086,0.10968156963653908,0.06690254100997105,0.24991958829205532,0.11128980379543262,0.6156320360244452,0.7693792216146671,0.4586683821164362,32.0,45.9,37.6
15003,"Honolulu County, Hawaii",Hawaii,1001146,9.23,106195.0,4.69,38.46,6.0,19.58,438,4.375,0.194274686394339,0.037632679318108715,0.5561273721453843,0.10421357349630106,0.9411386297844966,0.9617240270183338,0.24155677066580894,46.6,24.2,37.6
12089,"Nassau County, Florida",Florida,97859,9.68,89804.0,4.48,35.56,0.7,3.85,31,3.168,0.22322290125442265,0.09842393052428433,0.5133483435188163,0.138308137664844,0.42039240913477,0.5950466387906079,0.4425860405275008,33.1,44.3,37.6
21097,"Harrison County, Kentucky",Kentucky,19140,17.14,66442.0,3.23,22.47,0.3,1.26,7,3.657,0.736571244773239,0.4689610807333548,0.24991958829205532,0.48568671598584756,0.22997748472177548,0.19974268253457703,0.34737857832100355,39.5,34.7,37.6
51830,"Williamsburg city, Virginia",Virginia,15798,18.84,75604.0,6.82,45.8,1.0,10.22,10,6.33,0.8102283692505629,0.25699581859118686,0.8697330331296237,0.04889031843036346,0.5310389192666453,0.8813123190736571,0.09166934705693149,56.6,9.2,37.6
21131,"Leslie County, Kentucky",Kentucky,10079,30.28,35934.0,3.78,11.46,0.0,0.1,6,5.953,0.9800578964297202,0.9897073013830814,0.36474750723705374,0.9726600192988099,0.0,0.005467996140238018,0.11193309745899004,55.2,11.2,37.6
46063,"Harding County, South Dakota",South Dakota,1148,6.33,80441.0,0.87,30.39,0.0,0.96,0,0.0,0.04277902862656803,0.18140881312319074,0.020585397233837247,0.22965583788999677,0.0,0.13123190736571244,0.7857832100353811,10.1,78.6,37.5
18073,"Jasper County, Indiana",Indiana,33234,8.39,77314.0,4.89,19.17,1.2,4.07,15,4.513,0.13605660984239304,0.22740431006754583,0.605982631071084,0.6600192988099067,0.5895786426503699,0.6182052106786748,0.22772595689932454,47.3,22.8,37.5
31109,"Lancaster County, Nebraska",Nebraska,326696,11.88,74793.0,3.15,41.87,2.4,8.7,132,4.04,0.39401736892891603,0.27372145384367963,0.2344805403666774,0.07140559665487295,0.7918944998391766,0.8436796397555484,0.2856223866194918,43.5,28.6,37.5
54023,"Grant County, West Virginia",West Virginia,10983,13.26,62361.0,3.28,13.97,0.0,0.75,4,3.642,0.5033772917336764,0.5918301704728208,0.26117722740431004,0.9092955934384046,0.0,0.08523641042135735,0.3509166934705693,39.2,35.1,37.5
40143,"Tulsa County, Oklahoma",Oklahoma,680794,14.71,69009.0,5.37,34.36,3.1,9.93,562,8.255,0.6005146349308459,0.40270183338694115,0.6995818591186876,0.1566420070762303,0.8504342232229013,0.8735927951109682,0.04181408813123191,59.7,4.2,37.5
54055,"Mercer County, West Virginia",West Virginia,58563,16.49,53210.0,2.65,22.85,0.7,0.63,24,4.098,0.7011900932775812,0.822129302026375,0.1566420070762303,0.4667095529109038,0.42039240913477,0.06593760051463493,0.2785461563203602,43.9,27.9,37.5
54071,"Pendleton County, West Virginia",West Virginia,6043,16.55,64931.0,6.34,18.48,0.4,0.1,3,4.964,0.7060147957542618,0.5207462206497266,0.8282405918301705,0.6963653908009007,0.28208427146992604,0.005467996140238018,0.17690575747828885,50.6,17.7,37.5
27055,"Houston County, Minnesota",Minnesota,18653,6.58,79825.0,1.57,30.1,0.3,2.18,4,2.144,0.049211965262142165,0.18977163074943712,0.051463493084593116,0.23641042135734963,0.22997748472177548,0.38919266645223544,0.648761659697652,19.1,64.9,37.4
46093,"Meade County, South Dakota",South Dakota,30546,7.1,74790.0,3.2,27.77,0.5,1.67,8,2.619,0.07011900932775812,0.27404310067545834,0.24477323898359601,0.29173367642328724,0.3335477645545191,0.2962367320681891,0.5574139594724992,25.2,55.7,37.4
29061,"Daviess County, Missouri",Missouri,8477,11.44,63984.0,1.38,18.44,1.0,0.7,3,3.539,0.3554197491154712,0.5429398520424574,0.04181408813123191,0.6986169186233515,0.5310389192666453,0.07655194596333226,0.3740752653586362,37.4,37.4,37.4
55065,"Lafayette County, Wisconsin",Wisconsin,16942,11.89,76462.0,2.9,22.64,1.8,4.23,7,4.132,0.39498230942425216,0.24027018333869413,0.18848504342232228,0.47732389835960115,0.7140559665487295,0.6326793181087166,0.27404310067545834,44.1,27.4,37.4
51107,"Loudoun County, Virginia",Virginia,432998,4.23,181765.0,3.31,64.55,4.2,27.44,148,3.418,0.003538115149565777,0.0,0.26696687037632677,0.002251527822450949,0.8970730138308137,0.9864908330652943,0.39466066259247345,35.9,39.5,37.3
55131,"Washington County, Wisconsin",Wisconsin,137879,5.79,96359.0,2.55,35.16,0.4,2.87,30,2.176,0.02894821486008363,0.06593760051463493,0.14023801865551624,0.1431328401415246,0.28208427146992604,0.4911547121260856,0.6439369572209713,19.2,64.4,37.3
21101,"Henderson County, Kentucky",Kentucky,44280,14.63,58851.0,2.48,20.15,0.3,1.25,17,3.839,0.5944033451270505,0.6954004503055645,0.13155355419749115,0.6050176905757478,0.22997748472177548,0.1981344483756835,0.3177870697973625,40.9,31.8,37.3
01069,"Houston County, Alabama",Alabama,108140,17.51,58626.0,4.5,23.05,0.8,3.06,72,6.658,0.7565133483435188,0.7044065615953683,0.5191379864908331,0.45931167577999354,0.46317143776133807,0.5152782245094886,0.07880347378578322,57.0,7.9,37.3
06013,"Contra Costa County, California",California,1165012,8.36,127229.0,6.49,45.23,6.4,26.58,567,4.867,0.1338050820199421,0.011257639112254744,0.843036346091991,0.05371502090704407,0.9472499195882921,0.9848825989064007,0.18559022193631391,49.6,18.6,37.2
34039,"Union County, New Jersey",New Jersey,579290,9.18,103202.0,6.51,38.86,12.6,33.6,318,5.489,0.19105821807655193,0.045352203280797684,0.8452878739144419,0.09971051785139916,0.9861691862335156,0.9948536506915406,0.13862978449662272,52.7,13.9,37.2
19077,"Guthrie County, Iowa",Iowa,10688,9.88,77711.0,3.22,25.04,0.3,1.88,3,2.807,0.24123512383403023,0.21871984560952074,0.24863300096494048,0.37504020585397235,0.22997748472177548,0.3367642328723062,0.5162431650048247,27.5,51.6,37.2
08085,"Montrose County, Colorado",Colorado,43807,11.52,72120.0,4.4,28.71,2.0,6.0,21,4.794,0.3592795110968157,0.3312962367320682,0.4959794146027662,0.2663235767127694,0.7468639433901576,0.7439691219041492,0.194274686394339,49.1,19.4,37.2
17159,"Richland County, Illinois",Illinois,15598,12.08,62455.0,3.12,19.08,0.5,1.4,6,3.847,0.4081698295271792,0.5886137021550337,0.22611772274043102,0.6654872949501447,0.3335477645545191,0.2357671276937922,0.31650048247024765,41.0,31.7,37.2
17031,"Cook County, Illinois",Illinois,5182090,13.49,83498.0,7.01,42.72,7.2,21.75,4152,8.012,0.518173045995497,0.14924412994532005,0.8806690254100997,0.06497266001929881,0.9559343840463171,0.968156963653908,0.04663879060791251,59.0,4.7,37.2
19139,"Muscatine County, Iowa",Iowa,42559,13.68,69396.0,3.2,23.09,1.5,6.82,22,5.169,0.5294306851077517,0.39498230942425216,0.24477323898359601,0.45802508845287876,0.6587327114827919,0.781601801222258,0.16403988420714055,51.1,16.4,37.2
36029,"Erie County, New York",New York,950622,13.85,72839.0,4.87,38.05,2.1,7.48,510,5.365,0.5432614988742361,0.3132840141524606,0.6008362817626246,0.10807333547764554,0.7574782888388549,0.8028304921196526,0.14827918944998392,52.1,14.8,37.2
35001,"Bernalillo County, New Mexico",New Mexico,673930,15.17,69473.0,5.33,38.15,4.1,10.53,611,9.066,0.6256030878095851,0.3930524284335799,0.69154068832422,0.10710839498230942,0.8941781923448054,0.8874236088774525,0.03087809585075587,60.0,3.1,37.2
40039,"Custer County, Oklahoma",Oklahoma,28259,16.43,59738.0,4.21,31.7,2.6,5.02,22,7.785,0.6979736249597941,0.6699903505950466,0.44901897716307493,0.2016725635252493,0.8118366034094564,0.6883242200064329,0.05017690575747829,58.6,5.0,37.2
54025,"Greenbrier County, West Virginia",West Virginia,32386,21.82,48218.0,4.16,22.17,0.1,1.77,18,5.558,0.899002894821486,0.9115471212608556,0.4387262785461563,0.4975876487616597,0.11997426825345771,0.3158571888066903,0.1341267288517208,53.0,13.4,37.2
45063,"Lexington County, South Carolina",South Carolina,304887,11.11,77408.0,4.46,34.06,1.7,6.51,130,4.264,0.3274364747507237,0.22418784174975875,0.5091669347056932,0.16307494371180445,0.6960437439691219,0.7671276937922161,0.25635252492762944,44.8,25.6,37.1
55081,"Monroe County, Wisconsin",Wisconsin,46208,11.73,69467.0,3.19,21.35,0.8,2.56,18,3.895,0.37922161466709553,0.3933740752653586,0.24252171116114507,0.5403666773882277,0.46317143776133807,0.45223544548086203,0.31038919266645226,41.2,31.0,37.1
12127,"Volusia County, Florida",Florida,579622,11.76,70044.0,4.13,28.36,1.6,8.82,286,4.934,0.38211643615310387,0.3811514956577678,0.4326149887423609,0.27693792216146673,0.6767449340623994,0.8478610485686716,0.17883563846896108,50.0,17.9,37.1
38035,"Grand Forks County, North Dakota",North Dakota,72923,13.2,68075.0,2.33,38.0,2.1,6.72,31,4.251,0.4985525892569958,0.42521711161145065,0.1151495657767771,0.10839498230942425,0.7574782888388549,0.7758121582502412,0.257960759086523,44.7,25.8,37.1
56015,"Goshen County, Wyoming",Wyoming,12605,14.69,58929.0,3.48,23.02,0.2,1.66,5,3.967,0.5995496944355098,0.6925056288195561,0.2984882598906401,0.45963332261177225,0.17368928916050178,0.29430685107751686,0.2981666130588614,42.0,29.8,37.1
48183,"Gregg County, Texas",Texas,125480,16.1,66550.0,3.6,22.91,2.5,8.24,109,8.687,0.6796397555484078,0.465422965583789,0.32486330009649406,0.46477967192023156,0.8018655516243165,0.826632357671277,0.03731103248633001,59.4,3.7,37.1
19025,"Calhoun County, Iowa",Iowa,9803,9.26,64964.0,2.57,21.82,0.5,0.98,3,3.06,0.19749115471212608,0.5194596333226118,0.1431328401415246,0.5149565776777099,0.3335477645545191,0.13573496301061436,0.4634930845931168,30.7,46.3,37.0
42045,"Delaware County, Pennsylvania",Pennsylvania,579222,10.17,89546.0,6.86,41.94,2.8,11.23,296,5.11,0.2586040527500804,0.09971051785139916,0.8723062077838534,0.07076230299131553,0.8308137664844001,0.8993245416532647,0.16693470569314892,50.5,16.7,37.0
17105,"Livingston County, Illinois",Illinois,35565,10.52,73790.0,3.46,18.99,0.5,2.42,13,3.655,0.28369250562881954,0.29688002573174654,0.2946284979092956,0.6703119974268253,0.3335477645545191,0.43165004824702474,0.34802187198456097,38.5,34.8,37.0
49029,"Morgan County, Utah",Utah,12802,1.42,130929.0,2.32,38.37,0.0,1.8,0,0.0,0.0,0.008684464458025088,0.11354133161788356,0.10517851399163718,0.0,0.32164683177870695,0.7857832100353811,9.2,78.6,36.9
24035,"Queen Anne's County, Maryland",Maryland,51825,6.44,112826.0,3.83,37.98,1.3,5.07,16,3.087,0.045352203280797684,0.02444515921518173,0.3756834995175298,0.10871662914120296,0.6156320360244452,0.6921839819877774,0.45802508845287876,31.0,45.8,36.9
48091,"Comal County, Texas",Texas,183826,6.48,101889.0,3.94,43.35,1.9,6.24,61,3.318,0.04631714377613381,0.04889031843036346,0.4010935992280476,0.060791251206175616,0.7301383081376649,0.755226761016404,0.41170794467674493,34.0,41.2,36.9
20079,"Harvey County, Kansas",Kansas,33756,8.23,74368.0,4.81,30.09,0.6,3.89,12,3.555,0.12672885172081055,0.2814409778063686,0.5879704084914763,0.23737536185268576,0.38018655516243166,0.5985847539401737,0.36989385654551304,36.9,37.0,36.9
19189,"Winnebago County, Iowa",Iowa,10583,11.18,67642.0,3.01,26.07,0.9,3.52,4,3.78,0.33386941138629783,0.4367963975554841,0.20553232550659375,0.340302348021872,0.4985525892569958,0.5667417175940817,0.327114827918945,39.7,32.7,36.9
56007,"Carbon County, Wyoming",Wyoming,14463,12.17,70511.0,4.96,24.35,3.1,4.16,9,6.223,0.4155677066580894,0.36989385654551304,0.619170151174011,0.4059183017047282,0.8504342232229013,0.6275329688002573,0.10099710517851399,54.8,10.1,36.9
55123,"Vernon County, Wisconsin",Wisconsin,31049,13.09,71893.0,2.49,24.93,0.9,0.92,10,3.221,0.4882598906400772,0.3367642328723062,0.1338050820199421,0.37954326149887424,0.4985525892569958,0.12158250241235123,0.433579929237697,32.6,43.4,36.9
27127,"Redwood County, Minnesota",Minnesota,15350,13.27,67866.0,2.56,22.18,0.8,2.36,6,3.909,0.5040205853972338,0.43068510775168867,0.14184625281440977,0.4966227082663236,0.46317143776133807,0.4239305242843358,0.3081376648440013,41.0,30.8,36.9
17059,"Gallatin County, Illinois",Illinois,4819,13.58,59219.0,9.16,13.6,0.1,0.73,3,6.225,0.5236410421357349,0.6854293985204246,0.9556127372145384,0.9221614667095529,0.11997426825345771,0.08137664844001287,0.10035381151495658,54.8,10.0,36.9
40109,"Oklahoma County, Oklahoma",Oklahoma,806199,15.95,66679.0,4.83,35.86,3.6,10.82,966,11.982,0.6699903505950466,0.46252814409778065,0.5918301704728208,0.13605660984239304,0.8784174975876488,0.8916050176905758,0.0138308137664844,60.5,1.4,36.9
45079,"Richland County, South Carolina",South Carolina,422117,17.2,63784.0,6.45,40.71,1.5,5.97,421,9.974,0.7394660662592474,0.5471212608555805,0.8394982309424253,0.08169829527179158,0.6587327114827919,0.742039240913477,0.020585397233837247,60.1,2.1,36.9
06005,"Amador County, California",California,41428,8.19,88044.0,5.4,22.42,2.1,5.83,20,4.828,0.12286908973946607,0.11161145062721133,0.7060147957542618,0.4879382438082985,0.7574782888388549,0.7339980701190093,0.19041492441299454,48.7,19.0,36.8
19113,"Linn County, Iowa",Iowa,230004,9.41,77649.0,3.45,34.74,1.7,5.58,84,3.652,0.2081055001608234,0.21968478610485687,0.2930202637504021,0.1479575426182052,0.6960437439691219,0.7185590221936314,0.34898681247989705,38.1,34.9,36.8
42013,"Blair County, Pennsylvania",Pennsylvania,121277,12.04,62382.0,4.39,24.42,0.5,1.51,48,3.958,0.4052750080411708,0.5908652299774847,0.4930845931167578,0.4014152460598263,0.3335477645545191,0.2582824059183017,0.3000964940495336,41.4,30.0,36.8
37049,"Craven County, North Carolina",North Carolina,102612,13.7,65873.0,4.21,27.52,0.9,4.11,49,4.775,0.5320038597619814,0.4943711804438726,0.44901897716307493,0.29752331939530396,0.4985525892569958,0.6220649726600193,0.19620456738501127,48.2,19.6,36.8
42069,"Lackawanna County, Pennsylvania",Pennsylvania,216146,14.36,66223.0,4.91,30.63,2.3,6.74,161,7.449,0.5786426503698938,0.478610485686716,0.6091990993888711,0.22643936957220973,0.7828883885493728,0.777098745577356,0.05628819556127372,57.5,5.6,36.8
48087,"Collingsworth County, Texas",Texas,2588,21.76,61280.0,1.11,25.59,7.7,6.22,3,11.592,0.8961080733354776,0.6217433258282405,0.029591508523641043,0.35767127693792217,0.9597941460276617,0.7539401736892891,0.015117401093599228,60.3,1.5,36.8
31025,"Cass County, Nebraska",Nebraska,27161,5.22,91836.0,1.72,32.16,0.4,1.29,5,1.841,0.018977163074943713,0.08620135091669347,0.061112898037954326,0.1939530395625603,0.28208427146992604,0.2071405596654873,0.7056931489224831,14.2,70.6,36.7
18081,"Johnson County, Indiana",Indiana,166315,7.44,90454.0,3.0,34.68,1.1,5.72,51,3.066,0.08201994210357028,0.09295593438404631,0.20424573817947894,0.14956577677709876,0.5638468961080734,0.7272434866516565,0.46317143776133807,30.3,46.3,36.7
05007,"Benton County, Arkansas",Arkansas,303632,7.56,93506.0,3.08,37.75,2.9,12.65,110,3.623,0.08941781923448054,0.07751688645866839,0.21743325828240592,0.11193309745899004,0.8378899967835317,0.9163718237375362,0.3560630427790286,37.5,35.6,36.7
34021,"Mercer County, New Jersey",New Jersey,385864,10.27,100645.0,6.31,45.44,7.9,27.03,215,5.572,0.26664522354454806,0.053071727243486654,0.8247024766806047,0.05242843357992924,0.9620456738501125,0.9858475394017369,0.13219684786104857,52.4,13.2,36.7
37039,"Cherokee County, North Carolina",North Carolina,29562,12.36,53628.0,4.07,24.19,0.1,1.91,12,4.059,0.4310067545834674,0.8121582502412351,0.4213573496301061,0.41267288517208106,0.11997426825345771,0.34384046317143774,0.2833708587970408,42.4,28.3,36.7
40073,"Kingfisher County, Oklahoma",Oklahoma,15430,12.84,71975.0,2.11,24.29,3.8,8.54,8,5.185,0.4660662592473464,0.33419105821807654,0.09070440656159537,0.40752653586362175,0.8848504342232228,0.8366034094564169,0.16243165004824703,50.3,16.2,36.7
51101,"King William County, Virginia",Virginia,18593,5.86,86056.0,2.29,22.96,0.5,2.36,5,2.689,0.02991315535541975,0.1293020263750402,0.10871662914120296,0.46220649726600194,0.3335477645545191,0.4239305242843358,0.5422965583789,24.8,54.2,36.6
29037,"Cass County, Missouri",Missouri,110773,6.24,87535.0,4.15,29.63,0.4,1.75,29,2.618,0.04020585397233837,0.11482791894499839,0.4367963975554841,0.24734641363782567,0.28208427146992604,0.31199742682534576,0.5577356063042779,23.9,55.8,36.6
31141,"Platte County, Nebraska",Nebraska,34716,9.76,71552.0,2.0,23.01,4.3,12.25,17,4.897,0.2302991315535542,0.34384046317143774,0.0829848825989064,0.4602766162753297,0.9002894821486008,0.9125120617561917,0.18140881312319074,48.8,18.1,36.6
12086,"Miami-Dade County, Florida",Florida,2738356,14.72,71753.0,4.6,34.39,24.4,54.53,4470,16.324,0.601479575426182,0.33933740752653585,0.5419749115471213,0.15471212608555807,0.9990350595046639,1.0,0.005146349308459312,60.6,0.5,36.6
36087,"Rockland County, New York",New York,341883,16.25,109959.0,5.6,42.71,7.9,22.09,260,7.605,0.6873592795110968,0.03152138951431328,0.7385011257639112,0.06529430685107751,0.9620456738501125,0.9694435509810229,0.05242843357992924,57.6,5.2,36.6
54061,"Monongalia County, West Virginia",West Virginia,107163,19.71,65346.0,4.72,48.9,1.4,5.35,68,6.345,0.839819877774204,0.5120617561917015,0.5615953682856224,0.035702798327436475,0.637825667417176,0.7076230299131554,0.09102605339337408,54.9,9.1,36.6
25007,"Dukes County, Massachusetts",Massachusetts,20933,4.43,125786.0,6.56,51.9,2.7,13.85,9,4.299,0.005789642972016726,0.012544226439369572,0.8491476358957865,0.023801865551624318,0.8230942425217112,0.9305242843357993,0.25217111611450627,44.1,25.2,36.5
18137,"Ripley County, Indiana",Indiana,29095,10.11,70573.0,3.03,20.72,0.3,1.22,9,3.093,0.2541009971051785,0.3692505628819556,0.207462206497266,0.5734963010614346,0.22997748472177548,0.18977163074943712,0.4567385011257639,30.4,45.7,36.5
27123,"Ramsey County, Minnesota",Minnesota,542945,12.34,81568.0,4.87,45.65,4.6,15.58,298,5.489,0.4287552267610164,0.1662914120295915,0.6008362817626246,0.05049855258925699,0.9102605339337407,0.9430685107751688,0.13862978449662272,51.7,13.9,36.5
13051,"Chatham County, Georgia",Georgia,300879,14.33,71097.0,5.94,37.69,1.8,8.74,217,7.212,0.5770344162110003,0.35767127693792217,0.7877130910260534,0.11257639112254744,0.7140559665487295,0.8452878739144419,0.06400771952396268,56.6,6.4,36.5
48441,"Taylor County, Texas",Texas,145863,14.67,67139.0,2.59,29.28,2.1,6.74,75,5.142,0.5979414602766163,0.4515921518173046,0.14538436796397555,0.25506593760051466,0.7574782888388549,0.777098745577356,0.1653264715342554,49.7,16.5,36.5
41061,"Union County, Oregon",Oregon,26144,16.06,65661.0,5.73,26.09,0.2,3.96,14,5.355,0.6773882277259569,0.5001608234158893,0.7549051141846252,0.33933740752653585,0.17368928916050178,0.6043743969121904,0.14956577677709876,50.8,15.0,36.5
25025,"Suffolk County, Massachusetts",Massachusetts,785121,16.18,95631.0,6.3,50.61,11.8,29.81,885,11.272,0.6831778706979736,0.06818912833708587,0.8237375361852686,0.02894821486008363,0.9832743647475073,0.9900289482148601,0.01704728208427147,59.6,1.7,36.5
22019,"Calcasieu Parish, Louisiana",Louisiana,207088,17.38,67564.0,5.44,24.85,0.7,3.59,131,6.326,0.7513669990350595,0.4380829848825989,0.7146992602122869,0.3856545513026697,0.42039240913477,0.5738179478932133,0.09263428755226762,54.7,9.3,36.5
49023,"Juab County, Utah",Utah,12586,6.92,101786.0,2.2,20.0,0.0,2.15,3,2.384,0.06239948536506915,0.05017690575747829,0.09906722418784175,0.6133805082019942,0.0,0.38436796397555484,0.6075908652299775,20.2,60.8,36.4
20139,"Osage County, Kansas",Kansas,15744,9.71,74467.0,1.93,21.56,0.1,0.88,4,2.541,0.22708266323576712,0.27983274364747507,0.07719523962688968,0.5271791572853007,0.11997426825345771,0.11321968478610486,0.5728530073978771,22.4,57.3,36.4
34007,"Camden County, New Jersey",New Jersey,527257,12.4,88755.0,6.89,36.34,5.1,12.31,377,7.15,0.4342232229012544,0.10710839498230942,0.8745577356063042,0.12769379221614668,0.923126407204889,0.9131553554197491,0.06529430685107751,56.3,6.5,36.4
21067,"Fayette County, Kentucky",Kentucky,323725,14.93,69479.0,4.85,48.29,4.2,11.91,258,7.97,0.6127372145384368,0.39240913477002254,0.5966548729495015,0.03827597298166613,0.8970730138308137,0.9080090061112898,0.047603731103248635,57.4,4.8,36.4
51185,"Tazewell County, Virginia",Virginia,39624,18.52,47313.0,3.83,16.6,0.1,1.26,24,6.057,0.8012222579607591,0.9189449983917658,0.3756834995175298,0.7915728530073979,0.11997426825345771,0.19974268253457703,0.10743004181408813,53.5,10.7,36.4
55087,"Outagamie County, Wisconsin",Wisconsin,192826,6.29,85069.0,2.74,32.73,1.0,4.31,57,2.956,0.04117079446767449,0.1341267288517208,0.16982952717915728,0.18333869411386297,0.5310389192666453,0.6391122547442908,0.484078481826954,28.3,48.4,36.3
51137,"Orange County, Virginia",Virginia,37822,9.83,94008.0,3.36,29.55,0.5,5.07,12,3.173,0.2354454808620135,0.07558700546799614,0.2733998070119009,0.2492762946284979,0.3335477645545191,0.6921839819877774,0.4419427468639434,31.0,44.2,36.3
20001,"Allen County, Kansas",Kansas,12483,9.92,60689.0,7.91,22.44,0.4,3.21,7,5.608,0.24252171116114507,0.6432936635574139,0.923126407204889,0.48761659697651977,0.28208427146992604,0.5316822129302027,0.1293020263750402,51.8,12.9,36.3
47159,"Smith County, Tennessee",Tennessee,20389,10.02,66293.0,2.66,18.45,0.3,1.5,7,3.433,0.2492762946284979,0.476358957864265,0.15825024123512382,0.6976519781280155,0.22997748472177548,0.25667417175940815,0.3911225474429077,34.5,39.1,36.3
40099,"Murray County, Oklahoma",Oklahoma,13753,12.65,66322.0,2.48,19.63,0.2,1.97,5,3.636,0.4515921518173046,0.4737857832100354,0.13155355419749115,0.6336442586040527,0.17368928916050178,0.3554197491154712,0.35252492762946286,37.0,35.3,36.3
48113,"Dallas County, Texas",Texas,2621179,13.92,76547.0,5.0,35.74,8.2,24.8,2360,9.004,0.547764554519138,0.23801865551624315,0.6262463814731425,0.13734319716950788,0.9675136699903506,0.9800578964297202,0.03248633000964941,58.3,3.2,36.3
18111,"Newton County, Indiana",Indiana,13922,14.04,75481.0,6.52,15.27,0.2,3.79,9,6.465,0.5583788999678353,0.25989064007719526,0.8462528144097781,0.8587970408491477,0.17368928916050178,0.5908652299774847,0.08620135091669347,54.8,8.6,36.3
12031,"Duval County, Florida",Florida,1023153,14.15,71277.0,4.48,34.43,3.8,12.21,748,7.311,0.5660984239305242,0.353489868124799,0.5133483435188163,0.15342553875844323,0.8848504342232228,0.9118687680926343,0.060791251206175616,56.4,6.1,36.3
19075,"Grundy County, Iowa",Iowa,12384,6.52,87205.0,1.96,27.84,0.6,1.73,3,2.422,0.047603731103248635,0.11740109359922805,0.07944676744934062,0.2901254422643937,0.38018655516243166,0.3087809585075587,0.5998713412672885,20.4,60.0,36.2
08119,"Teller County, Colorado",Colorado,24825,7.61,85361.0,3.72,37.86,0.3,1.69,6,2.417,0.0923126407204889,0.13187520102926986,0.34898681247989705,0.1109681569636539,0.22997748472177548,0.30170472820842714,0.601479575426182,20.3,60.1,36.2
49049,"Utah County, Utah",Utah,705400,8.69,100671.0,3.76,44.39,2.1,8.24,256,3.629,0.1563203602444516,0.05275008041170794,0.3602444515921518,0.05660984239305243,0.7574782888388549,0.826632357671277,0.353489868124799,36.8,35.3,36.2
18031,"Decatur County, Indiana",Indiana,26422,10.2,69783.0,2.65,19.97,0.2,1.05,8,3.028,0.26182052106786746,0.38501125763911226,0.1566420070762303,0.6153103891926665,0.17368928916050178,0.14892248311354134,0.4692827275651335,29.0,46.9,36.2
21239,"Woodford County, Kentucky",Kentucky,27279,10.52,83788.0,2.53,40.74,2.6,6.76,10,3.666,0.28369250562881954,0.14570601479575426,0.1379864908330653,0.08137664844001287,0.8118366034094564,0.779350273399807,0.3454486973303313,37.3,34.5,36.2
19155,"Pottawattamie County, Iowa",Iowa,93424,12.12,73602.0,3.81,23.64,1.9,4.0,45,4.817,0.4113862978449662,0.3004181408813123,0.37118044387262783,0.4339015760694757,0.7301383081376649,0.6082341588935349,0.19234480540366677,47.6,19.2,36.2
29049,"Clinton County, Missouri",Missouri,21414,12.3,70627.0,2.97,22.14,0.4,1.06,7,3.269,0.425860405275008,0.36667738822772594,0.19909938887101963,0.4991958829205532,0.28208427146992604,0.15117401093599228,0.4229655837889997,32.1,42.3,36.2
36067,"Onondaga County, New York",New York,471129,13.8,76945.0,5.19,39.22,2.5,7.89,276,5.858,0.5397233837246703,0.23287230620778385,0.665165648118366,0.09585075587005468,0.8018655516243165,0.8150530717272435,0.11675779993567063,52.5,11.7,36.2
36061,"New York County, New York",New York,1629477,16.52,103931.0,7.58,64.19,8.2,28.23,3614,22.179,0.7044065615953683,0.04245738179478932,0.9118687680926343,0.0032164683177870698,0.9675136699903506,0.9880990672241878,0.0016082341588935349,60.3,0.2,36.2
46123,"Tripp County, South Dakota",South Dakota,5611,18.45,58987.0,1.82,17.73,0.7,1.71,3,5.347,0.7986490833065294,0.6908973946606626,0.069154068832422,0.736571244773239,0.42039240913477,0.30459954969443553,0.15020907044065615,50.3,15.0,36.2
12073,"Leon County, Florida",Florida,297542,18.67,66287.0,5.69,48.91,1.7,7.44,347,11.662,0.8050820199421036,0.47668060469604373,0.749758764876166,0.03473785783210035,0.6960437439691219,0.8025088452878739,0.014795754261820521,59.4,1.5,36.2
24021,"Frederick County, Maryland",Maryland,287048,6.0,122002.0,3.31,45.79,2.1,13.75,99,3.449,0.033772917336764234,0.01576069475715664,0.26696687037632677,0.049211965262142165,0.7574782888388549,0.9289160501769057,0.388549372788678,34.2,38.9,36.1
48211,"Hemphill County, Texas",Texas,3234,6.19,61563.0,5.86,21.94,1.4,14.1,3,9.276,0.037954326149887425,0.6133805082019942,0.773882277259569,0.5094885815374719,0.637825667417176,0.9330974589900289,0.027018333869411385,58.4,2.7,36.1
08007,"Archuleta County, Colorado",Colorado,13900,8.19,83065.0,1.34,40.87,1.1,4.43,4,2.878,0.12286908973946607,0.15406883242200065,0.039562560308780956,0.08009006111289804,0.5638468961080734,0.6474750723705371,0.5001608234158893,26.8,50.0,36.1
36069,"Ontario County, New York",New York,112625,9.01,82324.0,3.71,37.97,1.1,4.39,38,3.374,0.17851399163718237,0.15889353489868124,0.34705693148922484,0.10935992280476037,0.5638468961080734,0.6455451913798649,0.4014152460598263,33.4,40.1,36.1
27095,"Mille Lacs County, Minnesota",Minnesota,27125,10.38,72729.0,3.97,18.18,0.4,1.43,10,3.687,0.27693792216146673,0.3177870697973625,0.40495336120939207,0.7163074943711805,0.28208427146992604,0.24091347700225152,0.34191058218076553,37.3,34.2,36.1
12045,"Gulf County, Florida",Florida,15131,12.47,61179.0,2.63,23.51,0.2,3.76,6,3.965,0.4387262785461563,0.6259247346413638,0.15310389192666451,0.439047925377935,0.17368928916050178,0.5876487616596977,0.2984882598906401,40.3,29.8,36.1
34037,"Sussex County, New Jersey",New Jersey,145807,5.54,116186.0,5.12,40.27,1.5,8.75,55,3.772,0.024123512383403024,0.020907044065615953,0.6529430685107752,0.08523641042135735,0.6587327114827919,0.8456095207462206,0.3280797684142811,38.1,32.8,36.0
19011,"Benton County, Iowa",Iowa,25724,7.38,86962.0,2.01,25.56,0.1,0.84,5,1.944,0.07976841428111933,0.11933097458990029,0.08427146992602123,0.358957864265037,0.11997426825345771,0.10228369250562883,0.6844644580250885,14.4,68.4,36.0
31159,"Seward County, Nebraska",Nebraska,17641,7.38,82444.0,2.13,33.17,0.6,1.25,4,2.267,0.07976841428111933,0.15792859440334514,0.0919909938887102,0.175619170151174,0.38018655516243166,0.1981344483756835,0.6284979092955935,18.1,62.8,36.0
42119,"Union County, Pennsylvania",Pennsylvania,42456,8.96,76404.0,2.17,26.5,0.9,3.86,14,3.298,0.17658411064651014,0.24091347700225152,0.09617240270183339,0.32422000643293664,0.4985525892569958,0.5963332261177228,0.41717594081698295,32.2,41.7,36.0
55127,"Walworth County, Wisconsin",Wisconsin,105657,9.36,80520.0,2.88,32.4,1.4,6.23,38,3.597,0.20585397233837247,0.18108716629141203,0.18494692827275652,0.18848504342232228,0.637825667417176,0.7545834673528465,0.3608877452557092,35.9,36.1,36.0
31047,"Dawson County, Nebraska",Nebraska,24202,10.82,69880.0,1.4,17.61,13.5,22.66,20,8.264,0.30652943068510774,0.38308137664844,0.043100675458346734,0.7430041814088131,0.9874557735606304,0.9726600192988099,0.04117079446767449,57.3,4.1,36.0
12005,"Bay County, Florida",Florida,186393,11.89,73533.0,3.89,29.64,2.2,8.61,96,5.15,0.39498230942425216,0.30138308137664843,0.390800900611129,0.24670311997426825,0.7709874557735606,0.8401415246059827,0.16468317787069797,49.1,16.5,36.0
19007,"Appanoose County, Iowa",Iowa,12184,17.5,54934.0,3.85,20.5,0.6,1.31,7,5.745,0.7555484078481827,0.7886780315213895,0.3811514956577678,0.5853972338372467,0.38018655516243166,0.21325184946928272,0.12286908973946607,51.7,12.3,36.0
29075,"Gentry County, Missouri",Missouri,6245,17.86,55848.0,2.19,21.59,0.9,1.12,3,4.804,0.7700225152782245,0.7680926342875523,0.09842393052428433,0.524605982631071,0.4985525892569958,0.16436153103891926,0.1929880990672242,47.1,19.3,36.0
51085,"Hanover County, Virginia",Virginia,112879,5.69,112805.0,2.72,42.7,0.5,4.25,28,2.481,0.0276616275329688,0.024766806046960438,0.16500482470247668,0.06561595368285622,0.3335477645545191,0.6346091990993888,0.5847539401736893,20.9,58.5,35.9
48367,"Parker County, Texas",Texas,165168,7.98,104443.0,3.98,32.33,1.3,4.73,57,3.451,0.11000321646831779,0.04052750080411708,0.40720488903184304,0.19009327758121583,0.6156320360244452,0.6696687037632679,0.3882277259568993,33.9,38.8,35.9
44009,"Washington County, Rhode Island",Rhode Island,130344,8.19,106638.0,4.42,52.37,1.3,5.03,44,3.376,0.12286908973946607,0.036024445159215185,0.5001608234158893,0.022836925056288194,0.6156320360244452,0.6889675136699903,0.4007719523962689,33.1,40.1,35.9
55063,"La Crosse County, Wisconsin",Wisconsin,120488,12.39,73013.0,3.14,36.46,0.5,3.03,40,3.32,0.4339015760694757,0.31038919266645226,0.23222901254422643,0.12640720488903184,0.3335477645545191,0.5107751688645867,0.4110646510131875,32.5,41.1,35.9
13089,"DeKalb County, Georgia",Georgia,765351,13.69,80644.0,6.39,47.43,4.3,17.28,664,8.676,0.5310389192666453,0.17819234480540366,0.8330652943068511,0.04084914763589579,0.9002894821486008,0.9517529752331939,0.037632679318108715,57.3,3.8,35.9
17061,"Greene County, Illinois",Illinois,11683,14.26,62192.0,4.86,18.97,0.1,0.21,5,4.28,0.5731746542296559,0.5969765197812802,0.5985847539401737,0.6722418784174976,0.11997426825345771,0.012865873271148279,0.25442264393695724,42.9,25.4,35.9
08053,"Hinsdale County, Colorado",Colorado,1005,4.08,75972.0,0.0,47.69,0.0,1.0,0,0.0,0.0032164683177870698,0.2492762946284979,0.0,0.04020585397233837,0.0,0.14023801865551624,0.7857832100353811,7.2,78.6,35.8
17189,"Washington County, Illinois",Illinois,13627,7.53,78224.0,4.35,23.47,0.5,0.65,4,2.935,0.08877452557092312,0.21132196847861048,0.478610485686716,0.4406561595368286,0.3335477645545191,0.06722418784174976,0.4889031843036346,27.0,48.9,35.8
29186,"Ste. Genevieve County, Missouri",Missouri,18571,8.15,66339.0,4.22,16.79,0.0,0.39,6,3.231,0.11997426825345771,0.47282084271469926,0.4515921518173046,0.7809585075587006,0.0,0.030234802187198456,0.43036346091990996,30.9,43.0,35.8
38055,"McLean County, North Dakota",North Dakota,9823,8.88,83583.0,1.35,26.14,1.1,2.67,3,3.054,0.1717594081698295,0.1476358957864265,0.04052750080411708,0.3367642328723062,0.5638468961080734,0.46735284657446124,0.4641363782566742,28.8,46.4,35.8
06097,"Sonoma County, California",California,485040,8.89,104674.0,5.71,38.49,4.5,16.84,250,5.154,0.17208105500160822,0.04020585397233837,0.752010292698617,0.10324863300096494,0.9067224187841749,0.9491798005789643,0.16436153103891926,48.7,16.4,35.8
27113,"Pennington County, Minnesota",Minnesota,13791,10.46,77325.0,2.88,20.99,0.5,3.65,5,3.626,0.2801543904792538,0.2267610164039884,0.18494692827275652,0.558700546799614,0.3335477645545191,0.5776777098745577,0.3550981022836925,36.0,35.5,35.8
13135,"Gwinnett County, Georgia",Georgia,979864,10.82,87890.0,4.21,39.01,9.4,28.42,508,5.184,0.30652943068510774,0.11257639112254744,0.44901897716307493,0.09810228369250563,0.9749115471212608,0.9884207140559665,0.16275329688002574,48.8,16.3,35.8
26031,"Cheboygan County, Michigan",Michigan,25865,12.36,62875.0,6.1,24.44,0.1,2.23,12,4.639,0.4310067545834674,0.5754261820521068,0.8070119009327759,0.4007719523962689,0.11997426825345771,0.396268896751367,0.212930202637504,45.5,21.3,35.8
39151,"Stark County, Ohio",Ohio,373713,12.46,67934.0,3.88,25.92,0.5,2.16,144,3.853,0.4377613380508202,0.42746863943390156,0.38726278546156323,0.3454486973303313,0.3335477645545191,0.3856545513026697,0.3158571888066903,38.6,31.6,35.8
30101,"Toole County, Montana",Montana,5061,12.57,57731.0,4.88,22.51,0.3,4.25,3,5.928,0.44483756834995175,0.7269218398198778,0.6030878095850756,0.4837568349951753,0.22997748472177548,0.6346091990993888,0.11386297844966227,52.1,11.4,35.8
42043,"Dauphin County, Pennsylvania",Pennsylvania,289593,12.87,76242.0,4.51,34.43,3.1,9.81,169,5.836,0.4705693148922483,0.2441299453200386,0.5217111611450628,0.15342553875844323,0.8504342232229013,0.869411386297845,0.11836603409456417,51.8,11.8,35.8
21123,"Larue County, Kentucky",Kentucky,15107,17.91,67067.0,1.52,15.5,0.0,1.54,6,3.972,0.773882277259569,0.45448697330331295,0.047603731103248635,0.8468961080733355,0.0,0.2679318108716629,0.2978449662270827,39.8,29.8,35.8
27037,"Dakota County, Minnesota",Minnesota,445771,5.85,106318.0,3.6,45.04,2.1,10.14,158,3.544,0.029269861691862336,0.0369893856545513,0.32486330009649406,0.05403666773882277,0.7574782888388549,0.880347378578321,0.37246703119974267,34.7,37.2,35.7
47065,"Hamilton County, Tennessee",Tennessee,376192,13.08,76183.0,4.37,37.47,2.1,6.61,186,4.944,0.48697330331296235,0.24509488581537472,0.48665165648118364,0.11450627211321969,0.7574782888388549,0.7713091026053394,0.17819234480540366,47.7,17.8,35.7
26103,"Marquette County, Michigan",Michigan,67112,13.95,65429.0,4.62,36.8,0.1,2.13,25,3.725,0.5513026696687038,0.5078803473785783,0.5467996140238018,0.12093920874879382,0.11997426825345771,0.38050820199421037,0.3364425860405275,37.1,33.6,35.7
19197,"Wright County, Iowa",Iowa,12791,16.75,67190.0,1.84,24.88,2.4,6.54,8,6.254,0.715664200707623,0.44966227082663235,0.07140559665487295,0.3827597298166613,0.7918944998391766,0.768414281119331,0.09745899002894821,53.0,9.7,35.7
51113,"Madison County, Virginia",Virginia,14044,10.76,84323.0,4.33,27.01,0.5,3.15,5,3.56,0.30138308137664843,0.14120295915085238,0.47282084271469926,0.31135413316178834,0.3335477645545191,0.5239626889675136,0.3686072692183982,34.7,36.9,35.6
37139,"Pasquotank County, North Carolina",North Carolina,40834,11.04,66589.0,5.85,27.55,0.2,2.6,17,4.163,0.3181087166291412,0.4638147314248955,0.7716307494371181,0.2959150852364104,0.17368928916050178,0.45834673528465747,0.26986169186233516,41.4,27.0,35.6
19093,"Ida County, Iowa",Iowa,6911,11.3,63073.0,2.4,21.58,1.1,2.56,3,4.341,0.3431971695078804,0.5686715985847539,0.12061756191701511,0.5255709231264072,0.5638468961080734,0.45223544548086203,0.24670311997426825,42.9,24.7,35.6
31001,"Adams County, Nebraska",Nebraska,31052,12.67,68365.0,2.44,29.55,2.7,5.66,15,4.831,0.45416532647153424,0.41749758764876166,0.12801543904792537,0.2492762946284979,0.8230942425217112,0.7230620778385333,0.19009327758121583,46.6,19.0,35.6
55047,"Green Lake County, Wisconsin",Wisconsin,19263,13.77,68196.0,2.76,22.84,1.0,1.92,8,4.153,0.5381151495657768,0.42007076230299134,0.17272434866516564,0.46735284657446124,0.5310389192666453,0.3464136378256674,0.2708266323576713,41.3,27.1,35.6
36027,"Dutchess County, New York",New York,298220,8.43,99478.0,5.24,41.62,2.4,11.71,134,4.493,0.1392730781601801,0.0553232550659376,0.6712769379221615,0.0739787713091026,0.7918944998391766,0.9044708909617241,0.2293341910582181,43.9,22.9,35.5
19151,"Pocahontas County, Iowa",Iowa,7046,10.33,61875.0,5.4,18.66,1.7,3.15,8,11.354,0.27114827918945,0.6066259247346414,0.7060147957542618,0.6867159858475395,0.6960437439691219,0.5239626889675136,0.01608234158893535,58.2,1.6,35.5
26043,"Dickinson County, Michigan",Michigan,25954,10.55,65156.0,3.6,25.31,0.3,1.62,9,3.468,0.2859440334512705,0.5146349308459311,0.32486330009649406,0.36506915406883245,0.22997748472177548,0.28465744612415567,0.38501125763911226,33.4,38.5,35.5
37063,"Durham County, North Carolina",North Carolina,332353,11.51,82316.0,3.91,55.23,4.3,15.43,159,4.784,0.358957864265037,0.15921518173045995,0.39498230942425216,0.016403988420714055,0.9002894821486008,0.9427468639433901,0.19523962688967514,46.2,19.5,35.5
17049,"Effingham County, Illinois",Illinois,34522,10.11,80404.0,2.08,26.88,0.7,1.63,10,2.897,0.2541009971051785,0.18173045995496945,0.08909617240270183,0.31553554197491157,0.42039240913477,0.28723062077838535,0.49726600192988096,25.8,49.7,35.4
48329,"Midland County, Texas",Texas,174801,11.35,92874.0,3.36,31.03,6.9,12.78,85,4.863,0.3483435188163397,0.08137664844001287,0.2733998070119009,0.21839819877774205,0.9536828562238662,0.9173367642328724,0.18591186876809263,46.5,18.6,35.4
22125,"West Feliciana Parish, Louisiana",Louisiana,15327,11.81,77452.0,4.14,21.62,0.8,1.58,6,3.915,0.3869411386297845,0.22354454808620136,0.4342232229012544,0.5233193953039562,0.46317143776133807,0.276616275329688,0.30685107751688645,38.5,30.7,35.4
12095,"Orange County, Florida",Florida,1471937,13.0,79719.0,5.51,39.32,8.6,24.34,1436,9.756,0.48150530717272433,0.19105821807655193,0.7272434866516565,0.09424252171116114,0.970408491476359,0.9784496622708266,0.02219363139273078,57.4,2.2,35.3
29083,"Henry County, Missouri",Missouri,22328,14.28,57926.0,4.38,16.31,0.2,0.52,11,4.927,0.5747828883885494,0.7201672563525249,0.48954647796719203,0.8079768414281119,0.17368928916050178,0.04856867159858475,0.17980057896429721,46.9,18.0,35.3
05119,"Pulaski County, Arkansas",Arkansas,399818,16.7,62873.0,4.75,37.93,2.0,6.07,463,11.58,0.7140559665487295,0.5757478288838855,0.5715664200707623,0.11000321646831779,0.7468639433901576,0.7462206497266002,0.015439047925377935,57.7,1.5,35.3
29151,"Osage County, Missouri",Missouri,13402,8.61,76681.0,1.69,24.68,0.1,0.34,3,2.238,0.1527822450948858,0.23641042135734963,0.05950466387906079,0.3914441942746864,0.11997426825345771,0.02348021871984561,0.6339659054358314,16.4,63.4,35.2
06111,"Ventura County, California",California,837469,9.34,109797.0,5.73,36.13,5.6,22.23,479,5.72,0.20488903184303633,0.03312962367320682,0.7549051141846252,0.13251849469282728,0.9327758121582502,0.9710517851399164,0.12351238340302348,50.5,12.4,35.2
20029,"Cloud County, Kansas",Kansas,8898,9.95,58770.0,2.49,20.82,0.0,1.53,3,3.372,0.24573817947893214,0.6986169186233515,0.1338050820199421,0.5693148922483113,0.0,0.2653586362174333,0.40205853972338373,31.9,40.2,35.2
09170,"South Central Connecticut Planning Region, Connecticut",Connecticut,570598,11.41,88197.0,6.04,42.04,4.8,13.73,368,6.449,0.35220328079768415,0.1106465101318752,0.8015439047925378,0.07011900932775812,0.9157285300739788,0.9282727565133484,0.08652299774847218,53.0,8.7,35.2
19041,"Clay County, Iowa",Iowa,16461,11.41,65428.0,3.51,27.55,1.2,2.48,7,4.252,0.35220328079768415,0.508201994210357,0.30459954969443553,0.2959150852364104,0.5895786426503699,0.4438726278546156,0.2573174654229656,41.6,25.7,35.2
06079,"San Luis Obispo County, California",California,281555,12.91,97446.0,5.48,39.84,1.7,9.87,150,5.328,0.47507237053715023,0.06175619170151174,0.7227404310067546,0.08877452557092312,0.6960437439691219,0.871662914120296,0.15085236410421357,48.6,15.1,35.2
49021,"Iron County, Utah",Utah,62252,13.83,66247.0,3.93,31.64,0.7,4.35,29,4.658,0.5416532647153426,0.47764554519137986,0.39884207140559663,0.20231585718880668,0.42039240913477,0.6416854293985205,0.21035702798327435,44.7,21.0,35.2
27015,"Brown County, Minnesota",Minnesota,25800,8.47,69378.0,2.89,24.47,1.4,2.9,10,3.876,0.14152460598263106,0.3956256030878096,0.18687680926342876,0.39916371823737534,0.637825667417176,0.4966227082663236,0.31231907365712447,37.6,31.2,35.1
30081,"Ravalli County, Montana",Montana,46727,8.77,71283.0,3.2,28.68,0.2,2.25,14,2.996,0.16371823737536184,0.35284657446124157,0.24477323898359601,0.2679318108716629,0.17368928916050178,0.39980701190093276,0.4760373110324863,26.7,47.6,35.1
41023,"Grant County, Oregon",Oregon,7209,12.82,59450.0,5.21,17.68,0.1,1.68,4,5.549,0.46477967192023156,0.6777098745577356,0.6680604696043744,0.7391444194274687,0.11997426825345771,0.2988099067224188,0.13573496301061436,49.5,13.6,35.1
42081,"Lycoming County, Pennsylvania",Pennsylvania,113489,12.83,63917.0,5.14,24.79,0.3,1.59,50,4.406,0.4657446124155677,0.5451913798649083,0.6551945963332261,0.388549372788678,0.22997748472177548,0.2801543904792538,0.23673206818912834,42.7,23.7,35.1
42065,"Jefferson County, Pennsylvania",Pennsylvania,43864,14.15,58686.0,4.16,18.38,0.4,0.43,21,4.788,0.5660984239305242,0.7011900932775812,0.4387262785461563,0.702476680604696,0.28208427146992604,0.0369893856545513,0.19459633322611772,45.5,19.5,35.1
30093,"Silver Bow County, Montana",Montana,35785,14.85,61754.0,4.07,27.99,0.5,1.23,15,4.192,0.6098423930524285,0.6101640398842071,0.4213573496301061,0.28433579929237696,0.3335477645545191,0.194274686394339,0.26503698938565456,40.9,26.5,35.1
41001,"Baker County, Oregon",Oregon,16840,14.85,60936.0,5.63,26.14,0.3,1.97,9,5.344,0.6098423930524285,0.6358957864265037,0.7413959472499196,0.3367642328723062,0.22997748472177548,0.3554197491154712,0.15053071727243486,48.5,15.1,35.1
21125,"Laurel County, Kentucky",Kentucky,62983,20.46,57771.0,3.5,17.5,0.2,1.11,35,5.557,0.8607269218398199,0.725635252492763,0.3033129623673207,0.7494371180443873,0.17368928916050178,0.1617883563846896,0.13444837568349952,49.6,13.4,35.1
51047,"Culpeper County, Virginia",Virginia,54397,7.85,100049.0,2.59,27.35,2.2,9.86,21,3.861,0.10453522032807977,0.05371502090704407,0.14538436796397555,0.3010614345448697,0.7709874557735606,0.8710196204567385,0.3136056609842393,37.4,31.4,35.0
17089,"Kane County, Illinois",Illinois,517255,7.91,103163.0,4.79,38.06,4.0,17.21,243,4.698,0.10710839498230942,0.04567385011257639,0.5825024123512383,0.10775168864586684,0.8896751366999035,0.9511096815696365,0.20360244451592152,44.7,20.4,35.0
16029,"Caribou County, Idaho",Idaho,7162,9.21,68782.0,1.91,16.75,0.6,3.85,3,4.189,0.19234480540366677,0.40784818269540046,0.07462206497266002,0.7844966227082664,0.38018655516243166,0.5950466387906079,0.2663235767127694,40.6,26.6,35.0
18129,"Posey County, Indiana",Indiana,25116,10.15,78129.0,1.83,25.25,0.0,1.14,6,2.389,0.257960759086523,0.21228690897394661,0.07011900932775812,0.3682856223866195,0.0,0.16950788034737857,0.6063042779028627,18.0,60.6,35.0
53073,"Whatcom County, Washington",Washington,230503,12.88,81784.0,4.78,39.34,1.3,9.94,115,4.989,0.47185590221936313,0.16371823737536184,0.5786426503698938,0.09392087487938244,0.6156320360244452,0.8745577356063042,0.17465422965583788,46.6,17.5,35.0
53067,"Thurston County, Washington",Washington,299067,9.55,96563.0,5.15,38.5,1.8,8.26,135,4.514,0.21614667095529108,0.06561595368285622,0.6568028304921196,0.10292698616918623,0.7140559665487295,0.8279189449983918,0.22708266323576712,43.1,22.7,34.9
08077,"Mesa County, Colorado",Colorado,158601,10.72,73658.0,5.42,32.31,0.5,4.05,67,4.224,0.2991315535541975,0.29945320038597617,0.7089096172402701,0.19073657124477325,0.3335477645545191,0.6149887423608877,0.2608555805725314,40.8,26.1,34.9
48181,"Grayson County, Texas",Texas,143337,11.15,72182.0,3.12,23.88,1.9,7.74,75,5.232,0.3306529430685108,0.32968800257317465,0.22611772274043102,0.425860405275008,0.7301383081376649,0.8102283692505629,0.15857188806690253,47.5,15.9,34.9
47037,"Davidson County, Tennessee",Tennessee,715388,13.95,77853.0,4.49,48.39,5.4,14.98,485,6.78,0.5513026696687038,0.2171116114506272,0.5155998713412673,0.037954326149887425,0.9298809906722418,0.9401736892891605,0.07430041814088131,53.2,7.4,34.9
24013,"Carroll County, Maryland",Maryland,175321,5.21,118211.0,3.47,40.69,0.6,5.46,51,2.909,0.018655516243165006,0.01929880990672242,0.29688002573174654,0.08201994210357028,0.38018655516243166,0.7118044387262785,0.4937278867803152,25.1,49.4,34.8
17083,"Jersey County, Illinois",Illinois,21274,8.83,80361.0,3.4,22.64,0.2,1.03,6,2.82,0.16822129302026376,0.18333869411386297,0.2814409778063686,0.47732389835960115,0.17368928916050178,0.14634930845931168,0.5127050498552589,23.8,51.3,34.8
09110,"Capitol Planning Region, Connecticut",Connecticut,977290,10.29,93394.0,5.24,42.09,5.2,15.24,548,5.607,0.26889675136699903,0.07880347378578322,0.6712769379221615,0.06979736249597941,0.9260212286908974,0.9414602766162753,0.12994532003859763,49.3,13.0,34.8
16083,"Twin Falls County, Idaho",Idaho,93734,11.48,67409.0,3.04,23.52,2.6,8.51,59,6.294,0.35734963010614346,0.4425860405275008,0.20874879382438083,0.4384046317143776,0.8118366034094564,0.835316822129302,0.09520746220649727,51.6,9.5,34.8
16045,"Gem County, Idaho",Idaho,20614,11.98,64605.0,2.95,20.73,0.4,6.16,10,4.851,0.4010935992280476,0.5284657446124156,0.19556127372145385,0.5728530073978771,0.28208427146992604,0.7516886458668383,0.18719845609520747,45.5,18.7,34.8
12011,"Broward County, Florida",Florida,1977129,12.24,77633.0,5.43,36.72,9.7,36.9,2844,14.384,0.42039240913477,0.2203280797684143,0.7118044387262785,0.12222579607590865,0.9765197812801544,0.9983917658411064,0.007397877130910261,57.5,0.7,34.8
42031,"Clarion County, Pennsylvania",Pennsylvania,37179,13.11,62649.0,5.07,23.58,0.2,1.01,16,4.304,0.49018977163074945,0.5831457060147958,0.6436153103891926,0.4361531038919267,0.17368928916050178,0.14216789964618848,0.25152782245094885,41.1,25.2,34.8
16021,"Boundary County, Idaho",Idaho,13172,13.65,67237.0,2.59,24.05,0.0,4.43,5,3.796,0.5281440977806369,0.4480540366677388,0.14538436796397555,0.4184625281440978,0.0,0.6474750723705371,0.32422000643293664,36.5,32.4,34.8
05143,"Washington County, Arkansas",Arkansas,256765,14.59,70639.0,3.43,35.25,3.9,12.39,176,6.855,0.5931167577999357,0.36635574139594723,0.28851720810550013,0.14152460598263106,0.8867803152138951,0.9147635895786427,0.07204889031843037,53.2,7.2,34.8
22055,"Lafayette Parish, Louisiana",Louisiana,247997,17.12,67451.0,5.11,35.26,2.4,5.19,422,17.016,0.7356063042779029,0.4409778063686073,0.651013187520103,0.14120295915085238,0.7918944998391766,0.7002251527822451,0.004824702476680605,57.7,0.5,34.8
16041,"Franklin County, Idaho",Idaho,15056,7.88,71950.0,2.4,23.94,0.6,2.59,5,3.321,0.1058218076551946,0.33483435188163396,0.12061756191701511,0.4239305242843358,0.38018655516243166,0.45738179478932134,0.4107430041814088,30.4,41.1,34.7
55073,"Marathon County, Wisconsin",Wisconsin,138403,8.7,77884.0,2.87,28.1,1.1,4.34,50,3.613,0.15825024123512382,0.2164683177870698,0.1839819877774204,0.28176262463814733,0.5638468961080734,0.641042135734963,0.35734963010614346,34.1,35.7,34.7
25003,"Berkshire County, Massachusetts",Massachusetts,129430,11.43,76013.0,5.36,39.95,1.4,6.16,65,5.022,0.3541331617883564,0.24863300096494048,0.6979736249597941,0.08845287873914442,0.637825667417176,0.7516886458668383,0.17272434866516564,46.3,17.3,34.7
51125,"Nelson County, Virginia",Virginia,14732,12.47,72589.0,3.29,36.25,1.0,4.67,6,4.073,0.4387262785461563,0.3210035381151496,0.2624638147314249,0.1286587327114828,0.5310389192666453,0.6661305886137021,0.2811193309745899,39.1,28.1,34.7
19057,"Des Moines County, Iowa",Iowa,38487,12.84,62928.0,3.11,23.83,0.1,2.34,15,3.897,0.4660662592473464,0.5734963010614346,0.22354454808620136,0.4277902862656803,0.11997426825345771,0.41781923448054037,0.30974589900289484,37.1,31.0,34.7
21023,"Bracken County, Kentucky",Kentucky,8444,19.52,66319.0,4.76,17.85,0.0,0.6,4,4.737,0.8343518816339659,0.4741074300418141,0.5731746542296559,0.7307816018012222,0.0,0.06046960437439691,0.19877774203924092,44.5,19.9,34.7
18147,"Spencer County, Indiana",Indiana,19955,7.47,74506.0,3.33,22.0,0.7,2.16,7,3.508,0.08491476358957864,0.27725956899324544,0.26986169186233516,0.5062721132196848,0.42039240913477,0.3856545513026697,0.37986490833065295,32.4,38.0,34.6
19055,"Delaware County, Iowa",Iowa,17558,7.76,74989.0,2.05,22.56,0.0,0.32,4,2.278,0.10196204567385012,0.2685751045352203,0.0871662914120296,0.4808620135091669,0.0,0.02122869089739466,0.6256030878095851,16.0,62.6,34.6
38057,"Mercer County, North Dakota",North Dakota,8337,9.67,80946.0,2.53,23.25,1.5,2.09,3,3.598,0.22290125442264394,0.17304599549694435,0.1379864908330653,0.4512705049855259,0.6587327114827919,0.3756834995175298,0.3605660984239305,33.7,36.1,34.6
55031,"Douglas County, Wisconsin",Wisconsin,44229,10.76,75099.0,3.11,28.39,0.1,1.82,13,2.939,0.30138308137664843,0.2660019298809907,0.22354454808620136,0.2759729816661306,0.11997426825345771,0.32454165326471535,0.4882598906400772,25.2,48.8,34.6
29053,"Cooper County, Missouri",Missouri,16824,11.68,70625.0,4.32,23.97,0.4,0.68,6,3.566,0.3734319716950788,0.36699903505950465,0.470890961724027,0.4229655837889997,0.28208427146992604,0.07237053715020907,0.3679639755548408,33.1,36.8,34.6
17071,"Henderson County, Illinois",Illinois,6193,13.94,62227.0,7.8,20.64,0.0,0.6,3,4.844,0.5503377291733677,0.5953682856223866,0.9205532325506594,0.5779993567063364,0.0,0.06046960437439691,0.1881633965905436,45.1,18.8,34.6
20077,"Harper County, Kansas",Kansas,5400,17.3,53488.0,1.97,22.8,0.8,1.94,3,5.556,0.745255709231264,0.8156963653908009,0.08073335477645545,0.4696043743969122,0.46317143776133807,0.3499517529752332,0.13477002251527823,48.7,13.5,34.6
31039,"Cuming County, Nebraska",Nebraska,8975,6.73,71104.0,2.23,24.88,3.0,6.67,4,4.457,0.0553232550659376,0.35734963010614346,0.10324863300096494,0.3827597298166613,0.8446445802508845,0.773882277259569,0.23319395303956256,42.0,23.3,34.5
18015,"Carroll County, Indiana",Indiana,20535,8.75,65645.0,3.07,17.2,0.4,1.66,8,3.896,0.1617883563846896,0.5008041170794467,0.21518173045995498,0.7568349951752975,0.28208427146992604,0.29430685107751686,0.31006754583467355,36.9,31.0,34.5
25009,"Essex County, Massachusetts",Massachusetts,813054,9.37,101883.0,5.11,43.03,7.7,19.12,445,5.473,0.20617561917015118,0.049211965262142165,0.651013187520103,0.06304277902862657,0.9597941460276617,0.9597941460276617,0.14023801865551624,48.2,14.0,34.5
40051,"Grady County, Oklahoma",Oklahoma,56606,12.18,75419.0,5.47,22.84,0.7,2.12,27,4.77,0.41653264715342553,0.26149887423608875,0.7204889031843036,0.46735284657446124,0.42039240913477,0.37954326149887424,0.19684786104856866,44.4,19.7,34.5
20177,"Shawnee County, Kansas",Kansas,178025,12.73,67104.0,4.15,32.23,2.2,4.09,100,5.617,0.45770344162110005,0.4535220328079768,0.4367963975554841,0.19234480540366677,0.7709874557735606,0.6204567385011258,0.1289803795432615,48.9,12.9,34.5
31173,"Thurston County, Nebraska",Nebraska,6627,13.89,69177.0,9.97,22.18,0.4,1.78,4,6.036,0.545513026696687,0.4007719523962689,0.9710517851399164,0.4966227082663236,0.28208427146992604,0.3174654229655838,0.10871662914120296,50.2,10.9,34.5
28073,"Lamar County, Mississippi",Mississippi,65713,14.68,70909.0,4.83,34.5,0.4,2.45,28,4.261,0.5985847539401737,0.3605660984239305,0.5918301704728208,0.1521389514313284,0.28208427146992604,0.4367963975554841,0.25667417175940815,40.4,25.7,34.5
51051,"Dickenson County, Virginia",Virginia,13733,17.33,47254.0,2.26,10.07,0.0,0.23,7,5.097,0.7465422965583789,0.9195882920553232,0.10550016082341589,0.986812479897073,0.0,0.014152460598263108,0.16822129302026376,46.2,16.8,34.5
54069,"Ohio County, West Virginia",West Virginia,41582,17.66,57094.0,5.98,33.87,0.9,2.54,53,12.746,0.762946284979093,0.7381794789321325,0.7951109681569637,0.16436153103891926,0.4985525892569958,0.45030556449018977,0.011257639112254744,56.8,1.1,34.5
31067,"Gage County, Nebraska",Nebraska,21629,12.6,67247.0,1.54,23.13,0.8,1.34,8,3.699,0.4480540366677388,0.44741074300418143,0.04985525892569958,0.4554519137986491,0.46317143776133807,0.2203280797684143,0.33998070119009327,34.7,34.0,34.4
13111,"Fannin County, Georgia",Georgia,25742,13.7,57073.0,3.69,24.16,0.1,3.97,13,5.05,0.5320038597619814,0.7391444194274687,0.34255387584432295,0.4139594724991959,0.11997426825345771,0.6053393374075265,0.17111611450627212,45.9,17.1,34.4
51157,"Rappahannock County, Virginia",Virginia,7427,10.26,83380.0,9.2,33.32,0.0,5.86,3,4.039,0.2663235767127694,0.15117401093599228,0.9568993245416533,0.17401093599228049,0.0,0.7372145384367964,0.2859440334512705,38.1,28.6,34.3
12061,"Indian River County, Florida",Florida,166936,11.06,73491.0,4.49,33.83,1.8,10.03,93,5.571,0.3206818912833709,0.30234802187198456,0.5155998713412673,0.16500482470247668,0.7140559665487295,0.8777742039240913,0.13251849469282728,48.3,13.3,34.3
19163,"Scott County, Iowa",Iowa,174608,11.5,78277.0,3.65,36.6,1.1,4.8,70,4.009,0.3579929237697009,0.20971373431971696,0.3361209392087488,0.12383403023480219,0.5638468961080734,0.6738501125763912,0.29173367642328724,37.8,29.2,34.3
19175,"Union County, Iowa",Iowa,11993,12.37,57772.0,4.03,23.35,1.3,1.83,7,5.837,0.4332582824059183,0.7253136056609842,0.41685429398520424,0.44548086201350917,0.6156320360244452,0.3264715342553876,0.11772274043100675,49.4,11.8,34.3
21033,"Caldwell County, Kentucky",Kentucky,12618,15.15,59583.0,4.38,17.08,0.5,1.2,8,6.34,0.6233515599871341,0.6732068189128337,0.48954647796719203,0.7635895786426504,0.3335477645545191,0.1839819877774204,0.09134770022515278,51.1,9.1,34.3
26081,"Kent County, Michigan",Michigan,663150,10.05,82631.0,4.16,40.8,2.7,8.92,312,4.705,0.25120617561917014,0.156963653908009,0.4387262785461563,0.08105500160823416,0.8230942425217112,0.8497909295593439,0.2016725635252493,43.3,20.2,34.1
20159,"Rice County, Kansas",Kansas,9350,7.74,63925.0,4.38,25.86,1.4,4.92,5,5.348,0.10035381151495658,0.5448697330331296,0.48954647796719203,0.34770022515278226,0.637825667417176,0.6841428111933098,0.14988742360887744,46.7,15.0,34.0
27173,"Yellow Medicine County, Minnesota",Minnesota,9451,8.56,74000.0,3.54,19.67,1.0,2.52,4,4.232,0.14924412994532005,0.2910903827597298,0.31006754583467355,0.6310710839498231,0.5310389192666453,0.44934062399485364,0.25956899324541655,39.4,26.0,34.0
02110,"Juneau City and Borough, Alaska",Alaska,31794,8.91,101661.0,4.01,41.24,2.1,7.69,13,4.089,0.17401093599228049,0.0508201994210357,0.41267288517208106,0.07687359279511097,0.7574782888388549,0.8092634287552267,0.27886780315213894,38.0,27.9,34.0
18033,"DeKalb County, Indiana",Indiana,43807,9.52,74331.0,4.52,20.2,0.1,1.51,16,3.652,0.21325184946928272,0.28208427146992604,0.5239626889675136,0.6027661627532969,0.11997426825345771,0.2582824059183017,0.34898681247989705,33.3,34.9,34.0
32031,"Washoe County, Nevada",Nevada,497200,10.65,88096.0,5.13,34.22,2.9,14.32,309,6.215,0.295271791572853,0.11128980379543262,0.6535863621743326,0.15921518173045995,0.8378899967835317,0.9356706336442586,0.10196204567385012,49.9,10.2,34.0
28117,"Prentiss County, Mississippi",Mississippi,25184,16.78,49724.0,3.45,19.71,0.0,0.78,12,4.765,0.7182373753618527,0.8867803152138951,0.2930202637504021,0.6281762624638147,0.0,0.08941781923448054,0.19716950788034737,43.6,19.7,34.0
56001,"Albany County, Wyoming",Wyoming,38249,20.89,61917.0,3.75,55.02,1.5,7.43,38,9.935,0.8745577356063042,0.6053393374075265,0.3583145706014796,0.01704728208427147,0.6587327114827919,0.8021871984560952,0.020907044065615953,55.3,2.1,34.0
17111,"McHenry County, Illinois",Illinois,312591,6.23,104802.0,4.69,35.23,1.6,9.94,131,4.191,0.039562560308780956,0.039562560308780956,0.5561273721453843,0.14216789964618848,0.6767449340623994,0.8745577356063042,0.265680283049212,38.8,26.6,33.9
06085,"Santa Clara County, California",California,1902047,7.11,164281.0,4.87,56.5,10.8,41.52,931,4.895,0.07108394982309424,0.000321646831778707,0.6008362817626246,0.014152460598263108,0.9797362495979415,0.9987134126728852,0.18205210678674816,44.4,18.2,33.9
17035,"Cumberland County, Illinois",Illinois,10334,9.09,73327.0,1.35,19.58,0.3,0.17,3,2.903,0.18366034094564168,0.3039562560308781,0.04052750080411708,0.637825667417176,0.22997748472177548,0.00964940495336121,0.49565776777098747,23.4,49.6,33.9
38089,"Stark County, North Dakota",North Dakota,33302,12.08,84449.0,2.99,30.01,1.9,4.05,14,4.204,0.4081698295271792,0.14023801865551624,0.2029591508523641,0.23866194917980058,0.7301383081376649,0.6149887423608877,0.2627854615632036,38.9,26.3,33.9
17163,"St. Clair County, Illinois",Illinois,253694,13.58,73854.0,5.96,31.8,0.5,3.28,126,4.967,0.5236410421357349,0.2955934384046317,0.7909295593438405,0.20038597619813445,0.3335477645545191,0.5403666773882277,0.17626246381473143,44.7,17.6,33.9
19119,"Lyon County, Iowa",Iowa,12162,5.33,76746.0,2.34,20.43,0.6,1.97,4,3.289,0.020907044065615953,0.2357671276937922,0.11675779993567063,0.5911868768092634,0.38018655516243166,0.3554197491154712,0.4187841749758765,28.3,41.9,33.8
38017,"Cass County, North Dakota",North Dakota,193400,11.0,75555.0,2.98,42.65,1.8,7.69,83,4.292,0.31521389514313286,0.2582824059183017,0.20102926986169187,0.06625924734641364,0.7140559665487295,0.8092634287552267,0.2531360566098424,39.4,25.3,33.8
53043,"Lincoln County, Washington",Washington,11489,12.46,71512.0,7.77,24.18,0.4,1.9,6,5.222,0.4377613380508202,0.34577034416211,0.9199099388871019,0.41299453200385977,0.28208427146992604,0.34191058218076553,0.15953682856223866,45.7,16.0,33.8
29095,"Jackson County, Missouri",Missouri,719976,14.09,68577.0,4.66,33.96,2.0,6.57,590,8.195,0.5628819556127372,0.41170794467674493,0.5519459633322612,0.16403988420714055,0.7468639433901576,0.7690575747828884,0.043100675458346734,53.4,4.3,33.8
29019,"Boone County, Missouri",Missouri,188043,16.58,72758.0,3.78,51.54,1.5,6.41,104,5.531,0.7085879704084915,0.31553554197491157,0.36474750723705374,0.02541009971051785,0.6587327114827919,0.7635895786426504,0.13702155033772917,47.3,13.7,33.8
51003,"Albemarle County, Virginia",Virginia,114919,7.67,104392.0,3.4,61.12,2.3,10.55,44,3.829,0.09488581537471856,0.04117079446767449,0.2814409778063686,0.0064329366355741395,0.7828883885493728,0.8877452557092312,0.31939530395625604,34.9,31.9,33.7
04013,"Maricopa County, Arizona",Arizona,4559748,10.98,89300.0,4.54,36.68,3.3,14.49,2588,5.676,0.3136056609842393,0.1013187520102927,0.5284657446124156,0.12254744290768736,0.8636217433258282,0.9376005146349309,0.1254422643936957,47.8,12.5,33.7
42131,"Wyoming County, Pennsylvania",Pennsylvania,25967,11.52,72460.0,4.99,22.14,0.3,1.67,11,4.236,0.3592795110968157,0.3235767127693792,0.6243165004824702,0.4991958829205532,0.22997748472177548,0.2962367320681891,0.2586040527500804,38.9,25.9,33.7
30027,"Fergus County, Montana",Montana,11687,15.13,63706.0,4.21,23.98,0.9,2.16,7,5.99,0.622386619491798,0.5496944355098102,0.44901897716307493,0.42167899646188484,0.4985525892569958,0.3856545513026697,0.11000321646831779,48.8,11.0,33.7
51073,"Gloucester County, Virginia",Virginia,39526,5.17,84306.0,2.97,25.27,0.2,2.12,11,2.783,0.01704728208427147,0.14152460598263106,0.19909938887101963,0.36699903505950465,0.17368928916050178,0.37954326149887424,0.5217111611450628,21.3,52.2,33.6
25017,"Middlesex County, Massachusetts",Massachusetts,1638365,7.74,130847.0,4.35,59.51,6.1,23.08,763,4.657,0.10035381151495658,0.009006111289803796,0.478610485686716,0.008362817626246381,0.9437118044387263,0.9742682534577034,0.21067867481505306,41.9,21.1,33.6
17097,"Lake County, Illinois",Illinois,714223,8.34,110416.0,5.19,47.71,4.8,19.84,378,5.292,0.13219684786104857,0.030234802187198456,0.665165648118366,0.039884207140559666,0.9157285300739788,0.9633322611772274,0.15374718559022194,45.8,15.4,33.6
38105,"Williams County, North Dakota",North Dakota,39555,8.64,85595.0,4.36,24.4,1.6,8.5,20,5.056,0.15374718559022194,0.13058861370215502,0.4831135413316179,0.40238018655516244,0.6767449340623994,0.8346735284657446,0.170151174010936,44.7,17.0,33.6
33005,"Cheshire County, New Hampshire",New Hampshire,77297,8.7,83329.0,3.31,35.54,0.1,2.89,22,2.846,0.15825024123512382,0.151495657767771,0.26696687037632677,0.13862978449662272,0.11997426825345771,0.4943711804438726,0.508201994210357,22.2,50.8,33.6
12009,"Brevard County, Florida",Florida,632780,10.23,78476.0,4.84,34.21,1.7,9.73,344,5.436,0.26407204889031843,0.2071405596654873,0.5947249919588292,0.15985847539401737,0.6960437439691219,0.8668382116436153,0.1424895464779672,46.5,14.2,33.6
21217,"Taylor County, Kentucky",Kentucky,26397,17.46,60456.0,5.14,23.02,0.4,1.31,17,6.44,0.7539401736892891,0.651013187520103,0.6551945963332261,0.45963332261177225,0.28208427146992604,0.21325184946928272,0.0871662914120296,50.3,8.7,33.6
55061,"Kewaunee County, Wisconsin",Wisconsin,20664,7.57,82725.0,1.49,21.91,0.9,2.51,7,3.388,0.08973946606625925,0.1566420070762303,0.04663879060791251,0.511418462528144,0.4985525892569958,0.4470890961724027,0.39884207140559663,29.2,39.9,33.5
38071,"Ramsey County, North Dakota",North Dakota,11556,15.19,61006.0,1.24,25.72,1.0,3.16,6,5.192,0.6272113219684786,0.6339659054358314,0.033772917336764234,0.3531682212930203,0.5310389192666453,0.5252492762946285,0.1611450627211322,45.1,16.1,33.5
20003,"Anderson County, Kansas",Kansas,7834,11.04,70614.0,4.1,13.96,1.3,0.42,4,5.106,0.3181087166291412,0.3679639755548408,0.42746863943390156,0.9102605339337407,0.6156320360244452,0.03441621100032165,0.16757799935670634,44.6,16.8,33.4
54107,"Wood County, West Virginia",West Virginia,83407,14.75,57810.0,5.35,24.11,0.2,1.03,45,5.395,0.6040527500804117,0.7227404310067546,0.6963653908009007,0.4155677066580894,0.17368928916050178,0.14634930845931168,0.14570601479575426,46.0,14.6,33.4
19063,"Emmet County, Iowa",Iowa,9262,9.95,63730.0,1.67,17.09,1.2,3.36,5,5.398,0.24573817947893214,0.5484078481826954,0.057253136056609845,0.7626246381473143,0.5895786426503699,0.5496944355098102,0.14474107430041813,45.9,14.5,33.3
29029,"Camden County, Missouri",Missouri,43667,12.6,66387.0,4.32,26.22,0.3,2.21,19,4.351,0.4480540366677388,0.4705693148922483,0.470890961724027,0.3329044708909617,0.22997748472177548,0.3936957220971373,0.24477323898359601,39.1,24.5,33.3
31157,"Scotts Bluff County, Nebraska",Nebraska,35843,12.88,63614.0,2.68,27.01,1.8,4.45,21,5.859,0.47185590221936313,0.5535541974911548,0.15985847539401737,0.31135413316178834,0.7140559665487295,0.6490833065294307,0.11643615310389192,47.7,11.6,33.3
13231,"Pike County, Georgia",Georgia,19903,9.25,86719.0,3.39,21.48,0.0,1.68,6,3.015,0.19620456738501127,0.12158250241235123,0.27951109681569636,0.5323255065937601,0.0,0.2988099067224188,0.47249919588292055,23.8,47.2,33.2
19105,"Jones County, Iowa",Iowa,20896,12.0,73531.0,3.56,22.04,0.3,1.62,8,3.828,0.40270183338694115,0.30170472820842714,0.3136056609842393,0.5040205853972338,0.22997748472177548,0.28465744612415567,0.31971695078803475,33.9,32.0,33.2
01073,"Jefferson County, Alabama",Alabama,667755,15.7,66388.0,4.73,36.22,1.6,4.86,589,8.821,0.6568028304921196,0.4702476680604696,0.5654551302669669,0.13026696687037634,0.6767449340623994,0.6789964618848504,0.035702798327436475,53.0,3.6,33.2
13077,"Coweta County, Georgia",Georgia,152852,7.42,95548.0,3.09,36.22,2.0,6.59,58,3.795,0.08169829527179158,0.0688324220006433,0.21839819877774205,0.13026696687037634,0.7468639433901576,0.7697008684464458,0.32454165326471535,33.6,32.5,33.1
19037,"Chickasaw County, Iowa",Iowa,11807,8.82,75675.0,1.58,21.17,2.0,2.97,5,4.235,0.1662914120295915,0.2541009971051785,0.05210678674815053,0.5496944355098102,0.7468639433901576,0.5046638790607912,0.2589256995818591,37.9,25.9,33.1
19185,"Wayne County, Iowa",Iowa,6532,10.14,61964.0,2.92,17.2,0.9,0.93,3,4.593,0.25699581859118686,0.6034094564168543,0.19105821807655193,0.7568349951752975,0.4985525892569958,0.1254422643936957,0.21904149244129945,40.5,21.9,33.1
51790,"Staunton city, Virginia",Virginia,25948,12.41,65581.0,5.28,37.72,1.0,3.52,15,5.781,0.43518816339659055,0.5036989385654551,0.6809263428755227,0.11225474429076873,0.5310389192666453,0.5667417175940817,0.12093920874879382,47.2,12.1,33.1
48477,"Washington County, Texas",Texas,36647,13.42,77825.0,2.98,30.73,2.4,7.18,20,5.457,0.5139916371823737,0.21775490511418463,0.20102926986169187,0.22450948858153746,0.7918944998391766,0.7954326149887424,0.14152460598263106,45.7,14.2,33.1
55111,"Sauk County, Wisconsin",Wisconsin,66009,8.06,79541.0,2.32,27.35,1.6,3.89,25,3.787,0.1151495657767771,0.1933097458990029,0.11354133161788356,0.3010614345448697,0.6767449340623994,0.5985847539401737,0.32518494692827277,33.3,32.5,33.0
39175,"Wyandot County, Ohio",Ohio,21598,8.77,69768.0,1.92,19.59,0.8,1.36,8,3.704,0.16371823737536184,0.38533290447089097,0.07590865229977485,0.6365390800900611,0.46317143776133807,0.22450948858153746,0.3383724670311997,32.5,33.8,33.0
55129,"Washburn County, Wisconsin",Wisconsin,16854,11.55,63441.0,3.92,25.51,0.4,1.52,7,4.153,0.36185268575104534,0.5583788999678353,0.39723383724670314,0.3592795110968157,0.28208427146992604,0.26182052106786746,0.2708266323576713,37.0,27.1,33.0
18131,"Pulaski County, Indiana",Indiana,12441,12.12,62792.0,1.83,14.11,0.6,2.47,7,5.627,0.4113862978449662,0.5792859440334512,0.07011900932775812,0.9038275972981666,0.38018655516243166,0.4409778063686073,0.1286587327114828,46.4,12.9,33.0
11001,"District of Columbia, District of Columbia",District of Columbia,681294,15.44,109870.0,6.35,64.25,3.1,14.29,1270,18.641,0.6432936635574139,0.0321646831778707,0.8301704728208427,0.002894821486008363,0.8504342232229013,0.9353489868124799,0.002251527822450949,54.9,0.2,33.0
44001,"Bristol County, Rhode Island",Rhode Island,50490,6.53,114490.0,3.05,53.01,2.5,9.69,19,3.763,0.04792537793502734,0.022515278224509487,0.21067867481505306,0.021550337729173367,0.8018655516243165,0.8661949179800579,0.32968800257317465,32.8,33.0,32.9
06081,"San Mateo County, California",California,742340,6.71,158855.0,4.78,53.67,8.3,35.73,378,5.092,0.054679961402380184,0.000643293663557414,0.5786426503698938,0.019942103570279833,0.9688002573174654,0.997748472177549,0.16854293985204247,43.7,16.9,32.9
53063,"Spokane County, Washington",Washington,549056,11.68,78582.0,5.33,33.09,1.1,5.42,300,5.464,0.3734319716950788,0.20585397233837247,0.69154068832422,0.17722740431006753,0.5638468961080734,0.7098745577356063,0.14120295915085238,45.4,14.1,32.9
12057,"Hillsborough County, Florida",Florida,1522748,12.71,79540.0,4.51,38.09,7.1,19.72,1480,9.719,0.45706014795754263,0.19363139273078162,0.5217111611450628,0.10743004181408813,0.9552910903827597,0.9623673206818912,0.022515278224509487,53.3,2.3,32.9
29033,"Carroll County, Missouri",Missouri,8411,13.7,62154.0,4.31,19.25,0.3,0.18,4,4.756,0.5320038597619814,0.599228047603731,0.4692827275651335,0.6545513026696687,0.22997748472177548,0.010292698616918623,0.19749115471212608,41.6,19.7,32.9
42019,"Butler County, Pennsylvania",Pennsylvania,197254,8.15,89843.0,4.41,39.36,0.7,2.42,66,3.346,0.11997426825345771,0.09778063686072692,0.4975876487616597,0.09327758121582502,0.42039240913477,0.43165004824702474,0.40463171437761336,27.7,40.5,32.8
12099,"Palm Beach County, Florida",Florida,1533806,11.33,83581.0,5.46,40.53,7.6,27.68,2090,13.626,0.3454486973303313,0.1479575426182052,0.717915728530074,0.0833065294306851,0.9581859118687681,0.9871341267288517,0.009006111289803796,54.0,0.9,32.8
40027,"Cleveland County, Oklahoma",Oklahoma,300047,12.9,77068.0,4.82,36.22,1.9,6.64,192,6.399,0.4741074300418141,0.2306207783853329,0.5895786426503699,0.13026696687037634,0.7301383081376649,0.7729173367642329,0.08909617240270183,48.8,8.9,32.8
17167,"Sangamon County, Illinois",Illinois,194947,13.11,75357.0,5.43,36.61,0.5,3.57,93,4.771,0.49018977163074945,0.2621421678996462,0.7118044387262785,0.12351238340302348,0.3335477645545191,0.5722097137343197,0.19652621421678995,41.6,19.7,32.8
40003,"Alfalfa County, Oklahoma",Oklahoma,5696,16.51,64615.0,4.29,20.1,0.0,1.97,3,5.267,0.7040849147635896,0.5278224509488582,0.4634930845931168,0.6075908652299775,0.0,0.3554197491154712,0.1566420070762303,44.3,15.7,32.8
54011,"Cabell County, West Virginia",West Virginia,92739,19.2,55832.0,5.13,32.56,0.3,1.72,62,6.685,0.8247024766806047,0.7687359279511097,0.6535863621743326,0.18559022193631391,0.22997748472177548,0.30749437118044387,0.07751688645866839,49.5,7.8,32.8
45091,"York County, South Carolina",South Carolina,293673,8.37,89095.0,4.15,39.3,1.3,6.75,121,4.12,0.13509166934705694,0.10421357349630106,0.4367963975554841,0.09456416854293985,0.6156320360244452,0.7787069797362496,0.2753296880025732,36.1,27.5,32.7
06073,"San Diego County, California",California,3288774,10.28,106268.0,6.11,43.16,6.0,22.8,2659,8.085,0.2685751045352203,0.03731103248633001,0.8082984882598906,0.06207783853329045,0.9411386297844966,0.9733033129623673,0.04438726278546156,51.5,4.4,32.7
16049,"Idaho County, Idaho",Idaho,17432,11.11,66325.0,3.69,22.57,0.1,2.05,7,4.016,0.3274364747507237,0.4734641363782567,0.34255387584432295,0.48054036667738825,0.11997426825345771,0.3682856223866195,0.2904470890961724,35.2,29.0,32.7
19029,"Cass County, Iowa",Iowa,13096,14.25,63013.0,1.4,22.13,0.2,0.92,5,3.818,0.571888066902541,0.5709231264072049,0.043100675458346734,0.49983917658411064,0.17368928916050178,0.12158250241235123,0.3213251849469283,33.0,32.1,32.7
29165,"Platte County, Missouri",Missouri,110371,7.02,96227.0,2.7,46.51,1.4,5.74,38,3.443,0.0646510131875201,0.06625924734641364,0.16243165004824703,0.04406561595368286,0.637825667417176,0.7282084271469926,0.38983596011579286,28.4,39.0,32.6
40093,"Major County, Oklahoma",Oklahoma,7628,11.04,71266.0,2.64,20.1,1.0,4.64,4,5.244,0.3181087166291412,0.3547764554519138,0.15503377291733678,0.6075908652299775,0.5310389192666453,0.66420070762303,0.15792859440334514,43.8,15.8,32.6
48423,"Smith County, Texas",Texas,241740,11.57,74192.0,4.45,28.59,3.0,8.79,212,8.77,0.3631392730781602,0.2859440334512705,0.50498552589257,0.2705049855258926,0.8446445802508845,0.8468961080733355,0.03634609199099389,51.9,3.6,32.6
49057,"Weber County, Utah",Utah,269648,8.09,90005.0,3.0,28.49,1.6,6.79,111,4.116,0.11675779993567063,0.09520746220649727,0.20424573817947894,0.2733998070119009,0.6767449340623994,0.7799935670633644,0.2756513348343519,35.8,27.6,32.5
46099,"Minnehaha County, South Dakota",South Dakota,203289,8.82,76880.0,2.46,35.16,2.1,7.58,87,4.28,0.1662914120295915,0.23383724670311998,0.12962367320681892,0.1431328401415246,0.7574782888388549,0.8054036667738823,0.25442264393695724,37.3,25.4,32.5
51720,"Norton city, Virginia",Virginia,3577,26.31,41495.0,3.83,13.67,0.0,0.31,8,22.365,0.9614023801865552,0.9694435509810229,0.3756834995175298,0.9192666452235445,0.0,0.020907044065615953,0.001286587327114828,54.1,0.1,32.5
13057,"Cherokee County, Georgia",Georgia,281032,6.98,108115.0,3.25,41.15,2.8,10.27,116,4.128,0.06336442586040528,0.03441621100032165,0.25506593760051466,0.07783853329044708,0.8308137664844001,0.8822772595689933,0.27436474750723705,35.7,27.4,32.4
55095,"Polk County, Wisconsin",Wisconsin,45555,8.16,77219.0,3.43,24.33,0.2,1.18,14,3.073,0.12061756191701511,0.22869089739466067,0.28851720810550013,0.4062399485365069,0.17368928916050178,0.17754905114184624,0.46220649726600194,23.3,46.2,32.4
17179,"Tazewell County, Illinois",Illinois,130290,9.02,77982.0,3.58,28.39,0.0,1.61,38,2.917,0.1801222257960759,0.2155033772917337,0.31939530395625604,0.2759729816661306,0.0,0.28401415246059825,0.49244129945320037,21.3,49.2,32.4
19131,"Mitchell County, Iowa",Iowa,10575,9.47,71365.0,1.2,24.89,1.4,1.81,4,3.783,0.21228690897394661,0.34930845931167576,0.03152138951431328,0.38211643615310387,0.637825667417176,0.3232550659376005,0.3261498874236089,32.3,32.6,32.4
13127,"Glynn County, Georgia",Georgia,85447,16.06,69799.0,3.73,32.44,2.2,6.44,82,9.597,0.6773882277259569,0.38468961080733355,0.3538115149565777,0.18752010292698618,0.7709874557735606,0.7642328723062077,0.02444515921518173,52.3,2.4,32.4
08041,"El Paso County, Colorado",Colorado,742999,8.52,90363.0,5.42,41.88,1.5,7.22,359,4.832,0.14570601479575426,0.09327758121582502,0.7089096172402701,0.07108394982309424,0.6587327114827919,0.7960759086522998,0.18977163074943712,41.2,19.0,32.3
26009,"Antrim County, Michigan",Michigan,24127,9.87,72054.0,3.9,34.31,0.2,1.62,8,3.316,0.23994853650691542,0.3329044708909617,0.39273078160180125,0.156963653908009,0.17368928916050178,0.28465744612415567,0.41235123834030235,26.3,41.2,32.3
42113,"Sullivan County, Pennsylvania",Pennsylvania,5888,11.58,69764.0,5.83,21.51,1.1,1.78,4,6.793,0.3637825667417176,0.3859761981344484,0.7690575747828884,0.5300739787713091,0.5638468961080734,0.3174654229655838,0.0739787713091026,48.8,7.4,32.3
55035,"Eau Claire County, Wisconsin",Wisconsin,107116,11.8,74546.0,2.96,36.76,1.2,3.33,44,4.108,0.38533290447089097,0.276616275329688,0.19749115471212608,0.12158250241235123,0.5895786426503699,0.5458346735284657,0.2775812158250241,35.3,27.8,32.3
35049,"Santa Fe County, New Mexico",New Mexico,156105,11.97,79071.0,5.26,46.07,2.6,12.07,125,8.007,0.4001286587327115,0.19749115471212608,0.6754583467352847,0.047282084271469925,0.8118366034094564,0.9096172402701833,0.04696043743969122,50.7,4.7,32.3
42129,"Westmoreland County, Pennsylvania",Pennsylvania,352500,10.27,74109.0,4.78,32.78,0.4,1.93,135,3.83,0.26664522354454806,0.2881955612737215,0.5786426503698938,0.18237375361852687,0.28208427146992604,0.3483435188163397,0.3187520102926986,32.4,31.9,32.2
41051,"Multnomah County, Oregon",Oregon,801477,12.59,88766.0,5.71,48.86,3.4,13.03,796,9.932,0.446767449340624,0.10678674815053071,0.752010292698617,0.0366677388227726,0.869411386297845,0.9218398198777742,0.02122869089739466,52.2,2.1,32.2
13117,"Forsyth County, Georgia",Georgia,267287,4.34,143784.0,3.51,57.13,3.1,22.88,112,4.19,0.004824702476680605,0.002894821486008363,0.30459954969443553,0.012222579607590866,0.8504342232229013,0.9739466066259247,0.2660019298809907,35.8,26.6,32.1
34035,"Somerset County, New Jersey",New Jersey,349846,5.37,140374.0,4.74,57.8,5.6,27.87,177,5.059,0.021550337729173367,0.004503055644901898,0.5693148922483113,0.01061434544869733,0.9327758121582502,0.9877774203924091,0.16982952717915728,42.1,17.0,32.1
18151,"Steuben County, Indiana",Indiana,34726,9.34,74911.0,7.24,25.64,0.1,2.06,15,4.32,0.20488903184303633,0.2705049855258926,0.8938565455130267,0.3560630427790286,0.11997426825345771,0.36989385654551304,0.24991958829205532,36.9,25.0,32.1
46013,"Brown County, South Dakota",South Dakota,37877,11.72,70898.0,3.29,33.8,1.3,4.27,18,4.752,0.3782566741717594,0.3608877452557092,0.2624638147314249,0.1662914120295915,0.6156320360244452,0.6362174332582824,0.1978128015439048,40.3,19.8,32.1
54029,"Hancock County, West Virginia",West Virginia,28431,14.51,61466.0,8.42,19.88,0.2,0.93,25,8.793,0.5863621743325829,0.6156320360244452,0.9395303956256031,0.6201350916693471,0.17368928916050178,0.1254422643936957,0.036024445159215185,51.0,3.6,32.0
24009,"Calvert County, Maryland",Maryland,94313,3.87,133922.0,2.69,37.02,0.4,4.03,27,2.863,0.0019298809906722419,0.006754583467352846,0.16018012222579608,0.11804438726278546,0.28208427146992604,0.6120939208748793,0.502733998070119,19.7,50.3,31.9
25023,"Plymouth County, Massachusetts",Massachusetts,535075,7.1,114201.0,5.09,41.82,3.4,11.18,284,5.308,0.07011900932775812,0.023158571888066904,0.6468317787069797,0.07237053715020907,0.869411386297845,0.8986812479897073,0.15246059826310712,43.0,15.2,31.9
39123,"Ottawa County, Ohio",Ohio,39994,8.43,76101.0,3.1,29.52,0.5,0.82,12,3.0,0.1392730781601801,0.24734641363782567,0.2209713734319717,0.250241235123834,0.3335477645545191,0.09874557735606304,0.47507237053715023,21.5,47.5,31.9
08063,"Kit Carson County, Colorado",Colorado,7023,9.83,70259.0,2.42,20.45,2.6,6.89,5,7.119,0.2354454808620135,0.3763267931810872,0.1247989707301383,0.5892569958185911,0.8118366034094564,0.7841749758764877,0.06625924734641364,48.7,6.6,31.9
37087,"Haywood County, North Carolina",North Carolina,62662,13.13,61912.0,3.09,29.53,0.4,2.76,29,4.628,0.49179800578964294,0.6056609842393053,0.21839819877774205,0.24991958829205532,0.28208427146992604,0.48021871984560954,0.21453843679639756,38.8,21.5,31.9
49019,"Grand County, Utah",Utah,9754,13.3,67106.0,1.6,37.49,2.5,8.69,6,6.151,0.5069154068832422,0.45320038597619816,0.05242843357992924,0.11386297844966227,0.8018655516243165,0.8433579929237697,0.10485686715985848,46.2,10.5,31.9
46037,"Day County, South Dakota",South Dakota,5437,14.82,66033.0,2.09,21.99,1.4,1.75,3,5.518,0.6079125120617562,0.4882598906400772,0.09006111289803795,0.5065937600514635,0.637825667417176,0.31199742682534576,0.1376648440012866,44.0,13.8,31.9
48085,"Collin County, Texas",Texas,1163337,6.23,121600.0,4.17,56.22,3.9,23.34,548,4.711,0.039562560308780956,0.01608234158893535,0.4422643936957221,0.015117401093599228,0.8867803152138951,0.975876487616597,0.20102926986169187,39.6,20.1,31.8
18159,"Tipton County, Indiana",Indiana,15346,11.19,76156.0,2.29,23.54,1.1,1.52,6,3.91,0.3351559987134127,0.24573817947893214,0.10871662914120296,0.4377613380508202,0.5638468961080734,0.26182052106786746,0.3078160180122226,32.6,30.8,31.8
31055,"Douglas County, Nebraska",Nebraska,590736,11.8,80391.0,3.84,42.11,2.9,10.56,354,5.993,0.38533290447089097,0.18269540045030555,0.3782566741717594,0.0688324220006433,0.8378899967835317,0.88806690254101,0.10968156963653908,45.7,11.0,31.8
01077,"Lauderdale County, Alabama",Alabama,95830,12.16,62649.0,4.06,29.82,0.9,2.58,52,5.426,0.4139594724991959,0.5831457060147958,0.41974911547121263,0.24123512383403023,0.4985525892569958,0.45480862013509166,0.1431328401415246,43.5,14.3,31.8
17113,"McLean County, Illinois",Illinois,171556,12.91,79905.0,3.07,47.22,1.1,7.6,78,4.547,0.47507237053715023,0.18848504342232228,0.21518173045995498,0.04213573496301062,0.5638468961080734,0.8066902541009972,0.22225796075908652,38.2,22.2,31.8
23031,"York County, Maine",Maine,216731,7.65,88333.0,3.41,36.24,0.7,3.98,76,3.507,0.09359922804760373,0.10935992280476037,0.28433579929237696,0.1293020263750402,0.42039240913477,0.6063042779028627,0.38050820199421037,27.4,38.1,31.7
12103,"Pinellas County, Florida",Florida,963481,11.54,72646.0,4.43,36.76,3.2,12.38,917,9.518,0.3605660984239305,0.31939530395625604,0.5011257639112254,0.12158250241235123,0.8587970408491477,0.9141202959150853,0.024766806046960438,51.3,2.5,31.7
18139,"Rush County, Indiana",Indiana,16739,11.87,66473.0,4.3,18.58,0.0,0.73,7,4.182,0.3930524284335799,0.46767449340623996,0.4663879060791251,0.6899324541653264,0.0,0.08137664844001287,0.2672885172081055,35.0,26.7,31.7
31045,"Dawes County, Nebraska",Nebraska,8140,13.13,56280.0,1.64,36.23,3.5,0.96,4,4.914,0.49179800578964294,0.7616596976519782,0.054679961402380184,0.12994532003859763,0.8735927951109682,0.13123190736571244,0.18076551945963332,40.7,18.1,31.7
51540,"Charlottesville city, Virginia",Virginia,45437,19.65,74824.0,3.7,62.45,2.3,10.56,60,13.205,0.8385332904470891,0.2724348665165648,0.34448375683499516,0.004503055644901898,0.7828883885493728,0.88806690254101,0.00964940495336121,52.2,1.0,31.7
18011,"Boone County, Indiana",Indiana,74718,4.51,111250.0,2.78,51.73,0.6,5.25,23,3.078,0.006754583467352846,0.028304921196526216,0.1743325828240592,0.024766806046960438,0.38018655516243166,0.702476680604696,0.4612415567706658,21.9,46.1,31.6
17001,"Adams County, Illinois",Illinois,64754,12.84,66220.0,3.88,27.46,0.2,1.22,26,4.015,0.4660662592473464,0.4789321325184947,0.38726278546156323,0.2981666130588614,0.17368928916050178,0.18977163074943712,0.2907687359279511,33.2,29.1,31.6
13281,"Towns County, Georgia",Georgia,12913,13.29,59135.0,4.64,31.03,0.0,1.95,6,4.646,0.5053071727243487,0.687037632679318,0.5484078481826954,0.21839819877774205,0.0,0.35155998713412673,0.2116436153103892,38.5,21.2,31.6
39041,"Delaware County, Ohio",Ohio,226834,4.67,133540.0,2.97,59.43,1.2,9.74,81,3.571,0.008684464458025088,0.007076230299131554,0.19909938887101963,0.008684464458025088,0.5895786426503699,0.867159858475394,0.36635574139594723,28.0,36.6,31.5
33009,"Grafton County, New Hampshire",New Hampshire,92120,10.35,88261.0,3.18,46.72,0.8,5.6,35,3.799,0.2730781601801222,0.11000321646831779,0.2405918301704728,0.043422322290125444,0.46317143776133807,0.7204889031843036,0.3238983596011579,30.8,32.4,31.5
06075,"San Francisco County, California",California,830235,11.15,140970.0,6.09,60.34,10.9,34.05,1211,14.586,0.3306529430685108,0.0041814088131231905,0.8060469604374397,0.007397877130910261,0.9803795432614989,0.9958185911868768,0.006754583467352846,52.1,0.7,31.5
51630,"Fredericksburg city, Virginia",Virginia,28873,13.19,86071.0,5.06,46.13,4.7,12.14,50,17.317,0.4975876487616597,0.1289803795432615,0.6400771952396269,0.04696043743969122,0.9125120617561917,0.9102605339337407,0.004503055644901898,52.3,0.5,31.5
56031,"Platte County, Wyoming",Wyoming,8612,7.74,67718.0,4.58,20.74,1.2,0.57,4,4.645,0.10035381151495658,0.4332582824059183,0.5374718559022194,0.5725313605660984,0.5895786426503699,0.055001608234158894,0.2119652621421679,38.1,21.2,31.4
55091,"Pepin County, Wisconsin",Wisconsin,7431,10.21,75256.0,3.11,22.97,0.8,1.82,3,4.037,0.2631071083949823,0.26407204889031843,0.22354454808620136,0.4612415567706658,0.46317143776133807,0.32454165326471535,0.2862656802830492,33.3,28.6,31.4
51103,"Lancaster County, Virginia",Virginia,10936,10.27,69713.0,9.55,41.27,0.4,4.01,6,5.486,0.26664522354454806,0.38726278546156323,0.9646188485043422,0.07590865229977485,0.28208427146992604,0.6108073335477645,0.1392730781601801,43.1,13.9,31.4
17033,"Crawford County, Illinois",Illinois,18511,12.09,71674.0,3.01,20.6,0.1,1.18,7,3.782,0.4091347700225153,0.34191058218076553,0.20553232550659375,0.5812158250241235,0.11997426825345771,0.17754905114184624,0.3267931810871663,30.6,32.7,31.4
01117,"Shelby County, Alabama",Alabama,230211,7.18,97961.0,2.87,46.84,1.3,5.52,83,3.605,0.0739787713091026,0.058861370215503375,0.1839819877774204,0.043100675458346734,0.6156320360244452,0.715664200707623,0.3592795110968157,28.2,35.9,31.3
10003,"New Castle County, Delaware",Delaware,577961,10.14,91166.0,4.84,39.68,2.9,12.8,376,6.506,0.25699581859118686,0.08877452557092312,0.5947249919588292,0.09102605339337408,0.8378899967835317,0.917658411064651,0.08459311675779993,46.5,8.5,31.3
37119,"Mecklenburg County, North Carolina",North Carolina,1154681,10.36,87005.0,4.34,49.22,5.1,17.35,742,6.426,0.27404310067545834,0.11836603409456417,0.4760373110324863,0.033772917336764234,0.923126407204889,0.9520746220649726,0.08813123190736571,46.3,8.8,31.3
37021,"Buncombe County, North Carolina",North Carolina,274360,11.84,74436.0,4.29,45.91,2.0,6.75,167,6.087,0.39015760694757157,0.2801543904792538,0.4634930845931168,0.04824702476680605,0.7468639433901576,0.7787069797362496,0.1058218076551946,45.1,10.6,31.3
37135,"Orange County, North Carolina",North Carolina,149678,12.48,90089.0,3.64,61.76,3.2,12.91,87,5.812,0.43969121904149244,0.09424252171116114,0.33386941138629783,0.005789642972016726,0.8587970408491477,0.9195882920553232,0.11997426825345771,44.2,12.0,31.3
17199,"Williamson County, Illinois",Illinois,66876,13.75,65604.0,5.01,26.25,0.3,1.98,37,5.533,0.5355419749115471,0.502733998070119,0.6288195561273722,0.3316178835638469,0.22997748472177548,0.3583145706014796,0.13669990350595046,43.1,13.7,31.3
29031,"Cape Girardeau County, Missouri",Missouri,82735,13.95,68464.0,2.32,33.09,0.8,2.43,36,4.351,0.5513026696687038,0.4146027661627533,0.11354133161788356,0.17722740431006753,0.46317143776133807,0.4332582824059183,0.24477323898359601,35.9,24.5,31.3
53007,"Chelan County, Washington",Washington,80172,8.27,82381.0,3.74,31.18,4.5,14.0,49,6.112,0.12833708587970408,0.15857188806690253,0.3560630427790286,0.21260855580572532,0.9067224187841749,0.9324541653264715,0.10517851399163718,44.9,10.5,31.2
27045,"Fillmore County, Minnesota",Minnesota,21414,8.39,77512.0,2.72,24.09,1.1,1.61,8,3.736,0.13605660984239304,0.2219363139273078,0.16500482470247668,0.4158893534898681,0.5638468961080734,0.28401415246059825,0.33419105821807654,29.8,33.4,31.2
55025,"Dane County, Wisconsin",Wisconsin,572674,10.62,89975.0,2.39,55.32,2.0,8.95,247,4.313,0.2907687359279511,0.09552910903827597,0.11933097458990029,0.01608234158893535,0.7468639433901576,0.8504342232229013,0.2505628819556127,35.3,25.1,31.2
46101,"Moody County, South Dakota",South Dakota,6397,11.64,78427.0,2.8,30.42,1.7,4.08,3,4.69,0.36989385654551304,0.20842714699260212,0.17722740431006753,0.2293341910582181,0.6960437439691219,0.6198134448375684,0.20553232550659375,38.3,20.6,31.2
36001,"Albany County, New York",New York,317018,13.03,85333.0,5.04,46.42,2.6,11.95,299,9.432,0.4831135413316179,0.13251849469282728,0.6358957864265037,0.045352203280797684,0.8118366034094564,0.9083306529430685,0.02541009971051785,50.3,2.5,31.2
20133,"Neosho County, Kansas",Kansas,15656,13.14,56618.0,3.24,23.32,0.3,1.56,8,5.11,0.4943711804438726,0.752975233193953,0.25217111611450627,0.446767449340624,0.22997748472177548,0.27114827918945,0.16693470569314892,40.8,16.7,31.2
34005,"Burlington County, New Jersey",New Jersey,467805,6.65,108111.0,5.27,42.55,2.1,11.02,246,5.259,0.051463493084593116,0.03473785783210035,0.6780315213895143,0.06690254100997105,0.7574782888388549,0.8964297201672563,0.15728530073978772,41.4,15.7,31.1
13227,"Pickens County, Georgia",Georgia,34951,11.96,78930.0,3.02,26.67,0.5,2.8,14,4.006,0.39916371823737534,0.20102926986169187,0.2068189128337086,0.32003859761981346,0.3335477645545191,0.4831135413316179,0.29269861691862337,32.4,29.3,31.1
16005,"Bannock County, Idaho",Idaho,89454,12.3,66499.0,4.33,30.64,0.6,3.37,48,5.366,0.425860405275008,0.4663879060791251,0.47282084271469926,0.2257960759086523,0.38018655516243166,0.5503377291733677,0.1476358957864265,42.0,14.8,31.1
31111,"Lincoln County, Nebraska",Nebraska,33802,12.36,65148.0,3.63,22.66,1.0,2.82,22,6.508,0.4310067545834674,0.5152782245094886,0.3316178835638469,0.4760373110324863,0.5310389192666453,0.48600836281762627,0.08427146992602123,46.2,8.4,31.1
19085,"Harrison County, Iowa",Iowa,14632,7.09,79535.0,2.29,21.99,0.0,0.8,4,2.734,0.06979736249597941,0.1939530395625603,0.10871662914120296,0.5065937600514635,0.0,0.09392087487938244,0.5320038597619814,16.2,53.2,31.0
13241,"Rabun County, Georgia",Georgia,17312,13.13,67493.0,1.33,31.27,1.5,6.62,10,5.776,0.49179800578964294,0.43969121904149244,0.03827597298166613,0.21067867481505306,0.6587327114827919,0.7716307494371181,0.12126085558057254,43.5,12.1,31.0
31145,"Red Willow County, Nebraska",Nebraska,10557,14.04,63697.0,1.38,24.83,1.8,1.96,6,5.683,0.5583788999678353,0.5500160823415889,0.04181408813123191,0.3869411386297845,0.7140559665487295,0.35284657446124157,0.1244773238983596,43.4,12.4,31.0
28081,"Lee County, Mississippi",Mississippi,83034,14.55,67863.0,5.06,28.61,1.0,2.4,64,7.708,0.5895786426503699,0.43132840141524603,0.6400771952396269,0.26986169186233516,0.5310389192666453,0.4290768735927951,0.051463493084593116,48.2,5.1,31.0
19017,"Bremer County, Iowa",Iowa,25204,7.33,86784.0,3.3,36.25,0.1,1.6,7,2.777,0.07783853329044708,0.12126085558057254,0.26439369572209714,0.1286587327114828,0.11997426825345771,0.28176262463814733,0.5239626889675136,16.6,52.4,30.9
36119,"Westchester County, New York",New York,999677,9.01,118976.0,6.05,53.12,6.5,26.05,891,8.913,0.17851399163718237,0.0183338694113863,0.8028304921196526,0.020907044065615953,0.9501447410743005,0.9839176584110646,0.03409456416854294,49.2,3.4,30.9
31019,"Buffalo County, Nebraska",Nebraska,50579,9.88,75911.0,2.56,34.37,1.0,4.83,21,4.152,0.24123512383403023,0.24991958829205532,0.14184625281440977,0.15567706658089417,0.5310389192666453,0.6773882277259569,0.2714699260212287,33.3,27.1,30.8
55099,"Price County, Wisconsin",Wisconsin,14092,11.86,60546.0,2.89,17.9,0.3,1.22,7,4.967,0.39240913477002254,0.6481183660340946,0.18687680926342876,0.7278867803152139,0.22997748472177548,0.18977163074943712,0.17626246381473143,39.6,17.6,30.8
05019,"Clark County, Arkansas",Arkansas,21125,21.55,52034.0,3.81,26.19,0.1,1.89,17,8.047,0.8909617240270183,0.8456095207462206,0.37118044387262783,0.3351559987134127,0.11997426825345771,0.3406239948536507,0.045352203280797684,48.4,4.5,30.8
42017,"Bucks County, Pennsylvania",Pennsylvania,647461,6.1,114764.0,4.4,44.76,2.5,10.44,311,4.803,0.03505950466387906,0.02219363139273078,0.4959794146027662,0.0553232550659376,0.8018655516243165,0.885815374718559,0.1933097458990029,38.3,19.3,30.7
51570,"Colonial Heights city, Virginia",Virginia,18352,7.91,76505.0,3.58,28.04,2.3,6.51,10,5.449,0.10710839498230942,0.239305242843358,0.31939530395625604,0.2830492119652621,0.7828883885493728,0.7671276937922161,0.14184625281440977,41.6,14.2,30.7
48053,"Burnet County, Texas",Texas,52652,7.96,78732.0,2.63,28.54,1.8,8.05,25,4.748,0.10935992280476037,0.20360244451592152,0.15310389192666451,0.2714699260212287,0.7140559665487295,0.8227725956899324,0.1981344483756835,37.9,19.8,30.7
38101,"Ward County, North Dakota",North Dakota,68973,8.56,78238.0,3.57,29.58,0.7,3.77,28,4.06,0.14924412994532005,0.21035702798327435,0.31682212930202636,0.2483113541331618,0.42039240913477,0.5895786426503699,0.2830492119652621,32.2,28.3,30.7
19153,"Polk County, Iowa",Iowa,503175,10.31,83576.0,4.35,40.26,3.6,10.09,330,6.558,0.26954004503055645,0.14827918944998392,0.478610485686716,0.08555805725313606,0.8784174975876488,0.8784174975876488,0.0829848825989064,45.6,8.3,30.7
42041,"Cumberland County, Pennsylvania",Pennsylvania,268323,7.48,87494.0,3.68,40.0,1.8,7.52,121,4.509,0.08555805725313606,0.1154712126085558,0.34191058218076553,0.087809585075587,0.7140559665487295,0.8037954326149888,0.22836925056288196,35.8,22.8,30.6
51115,"Mathews County, Virginia",Virginia,8540,7.8,75880.0,4.45,28.4,0.1,1.64,3,3.513,0.10324863300096494,0.250241235123834,0.50498552589257,0.2756513348343519,0.11997426825345771,0.28916050176905755,0.37922161466709553,25.7,37.9,30.6
18127,"Porter County, Indiana",Indiana,174818,9.58,87972.0,4.69,31.07,1.0,4.02,82,4.691,0.21743325828240592,0.11193309745899004,0.5561273721453843,0.21775490511418463,0.5310389192666453,0.6114506272113219,0.20456738501125765,37.4,20.5,30.6
46035,"Davison County, South Dakota",South Dakota,19952,11.17,66208.0,0.86,22.62,1.7,1.99,10,5.012,0.332582824059183,0.47989707301383083,0.02026375040205854,0.478610485686716,0.6960437439691219,0.35960115792859443,0.17336764232872307,39.4,17.3,30.6
23011,"Kennebec County, Maine",Maine,126808,11.63,69077.0,3.93,31.92,0.8,2.44,60,4.732,0.3692505628819556,0.40205853972338373,0.39884207140559663,0.19749115471212608,0.46317143776133807,0.43518816339659055,0.19909938887101963,37.8,19.9,30.6
47093,"Knox County, Tennessee",Tennessee,494148,12.2,74222.0,3.52,40.97,1.6,6.45,276,5.585,0.41717594081698295,0.28433579929237696,0.30685107751688645,0.07944676744934062,0.6767449340623994,0.7648761659697652,0.13155355419749115,42.2,13.2,30.6
26071,"Iron County, Michigan",Michigan,11667,16.99,55940.0,5.35,22.51,0.1,0.9,10,8.571,0.7285300739787713,0.76616275329688,0.6963653908009007,0.4837568349951753,0.11997426825345771,0.11643615310389192,0.03827597298166613,48.5,3.8,30.6
34003,"Bergen County, New Jersey",New Jersey,962316,6.79,124884.0,5.83,53.14,8.9,31.79,716,7.44,0.057253136056609845,0.013187520102926986,0.7690575747828884,0.020585397233837247,0.9726600192988099,0.9935670633644259,0.056931489224831135,47.1,5.7,30.5
09190,"Western Connecticut Planning Region, Connecticut",Connecticut,627071,7.46,128188.0,5.3,55.53,6.5,23.78,412,6.57,0.08394982309424252,0.01061434544869733,0.6844644580250885,0.01576069475715664,0.9501447410743005,0.9774847217754905,0.08169829527179158,45.4,8.2,30.5
06059,"Orange County, California",California,3165820,9.5,116289.0,5.4,44.08,7.9,30.38,3050,9.634,0.212930202637504,0.020585397233837247,0.7060147957542618,0.05789642972016726,0.9620456738501125,0.9916371823737536,0.023801865551624318,49.2,2.4,30.5
45045,"Greenville County, South Carolina",South Carolina,548166,10.83,76932.0,4.36,41.26,2.9,8.71,386,7.042,0.30749437118044387,0.23319395303956256,0.4831135413316179,0.07655194596333226,0.8378899967835317,0.8440012865873271,0.06754583467352847,46.4,6.8,30.5
56013,"Fremont County, Wyoming",Wyoming,39533,12.82,64904.0,7.4,26.5,0.2,1.67,25,6.324,0.46477967192023156,0.5217111611450628,0.9022193631392731,0.32422000643293664,0.17368928916050178,0.2962367320681891,0.09295593438404631,44.7,9.3,30.5
49011,"Davis County, Utah",Utah,370924,6.43,110884.0,2.73,39.25,0.9,5.79,132,3.559,0.04470890961724027,0.029269861691862336,0.16693470569314892,0.09552910903827597,0.4985525892569958,0.7323898359601158,0.3692505628819556,26.1,36.9,30.4
08005,"Arapahoe County, Colorado",Colorado,659844,8.64,101087.0,4.97,46.5,4.8,16.54,445,6.744,0.15374718559022194,0.051785139916371827,0.6214216789964618,0.04470890961724027,0.9157285300739788,0.9475715664200708,0.07590865229977485,45.6,7.6,30.4
42125,"Washington County, Pennsylvania",Pennsylvania,210042,9.61,78958.0,4.78,32.92,0.5,2.44,87,4.142,0.21871984560952074,0.20038597619813445,0.5786426503698938,0.18076551945963332,0.3335477645545191,0.43518816339659055,0.2730781601801222,32.5,27.3,30.4
13207,"Monroe County, Georgia",Georgia,29664,12.32,83183.0,2.69,26.96,0.0,2.07,10,3.371,0.428111933097459,0.1527822450948858,0.16018012222579608,0.3136056609842393,0.0,0.37214538436796396,0.40238018655516244,23.8,40.2,30.4
48171,"Gillespie County, Texas",Texas,27524,9.23,76162.0,2.72,37.19,1.2,5.99,12,4.36,0.194274686394339,0.24541653264715343,0.16500482470247668,0.11643615310389192,0.5895786426503699,0.7433258282405918,0.24284335799292378,34.2,24.3,30.3
21145,"McCracken County, Kentucky",Kentucky,67564,15.16,64373.0,3.24,29.04,0.7,2.1,37,5.476,0.6249597941460276,0.5342553875844323,0.25217111611450627,0.25956899324541655,0.42039240913477,0.37729173367642327,0.13991637182373753,41.1,14.0,30.3
21185,"Oldham County, Kentucky",Kentucky,69257,4.3,122497.0,3.49,46.42,1.2,4.23,25,3.61,0.0041814088131231905,0.015439047925377935,0.30138308137664843,0.045352203280797684,0.5895786426503699,0.6326793181087166,0.3586362174332583,26.5,35.9,30.2
38059,"Morton County, North Dakota",North Dakota,33777,8.04,79382.0,1.53,28.79,1.0,1.13,11,3.257,0.11354133161788356,0.19523962688967514,0.04889031843036346,0.2631071083949823,0.5310389192666453,0.16725635252492763,0.42489546477967194,22.0,42.5,30.2
19141,"O'Brien County, Iowa",Iowa,14126,13.32,68356.0,1.0,22.05,1.1,4.44,9,6.371,0.508201994210357,0.41781923448054037,0.02348021871984561,0.5036989385654551,0.5638468961080734,0.648761659697652,0.08973946606625925,44.4,9.0,30.2
36091,"Saratoga County, New York",New York,238284,7.06,100787.0,3.27,45.39,0.8,5.48,87,3.651,0.06722418784174976,0.05242843357992924,0.2586040527500804,0.05275008041170794,0.46317143776133807,0.7130910260533934,0.34963010614345447,26.8,35.0,30.1
12117,"Seminole County, Florida",Florida,481470,9.03,85761.0,4.15,42.74,3.2,15.09,300,6.231,0.1804438726278546,0.12994532003859763,0.4367963975554841,0.0643293663557414,0.8587970408491477,0.9404953361209392,0.10003216468317787,43.5,10.0,30.1
42003,"Allegheny County, Pennsylvania",Pennsylvania,1238177,11.52,78548.0,5.04,45.75,1.4,6.59,794,6.413,0.3592795110968157,0.20617561917015118,0.6358957864265037,0.04985525892569958,0.637825667417176,0.7697008684464458,0.08845287873914442,44.3,8.8,30.1
06057,"Nevada County, California",California,102481,11.01,89882.0,5.44,41.55,1.1,6.38,60,5.855,0.31553554197491157,0.09585075587005468,0.7146992602122869,0.07494371180443872,0.5638468961080734,0.7626246381473143,0.11707944676744934,42.1,11.7,30.0
18169,"Wabash County, Indiana",Indiana,30844,11.09,66806.0,3.44,23.1,0.5,1.4,14,4.539,0.32422000643293664,0.4615632036024445,0.29205532325506595,0.45738179478932134,0.3335477645545191,0.2357671276937922,0.22322290125442265,35.1,22.3,30.0
48129,"Donley County, Texas",Texas,3257,7.87,58750.0,1.68,16.56,1.0,4.88,3,9.211,0.10517851399163718,0.6989385654551302,0.05853972338372467,0.7944676744934063,0.5310389192666453,0.6812479897073014,0.028304921196526216,47.8,2.8,29.8
29117,"Livingston County, Missouri",Missouri,14364,11.94,63627.0,2.74,17.51,0.4,0.79,7,4.873,0.39787713091026056,0.5529109038275973,0.16982952717915728,0.7487938243808299,0.28208427146992604,0.0919909938887102,0.18494692827275652,37.4,18.5,29.8
29077,"Greene County, Missouri",Missouri,303375,13.65,61479.0,3.4,33.59,1.0,3.78,216,7.12,0.5281440977806369,0.614667095529109,0.2814409778063686,0.16854293985204247,0.5310389192666453,0.5899002894821486,0.06593760051463493,45.2,6.6,29.8
41005,"Clackamas County, Oregon",Oregon,423975,7.71,103517.0,4.43,40.54,1.6,8.77,209,4.93,0.09842393052428433,0.043422322290125444,0.5011257639112254,0.0829848825989064,0.6767449340623994,0.8462528144097781,0.1794789321325185,37.5,17.9,29.7
48031,"Blanco County, Texas",Texas,12446,8.44,92425.0,5.92,35.41,0.5,5.59,6,4.821,0.14023801865551624,0.0829848825989064,0.7848182695400451,0.13959472499195882,0.3335477645545191,0.7188806690254101,0.19137986490833064,36.7,19.1,29.7
19097,"Jackson County, Iowa",Iowa,19390,9.65,74186.0,5.1,19.52,0.3,0.79,9,4.642,0.2209713734319717,0.2862656802830492,0.6490833065294307,0.6391122547442908,0.22997748472177548,0.0919909938887102,0.21228690897394661,35.3,21.2,29.7
24005,"Baltimore County, Maryland",Maryland,850796,9.78,91768.0,4.89,42.32,2.6,13.19,622,7.311,0.23287230620778385,0.08684464458025089,0.605982631071084,0.06818912833708587,0.8118366034094564,0.923126407204889,0.060791251206175616,45.5,6.1,29.7
19157,"Poweshiek County, Iowa",Iowa,18545,10.75,67391.0,3.64,27.33,1.1,3.62,11,5.932,0.3010614345448697,0.4438726278546156,0.33386941138629783,0.30170472820842714,0.5638468961080734,0.5760694757156642,0.11321968478610486,42.0,11.3,29.7
13121,"Fulton County, Georgia",Georgia,1076561,12.34,95292.0,5.36,58.49,2.6,14.08,1739,16.153,0.4287552267610164,0.07044065615953683,0.6979736249597941,0.009971051785139916,0.8118366034094564,0.9327758121582502,0.005467996140238018,49.2,0.5,29.7
24003,"Anne Arundel County, Maryland",Maryland,598166,5.64,124911.0,3.72,45.76,1.8,10.02,267,4.464,0.02637504020585397,0.012865873271148279,0.34898681247989705,0.049533612093920876,0.7140559665487295,0.8771309102605339,0.23222901254422643,33.8,23.2,29.6
31177,"Washington County, Nebraska",Nebraska,21106,6.4,94396.0,1.81,36.83,0.2,2.51,6,2.843,0.04406561595368286,0.0739787713091026,0.06851077516886458,0.11997426825345771,0.17368928916050178,0.4470890961724027,0.5085236410421358,15.5,50.9,29.6
53035,"Kitsap County, Washington",Washington,277881,8.19,104158.0,4.67,37.94,1.2,7.17,135,4.858,0.12286908973946607,0.0414924412994532,0.553232550659376,0.10968156963653908,0.5895786426503699,0.7951109681569637,0.18687680926342876,36.9,18.7,29.6
12091,"Okaloosa County, Florida",Florida,216599,9.32,81998.0,3.81,34.82,2.7,9.19,135,6.233,0.2029591508523641,0.16211000321646832,0.37118044387262783,0.1466709552910904,0.8230942425217112,0.8546156320360244,0.09971051785139916,42.7,10.0,29.6
12021,"Collier County, Florida",Florida,398291,10.69,90045.0,3.92,40.29,6.3,24.63,335,8.411,0.2984882598906401,0.09488581537471856,0.39723383724670314,0.08491476358957864,0.9459633322611772,0.9790929559343841,0.04020585397233837,46.7,4.0,29.6
17065,"Hamilton County, Illinois",Illinois,7916,12.08,65746.0,5.13,21.02,0.1,0.49,4,5.053,0.4081698295271792,0.4982309424252171,0.6535863621743326,0.5570923126407205,0.11997426825345771,0.04406561595368286,0.1707944676744934,38.0,17.1,29.6
19165,"Shelby County, Iowa",Iowa,11778,7.63,72738.0,3.19,24.07,0.0,1.63,4,3.396,0.09263428755226762,0.3174654229655838,0.24252171116114507,0.41717594081698295,0.0,0.28723062077838535,0.39819877774203927,22.6,39.8,29.5
53033,"King County, Washington",Washington,2287171,8.59,124746.0,4.84,56.73,6.0,25.77,1659,7.254,0.15085236410421357,0.0138308137664844,0.5947249919588292,0.013187520102926986,0.9411386297844966,0.9835960115792859,0.06304277902862657,45.0,6.3,29.5
46009,"Bon Homme County, South Dakota",South Dakota,7044,10.57,64435.0,2.2,19.6,0.4,0.78,3,4.259,0.28690897394660664,0.5323255065937601,0.09906722418784175,0.6362174332582824,0.28208427146992604,0.08941781923448054,0.25699581859118686,32.1,25.7,29.5
48267,"Kimble County, Texas",Texas,4389,11.68,69455.0,1.27,27.11,2.4,6.24,3,6.835,0.3734319716950788,0.39401736892891603,0.035702798327436475,0.30974589900289484,0.7918944998391766,0.755226761016404,0.07301383081376649,44.3,7.3,29.5
29047,"Clay County, Missouri",Missouri,258122,8.47,88468.0,3.77,36.55,1.2,5.52,117,4.533,0.14152460598263106,0.10839498230942425,0.36153103891926663,0.1241556770665809,0.5895786426503699,0.715664200707623,0.22483113541331617,34.0,22.5,29.4
16017,"Bonner County, Idaho",Idaho,51049,11.12,66979.0,4.82,28.6,0.4,2.2,27,5.289,0.3287230620778385,0.4567385011257639,0.5895786426503699,0.2701833386941139,0.28208427146992604,0.3917658411064651,0.15406883242200065,38.7,15.4,29.4
08069,"Larimer County, Colorado",Colorado,367368,11.2,93765.0,4.75,52.95,0.8,5.53,178,4.845,0.3361209392087488,0.07590865229977485,0.5715664200707623,0.02219363139273078,0.46317143776133807,0.7169507880347379,0.18752010292698618,36.4,18.8,29.4
30017,"Custer County, Montana",Montana,11961,11.34,70605.0,3.44,27.02,0.5,1.31,5,4.18,0.34705693148922484,0.3686072692183982,0.29205532325506595,0.3110324863300096,0.3335477645545191,0.21325184946928272,0.2676101640398842,31.1,26.8,29.4
54039,"Kanawha County, West Virginia",West Virginia,176537,15.75,60943.0,5.58,29.69,0.2,2.0,160,9.063,0.6593760051463493,0.635574139594725,0.7362495979414603,0.2441299453200386,0.17368928916050178,0.3612093920874879,0.031199742682534577,46.8,3.1,29.4
51059,"Fairfax County, Virginia",Virginia,1147837,5.94,153637.0,4.24,64.99,6.5,30.84,652,5.68,0.031843036346091994,0.0009649404953361209,0.45513026696687037,0.001286587327114828,0.9501447410743005,0.9929237697008685,0.1247989707301383,40.5,12.5,29.3
19167,"Sioux County, Iowa",Iowa,36212,6.67,86098.0,1.52,30.57,2.7,8.54,17,4.695,0.05242843357992924,0.12833708587970408,0.047603731103248635,0.22708266323576712,0.8230942425217112,0.8366034094564169,0.20424573817947894,35.3,20.4,29.3
24031,"Montgomery County, Maryland",Maryland,1065949,7.45,132450.0,4.93,60.61,7.5,33.61,753,7.064,0.0833065294306851,0.0077195239626889674,0.6130588613702155,0.007076230299131554,0.9568993245416533,0.9951752975233193,0.06690254100997105,44.4,6.7,29.3
19129,"Mills County, Iowa",Iowa,14568,8.22,90753.0,1.98,30.97,0.1,1.18,4,2.746,0.12640720488903184,0.09134770022515278,0.08137664844001287,0.22000643293663558,0.11997426825345771,0.17754905114184624,0.5284657446124156,13.6,52.8,29.3
30021,"Dawson County, Montana",Montana,8827,8.71,71334.0,2.66,21.77,0.1,0.44,3,3.399,0.15953682856223866,0.34963010614345447,0.15825024123512382,0.5168864586683821,0.11997426825345771,0.037954326149887425,0.39755548407848185,22.4,39.8,29.3
19009,"Audubon County, Iowa",Iowa,5599,11.76,58229.0,1.3,20.82,0.5,1.66,3,5.358,0.38211643615310387,0.7134126728851721,0.03731103248633001,0.5693148922483113,0.3335477645545191,0.29430685107751686,0.14924412994532005,38.8,14.9,29.3
53069,"Wahkiakum County, Washington",Washington,4658,17.82,62653.0,3.48,21.85,0.0,2.34,3,6.441,0.7680926342875523,0.582824059183017,0.2984882598906401,0.5130266966870376,0.0,0.41781923448054037,0.08684464458025089,43.0,8.7,29.3
08035,"Douglas County, Colorado",Colorado,377150,3.77,149594.0,3.58,62.02,0.8,8.39,143,3.792,0.001286587327114828,0.0016082341588935349,0.31939530395625604,0.005146349308459312,0.46317143776133807,0.8308137664844001,0.32486330009649406,27.0,32.5,29.2
51161,"Roanoke County, Virginia",Virginia,97023,7.26,83709.0,2.75,37.15,1.2,6.8,41,4.226,0.07558700546799614,0.14634930845931168,0.17143776133805083,0.11707944676744934,0.5895786426503699,0.7806368607269218,0.2605339337407527,31.3,26.1,29.2
55029,"Door County, Wisconsin",Wisconsin,30445,7.66,74795.0,2.42,37.4,0.6,2.96,11,3.613,0.09392087487938244,0.2733998070119009,0.1247989707301383,0.1154712126085558,0.38018655516243166,0.5030556449018977,0.35734963010614346,24.8,35.7,29.2
06041,"Marin County, California",California,257969,8.31,149091.0,6.09,61.13,4.2,19.62,238,9.226,0.13026696687037634,0.0019298809906722419,0.8060469604374397,0.006111289803795433,0.8970730138308137,0.9620456738501125,0.02798327436474751,46.7,2.8,29.2
44005,"Newport County, Rhode Island",Rhode Island,84657,8.49,103514.0,5.8,54.09,1.5,7.03,48,5.67,0.14345448697330332,0.04374396912190415,0.7648761659697652,0.01929880990672242,0.6587327114827919,0.790286265680283,0.12576391122547442,40.3,12.6,29.2
30083,"Richland County, Montana",Montana,11235,6.6,73084.0,3.27,21.99,0.5,3.07,5,4.45,0.049533612093920876,0.3078160180122226,0.2586040527500804,0.5065937600514635,0.3335477645545191,0.5155998713412673,0.23383724670311998,32.9,23.4,29.1
31101,"Keith County, Nebraska",Nebraska,8219,10.37,60645.0,2.03,22.73,3.2,3.13,10,12.167,0.2756513348343519,0.64425860405275,0.08523641042135735,0.47282084271469926,0.8587970408491477,0.5217111611450628,0.013509166934705693,47.6,1.4,29.1
12085,"Martin County, Florida",Florida,162176,11.31,82943.0,4.89,37.14,1.8,11.12,166,10.236,0.343518816339659,0.15535541974911546,0.605982631071084,0.11740109359922805,0.7140559665487295,0.8977163074943711,0.019942103570279833,47.2,2.0,29.1
48435,"Sutton County, Texas",Texas,3277,4.51,78906.0,1.88,18.31,5.8,9.06,3,9.155,0.006754583467352846,0.20135091669347058,0.0733354776455452,0.7079446767449341,0.938565455130267,0.8523641042135734,0.029269861691862336,46.3,2.9,29.0
51023,"Botetourt County, Virginia",Virginia,34004,6.16,81213.0,2.4,28.48,0.0,1.94,10,2.941,0.03634609199099389,0.170151174010936,0.12061756191701511,0.27404310067545834,0.0,0.3499517529752332,0.48761659697651977,15.9,48.8,29.0
51061,"Fauquier County, Virginia",Virginia,74577,6.76,130189.0,2.86,41.68,2.3,8.85,33,4.425,0.05660984239305243,0.009971051785139916,0.18333869411386297,0.0733354776455452,0.7828883885493728,0.848504342232229,0.2354454808620135,32.6,23.5,29.0
29089,"Howard County, Missouri",Missouri,10147,12.04,65938.0,3.74,28.19,0.0,1.05,4,3.942,0.4052750080411708,0.4930845931167578,0.3560630427790286,0.2807976841428112,0.0,0.14892248311354134,0.30234802187198456,28.1,30.2,28.9
48397,"Rockwall County, Texas",Texas,123617,4.04,127981.0,4.29,44.49,1.4,8.94,57,4.611,0.002894821486008363,0.010935992280476037,0.4634930845931168,0.05596654872949502,0.637825667417176,0.8501125763911226,0.21582502412351237,33.7,21.6,28.8
01089,"Madison County, Alabama",Alabama,405718,10.13,86499.0,3.61,46.42,1.4,5.95,198,4.88,0.25603087809585073,0.1244773238983596,0.3287230620778385,0.045352203280797684,0.637825667417176,0.7410743004181409,0.18366034094564168,35.6,18.4,28.7
48453,"Travis County, Texas",Texas,1330015,10.93,99611.0,4.56,56.56,4.8,18.08,1358,10.21,0.3126407204889032,0.05435831457060148,0.5329688002573174,0.013509166934705693,0.9157285300739788,0.9552910903827597,0.02026375040205854,46.4,2.0,28.7
49005,"Cache County, Utah",Utah,140046,11.95,81665.0,2.59,42.23,1.7,6.33,73,5.213,0.39819877774203927,0.16468317787069797,0.14538436796397555,0.06851077516886458,0.6960437439691219,0.7600514634930846,0.16018012222579608,37.2,16.0,28.7
31089,"Holt County, Nebraska",Nebraska,10102,11.69,68513.0,0.85,29.08,1.5,2.35,5,4.95,0.37536185268575106,0.41299453200385977,0.019942103570279833,0.2589256995818591,0.6587327114827919,0.42039240913477,0.17722740431006753,35.8,17.7,28.6
27035,"Crow Wing County, Minnesota",Minnesota,67686,9.87,72589.0,5.46,29.33,0.2,1.29,30,4.432,0.23994853650691542,0.3210035381151496,0.717915728530074,0.2541009971051785,0.17368928916050178,0.2071405596654873,0.2351238340302348,31.9,23.5,28.5
23023,"Sagadahoc County, Maine",Maine,37285,10.03,87806.0,4.6,44.24,0.1,2.49,14,3.755,0.24991958829205532,0.11354133161788356,0.5419749115471213,0.057253136056609845,0.11997426825345771,0.44515921518173046,0.3312962367320682,25.5,33.1,28.5
51067,"Franklin County, Virginia",Virginia,55130,12.65,68849.0,2.36,25.15,0.3,2.13,25,4.535,0.4515921518173046,0.4062399485365069,0.11772274043100675,0.37053715020907046,0.22997748472177548,0.38050820199421037,0.22418784174975875,32.6,22.4,28.5
08014,"Broomfield County, Colorado",Colorado,76304,6.17,123874.0,3.79,60.33,1.2,10.47,34,4.456,0.0369893856545513,0.014474107430041815,0.3686072692183982,0.0077195239626889674,0.5895786426503699,0.8861370215503377,0.23351559987134127,31.7,23.4,28.4
06061,"Placer County, California",California,419156,6.76,115998.0,4.8,43.18,2.1,12.67,250,5.964,0.05660984239305243,0.02122869089739466,0.5847539401736893,0.06175619170151174,0.7574782888388549,0.9166934705693149,0.1109681569636539,40.0,11.1,28.4
19109,"Kossuth County, Iowa",Iowa,14516,8.23,67697.0,1.92,22.82,2.2,3.43,9,6.2,0.12672885172081055,0.4339015760694757,0.07590865229977485,0.4689610807333548,0.7709874557735606,0.5558057253136056,0.10292698616918623,40.5,10.3,28.4
08031,"Denver County, Colorado",Colorado,718877,11.24,94718.0,4.88,56.53,3.2,14.47,1255,17.458,0.33869411386297843,0.07237053715020907,0.6030878095850756,0.0138308137664844,0.8587970408491477,0.9369572209713735,0.0038597619813444837,47.1,0.4,28.4
20151,"Pratt County, Kansas",Kansas,9127,12.3,66022.0,3.6,25.83,0.8,2.65,6,6.574,0.425860405275008,0.48986812479897074,0.32486330009649406,0.34898681247989705,0.46317143776133807,0.4634930845931168,0.08137664844001287,41.9,8.1,28.4
24027,"Howard County, Maryland",Maryland,336328,5.23,149763.0,3.49,64.46,3.7,22.81,174,5.174,0.019942103570279833,0.001286587327114828,0.30138308137664843,0.002573174654229656,0.8819556127372146,0.973624959794146,0.16307494371180445,36.3,16.3,28.3
34025,"Monmouth County, New Jersey",New Jersey,645353,6.49,124845.0,5.4,51.31,3.4,13.61,475,7.36,0.04663879060791251,0.013509166934705693,0.7060147957542618,0.02637504020585397,0.869411386297845,0.9263428755226761,0.05950466387906079,43.1,6.0,28.3
17043,"DuPage County, Illinois",Illinois,930024,6.56,112096.0,4.93,51.84,5.2,20.54,689,7.408,0.04889031843036346,0.026053393374075265,0.6130588613702155,0.02444515921518173,0.9260212286908974,0.9652621421678996,0.05757478288838855,43.4,5.8,28.3
37055,"Dare County, North Carolina",North Carolina,37875,6.62,88994.0,5.94,43.21,1.3,4.71,21,5.545,0.05017690575747829,0.10550016082341589,0.7877130910260534,0.061434544869733036,0.6156320360244452,0.6683821164361531,0.13605660984239304,38.1,13.6,28.3
09130,"Lower Connecticut River Valley Planning Region, Connecticut",Connecticut,175822,6.8,104428.0,3.84,46.0,2.2,8.2,87,4.948,0.05757478288838855,0.04084914763589579,0.3782566741717594,0.047603731103248635,0.7709874557735606,0.8259890640077195,0.17754905114184624,35.4,17.8,28.3
51013,"Arlington County, Virginia",Virginia,236254,7.39,142114.0,3.3,77.08,5.3,22.44,128,5.418,0.08041170794467674,0.003538115149565777,0.26439369572209714,0.000321646831778707,0.9279511096815697,0.9720167256352525,0.14409778063686074,37.5,14.4,28.3
37183,"Wake County, North Carolina",North Carolina,1178653,8.13,105768.0,4.08,57.16,2.8,15.25,693,5.88,0.11836603409456417,0.03827597298166613,0.4236088774525571,0.011900932775812159,0.8308137664844001,0.941781923448054,0.11579285944033452,39.4,11.6,28.3
19195,"Worth County, Iowa",Iowa,7350,8.17,78008.0,3.55,19.12,0.4,0.88,3,4.082,0.12126085558057254,0.21518173045995498,0.31199742682534576,0.6635574139594725,0.28208427146992604,0.11321968478610486,0.27951109681569636,28.5,28.0,28.3
24047,"Worcester County, Maryland",Maryland,53700,9.94,81745.0,6.71,35.27,0.3,4.7,30,5.587,0.24509488581537472,0.16403988420714055,0.8597619813444838,0.14088131231907366,0.22997748472177548,0.667417175940817,0.13123190736571244,38.5,13.1,28.3
27053,"Hennepin County, Minnesota",Minnesota,1269496,9.95,97653.0,4.53,54.14,3.1,13.65,984,7.751,0.24573817947893214,0.06046960437439691,0.526857510453522,0.018977163074943713,0.8504342232229013,0.9273078160180123,0.05049855258925699,43.8,5.0,28.3
17039,"De Witt County, Illinois",Illinois,15373,9.97,71678.0,3.97,23.2,0.2,1.81,7,4.553,0.24766806046960438,0.3415889353489868,0.40495336120939207,0.4538436796397555,0.17368928916050178,0.3232550659376005,0.2209713734319717,32.4,22.1,28.3
38099,"Walsh County, North Dakota",North Dakota,10396,11.22,71944.0,1.97,19.16,1.0,3.71,7,6.733,0.33772917336764235,0.3354776455451914,0.08073335477645545,0.6603409456416854,0.5310389192666453,0.582824059183017,0.07655194596333226,42.1,7.7,28.3
19087,"Henry County, Iowa",Iowa,20004,11.97,67436.0,1.48,22.95,0.7,2.04,10,4.999,0.4001286587327115,0.4416211000321647,0.0459954969443551,0.46284979092955936,0.42039240913477,0.3657124477323898,0.1743325828240592,35.6,17.4,28.3
08037,"Eagle County, Colorado",Colorado,55135,8.69,104096.0,4.73,50.94,4.9,16.42,46,8.343,0.1563203602444516,0.04181408813123191,0.5654551302669669,0.0276616275329688,0.9189449983917658,0.9469282727565134,0.04052750080411708,44.3,4.1,28.2
34009,"Cape May County, New Jersey",New Jersey,94941,8.73,91128.0,5.27,39.05,1.6,4.56,56,5.898,0.16018012222579608,0.08941781923448054,0.6780315213895143,0.0971373431971695,0.6767449340623994,0.6580894178192345,0.1151495657767771,39.3,11.5,28.2
02020,"Anchorage Municipality, Alaska",Alaska,288976,8.95,103284.0,4.58,38.65,3.0,10.88,217,7.509,0.17626246381473143,0.04470890961724027,0.5374718559022194,0.1013187520102927,0.8446445802508845,0.8928916050176906,0.05564490189771631,43.3,5.6,28.2
39137,"Putnam County, Ohio",Ohio,34314,5.49,84928.0,1.8,26.36,0.8,1.55,12,3.497,0.023158571888066904,0.13509166934705694,0.06690254100997105,0.3284014152460598,0.46317143776133807,0.26889675136699903,0.3814731424895465,21.4,38.1,28.1
33003,"Carroll County, New Hampshire",New Hampshire,51804,7.59,86463.0,5.06,38.65,0.2,2.35,20,3.861,0.09134770022515278,0.125120617561917,0.6400771952396269,0.1013187520102927,0.17368928916050178,0.42039240913477,0.3136056609842393,25.9,31.4,28.1
27101,"Murray County, Minnesota",Minnesota,8097,9.32,74033.0,2.69,23.51,0.8,3.19,4,4.94,0.2029591508523641,0.28948214860083626,0.16018012222579608,0.439047925377935,0.46317143776133807,0.529109038275973,0.17851399163718237,34.7,17.9,28.0
29205,"Shelby County, Missouri",Missouri,5986,15.92,51594.0,1.77,18.52,0.0,1.27,4,6.682,0.6683821164361531,0.8549372788678031,0.06497266001929881,0.693792216146671,0.0,0.20231585718880668,0.07783853329044708,41.4,7.8,28.0
27163,"Washington County, Minnesota",Minnesota,276238,5.12,115345.0,3.37,49.07,1.5,8.54,122,4.416,0.015117401093599228,0.021550337729173367,0.2753296880025732,0.03409456416854294,0.6587327114827919,0.8366034094564169,0.23641042135734963,30.7,23.6,27.9
33011,"Hillsborough County, New Hampshire",New Hampshire,426378,6.74,103545.0,3.08,41.53,2.6,10.34,212,4.972,0.05564490189771631,0.043100675458346734,0.21743325828240592,0.07526535863621743,0.8118366034094564,0.8835638468961081,0.175619170151174,34.8,17.6,27.9
51087,"Henrico County, Virginia",Virginia,335744,8.79,88783.0,3.88,46.51,2.5,13.92,215,6.404,0.1653264715342554,0.106465101318752,0.38726278546156323,0.04406561595368286,0.8018655516243165,0.9314892248311354,0.08877452557092312,40.6,8.9,27.9
25021,"Norfolk County, Massachusetts",Massachusetts,730082,6.69,130739.0,4.94,58.78,4.9,19.33,552,7.561,0.05339337407526536,0.009327758121582503,0.614667095529109,0.009006111289803796,0.9189449983917658,0.9610807333547765,0.05403666773882277,42.8,5.4,27.8
23009,"Hancock County, Maine",Maine,56460,9.92,72744.0,4.6,40.12,0.2,3.35,26,4.605,0.24252171116114507,0.31682212930202636,0.5419749115471213,0.08684464458025089,0.17368928916050178,0.5480862013509167,0.2167899646188485,31.8,21.7,27.8
17129,"Menard County, Illinois",Illinois,12095,10.12,82176.0,3.52,28.29,0.0,0.92,4,3.307,0.25474429076873595,0.16082341588935348,0.30685107751688645,0.27886780315213894,0.0,0.12158250241235123,0.4152460598263107,18.7,41.5,27.8
19031,"Cedar County, Iowa",Iowa,18349,7.34,80602.0,2.25,23.73,0.2,0.89,6,3.27,0.0784818269540045,0.1791572853007398,0.10517851399163718,0.43165004824702474,0.17368928916050178,0.1151495657767771,0.42232229012544226,18.1,42.2,27.7
18059,"Hancock County, Indiana",Indiana,84037,4.74,93186.0,2.73,34.93,1.0,3.27,32,3.808,0.00964940495336121,0.07976841428111933,0.16693470569314892,0.14570601479575426,0.5310389192666453,0.5397233837246703,0.3229334191058218,24.5,32.3,27.6
26093,"Livingston County, Michigan",Michigan,195833,5.08,103039.0,3.42,40.16,0.2,3.01,65,3.319,0.014474107430041815,0.04631714377613381,0.2859440334512705,0.08652299774847218,0.17368928916050178,0.5078803473785783,0.4113862978449662,18.6,41.1,27.6
39103,"Medina County, Ohio",Ohio,183660,6.27,94968.0,2.9,36.24,0.9,3.32,70,3.811,0.04084914763589579,0.07140559665487295,0.18848504342232228,0.1293020263750402,0.4985525892569958,0.5451913798649083,0.3226117722740431,24.6,32.3,27.6
56041,"Uinta County, Wyoming",Wyoming,20644,9.17,82980.0,3.23,22.9,0.9,2.54,10,4.844,0.18977163074943712,0.15503377291733678,0.24991958829205532,0.465422965583789,0.4985525892569958,0.45030556449018977,0.1881633965905436,33.5,18.8,27.6
29127,"Marion County, Missouri",Missouri,28457,14.21,62903.0,3.79,24.64,0.2,0.57,15,5.271,0.5693148922483113,0.5744612415567707,0.3686072692183982,0.3936957220971373,0.17368928916050178,0.055001608234158894,0.15599871341267288,35.6,15.6,27.6
29183,"St. Charles County, Missouri",Missouri,414535,5.2,104692.0,2.93,42.73,0.5,4.46,149,3.594,0.0183338694113863,0.039884207140559666,0.1929880990672242,0.0646510131875201,0.3335477645545191,0.6500482470247668,0.36153103891926663,21.7,36.2,27.5
13067,"Cobb County, Georgia",Georgia,775208,8.74,102738.0,4.53,50.77,3.3,16.51,637,8.217,0.1611450627211322,0.047282084271469925,0.526857510453522,0.028304921196526216,0.8636217433258282,0.9472499195882921,0.04245738179478932,42.9,4.2,27.4
39011,"Auglaize County, Ohio",Ohio,46125,7.08,78660.0,2.72,21.55,0.0,0.56,15,3.252,0.0694757156642007,0.20456738501125765,0.16500482470247668,0.5275008041170794,0.0,0.05339337407526536,0.42650369893856543,17.0,42.7,27.3
49035,"Salt Lake County, Utah",Utah,1196523,8.14,97494.0,3.82,39.35,3.3,13.47,811,6.778,0.11868768092634288,0.061434544869733036,0.3731103248633001,0.09359922804760373,0.8636217433258282,0.9256995818591187,0.07462206497266002,40.6,7.5,27.3
51810,"Virginia Beach city, Virginia",Virginia,456349,8.59,92968.0,3.96,40.94,1.9,9.16,276,6.048,0.15085236410421357,0.08073335477645545,0.4033451270504986,0.07976841428111933,0.7301383081376649,0.8542939852042457,0.10807333547764554,38.3,10.8,27.3
46135,"Yankton County, South Dakota",South Dakota,23414,11.91,72821.0,1.38,31.43,0.8,2.9,11,4.698,0.3965905435831457,0.31424895464779673,0.04181408813123191,0.20617561917015118,0.46317143776133807,0.4966227082663236,0.20360244451592152,32.0,20.4,27.3
34027,"Morris County, New Jersey",New Jersey,514528,4.92,137326.0,5.2,57.81,4.7,19.78,450,8.746,0.011257639112254744,0.005789642972016726,0.6667738822772595,0.010292698616918623,0.9125120617561917,0.96268896751367,0.0369893856545513,42.8,3.7,27.2
36103,"Suffolk County, New York",New York,1530146,6.42,130686.0,4.73,40.22,3.1,16.82,1157,7.561,0.04438726278546156,0.00964940495336121,0.5654551302669669,0.08620135091669347,0.8504342232229013,0.9488581537471856,0.05403666773882277,41.7,5.4,27.2
08045,"Garfield County, Colorado",Colorado,62479,8.21,91131.0,3.37,33.61,4.1,14.12,46,7.362,0.12608555805725313,0.08909617240270183,0.2753296880025732,0.16789964618848505,0.8941781923448054,0.9340623994853651,0.059183017047282085,41.4,5.9,27.2
06051,"Mono County, California",California,13148,8.55,99415.0,3.07,32.15,3.9,14.11,9,6.845,0.14827918944998392,0.05596654872949502,0.21518173045995498,0.19459633322611772,0.8867803152138951,0.9337407526535864,0.07237053715020907,40.6,7.2,27.2
19033,"Cerro Gordo County, Iowa",Iowa,42632,10.56,68189.0,2.61,23.98,0.2,2.57,20,4.691,0.2862656802830492,0.42039240913477,0.14827918944998392,0.42167899646188484,0.17368928916050178,0.4535220328079768,0.20456738501125765,31.7,20.5,27.2
46051,"Grant County, South Dakota",South Dakota,7563,11.58,75028.0,2.74,25.31,0.2,6.53,4,5.289,0.3637825667417176,0.2679318108716629,0.16982952717915728,0.36506915406883245,0.17368928916050178,0.7677709874557735,0.15406883242200065,35.1,15.4,27.2
37129,"New Hanover County, North Carolina",North Carolina,235229,12.29,75166.0,4.49,45.39,1.2,5.94,210,8.927,0.42489546477967194,0.2653586362174333,0.5155998713412673,0.05275008041170794,0.5895786426503699,0.7401093599228048,0.033451270504985524,43.1,3.3,27.2
19125,"Marion County, Iowa",Iowa,33642,8.17,78680.0,2.18,32.11,0.8,2.08,13,3.864,0.12126085558057254,0.20424573817947894,0.0971373431971695,0.19491798005789643,0.46317143776133807,0.37439691219041493,0.3132840141524606,24.3,31.3,27.1
28121,"Rankin County, Mississippi",Mississippi,158854,9.84,79357.0,4.35,33.48,0.9,2.5,80,5.036,0.23673206818912834,0.19588292055323256,0.478610485686716,0.17111611450627212,0.4985525892569958,0.4461241556770666,0.1717594081698295,33.8,17.2,27.1
37031,"Carteret County, North Carolina",North Carolina,69148,10.07,72322.0,4.03,34.52,0.7,2.92,36,5.206,0.25184946928272756,0.3264715342553876,0.41685429398520424,0.1518173045995497,0.42039240913477,0.5001608234158893,0.16082341588935348,34.5,16.1,27.1
34019,"Hunterdon County, New Jersey",New Jersey,130160,3.99,141715.0,4.6,57.38,1.5,10.6,70,5.378,0.002251527822450949,0.0038597619813444837,0.5419749115471213,0.011579285944033452,0.6587327114827919,0.8890318430363461,0.14699260212286908,35.1,14.7,27.0
25001,"Barnstable County, Massachusetts",Massachusetts,231668,7.67,95241.0,5.02,48.24,1.9,9.9,166,7.165,0.09488581537471856,0.07076230299131553,0.6310710839498231,0.03859761981344484,0.7301383081376649,0.8729495014474108,0.06497266001929881,40.6,6.5,27.0
50015,"Lamoille County, Vermont",Vermont,26148,8.51,74908.0,3.28,44.27,0.4,4.29,11,4.207,0.14506272113219684,0.2708266323576713,0.26117722740431004,0.056931489224831135,0.28208427146992604,0.637825667417176,0.2621421678996462,27.6,26.2,27.0
46033,"Custer County, South Dakota",South Dakota,8892,8.97,84112.0,2.26,31.6,0.0,2.65,3,3.374,0.17690575747828885,0.14345448697330332,0.10550016082341589,0.2029591508523641,0.0,0.4634930845931168,0.4014152460598263,18.2,40.1,27.0
31011,"Boone County, Nebraska",Nebraska,5356,9.64,74947.0,1.21,19.74,1.4,2.2,3,5.601,0.220649726600193,0.26954004503055645,0.03280797684142811,0.6265680283049212,0.637825667417176,0.3917658411064651,0.13091026053393373,36.3,13.1,27.0
49053,"Washington County, Utah",Utah,196431,9.84,80632.0,3.6,35.22,1.5,5.78,119,6.058,0.23673206818912834,0.17851399163718237,0.32486330009649406,0.1424895464779672,0.6587327114827919,0.7307816018012222,0.10710839498230942,37.9,10.7,27.0
51775,"Salem city, Virginia",Virginia,25618,10.25,66725.0,3.6,33.05,0.7,4.48,16,6.246,0.265680283049212,0.4618848504342232,0.32486330009649406,0.17851399163718237,0.42039240913477,0.6516564811836604,0.09874557735606304,38.4,9.9,27.0
29201,"Scott County, Missouri",Missouri,37933,12.81,62782.0,2.85,22.07,0.1,0.6,18,4.745,0.4634930845931168,0.5799292376970087,0.18205210678674816,0.502733998070119,0.11997426825345771,0.06046960437439691,0.1984560952074622,31.8,19.8,27.0
42029,"Chester County, Pennsylvania",Pennsylvania,547840,5.98,127208.0,3.77,57.13,1.7,10.07,274,5.001,0.03312962367320682,0.011579285944033452,0.36153103891926663,0.012222579607590866,0.6960437439691219,0.87809585075587,0.17401093599228049,33.2,17.4,26.9
56025,"Natrona County, Wyoming",Wyoming,79977,9.6,72156.0,4.14,27.66,0.5,2.31,41,5.126,0.21839819877774205,0.3306529430685108,0.4342232229012544,0.2946284979092956,0.3335477645545191,0.4113862978449662,0.1659697651978128,33.7,16.6,26.9
29189,"St. Louis County, Missouri",Missouri,995569,9.79,82936.0,4.33,47.42,1.7,8.35,718,7.212,0.23351559987134127,0.15567706658089417,0.47282084271469926,0.04117079446767449,0.6960437439691219,0.8301704728208427,0.06400771952396268,40.5,6.4,26.9
12087,"Monroe County, Florida",Florida,81860,10.65,87738.0,2.93,38.63,5.6,19.8,80,9.773,0.295271791572853,0.11418462528144098,0.1929880990672242,0.10196204567385012,0.9327758121582502,0.9630106143454487,0.021871984560952074,43.3,2.2,26.9
19081,"Hancock County, Iowa",Iowa,10671,12.15,70601.0,1.88,20.45,1.0,2.15,7,6.56,0.4136378256674172,0.3689289160501769,0.0733354776455452,0.5892569958185911,0.5310389192666453,0.38436796397555484,0.0826632357671277,39.3,8.3,26.9
40123,"Pontotoc County, Oklahoma",Oklahoma,38235,12.57,63017.0,3.66,30.28,0.4,2.46,24,6.277,0.44483756834995175,0.5706014795754262,0.33708587970408493,0.23222901254422643,0.28208427146992604,0.43936957220971373,0.09617240270183339,38.4,9.6,26.9
19121,"Madison County, Iowa",Iowa,16926,7.04,90855.0,3.46,27.15,0.1,1.78,6,3.545,0.06658089417819235,0.09070440656159537,0.2946284979092956,0.3081376648440013,0.11997426825345771,0.3174654229655838,0.37182373753618525,20.0,37.2,26.8
55049,"Iowa County, Wisconsin",Wisconsin,23867,7.59,82182.0,3.12,28.43,0.5,1.6,9,3.771,0.09134770022515278,0.1605017690575748,0.22611772274043102,0.27468639433901576,0.3335477645545191,0.28176262463814733,0.3284014152460598,22.8,32.8,26.8
48149,"Fayette County, Texas",Texas,25042,8.63,75854.0,2.27,27.45,0.8,6.31,13,5.191,0.15310389192666451,0.2505628819556127,0.106465101318752,0.2988099067224188,0.46317143776133807,0.7587648761659698,0.1614667095529109,33.8,16.1,26.8
13133,"Greene County, Georgia",Georgia,20109,9.8,86272.0,3.43,37.8,1.0,5.07,10,4.973,0.23383724670311998,0.12608555805725313,0.28851720810550013,0.11161145062721133,0.5310389192666453,0.6921839819877774,0.1752975233193953,33.1,17.5,26.8
22103,"St. Tammany Parish, Louisiana",Louisiana,272421,11.4,81202.0,4.76,37.67,1.7,4.49,247,9.067,0.35188163396590544,0.17111611450627212,0.5731746542296559,0.11289803795432615,0.6960437439691219,0.6529430685107752,0.030556449018977163,42.6,3.1,26.8
27051,"Grant County, Minnesota",Minnesota,6127,11.61,73917.0,2.75,21.02,0.4,1.6,3,4.896,0.3676423287230621,0.2946284979092956,0.17143776133805083,0.5570923126407205,0.28208427146992604,0.28176262463814733,0.18173045995496945,32.6,18.2,26.8
21117,"Kenton County, Kentucky",Kentucky,171288,11.85,80548.0,4.33,37.43,1.1,4.13,112,6.539,0.3911225474429077,0.1804438726278546,0.47282084271469926,0.1151495657767771,0.5638468961080734,0.6239948536506915,0.08394982309424252,39.1,8.4,26.8
46083,"Lincoln County, South Dakota",South Dakota,70638,5.58,99166.0,1.68,44.45,0.9,4.88,27,3.822,0.025731746542296558,0.056931489224831135,0.05853972338372467,0.05628819556127372,0.4985525892569958,0.6812479897073014,0.3210035381151496,23.0,32.1,26.6
51683,"Manassas city, Virginia",Virginia,42976,7.74,113590.0,3.8,32.68,6.8,32.45,61,14.194,0.10035381151495658,0.024123512383403024,0.36989385654551304,0.1843036346091991,0.9530395625603088,0.9938887101962046,0.008041170794467674,43.8,0.8,26.6
50025,"Windham County, Vermont",Vermont,45923,11.58,72217.0,4.76,44.02,0.5,2.9,26,5.662,0.3637825667417176,0.32904470890961723,0.5731746542296559,0.05853972338372467,0.3335477645545191,0.4966227082663236,0.12608555805725313,35.9,12.6,26.6
25019,"Nantucket County, Massachusetts",Massachusetts,14483,3.16,139688.0,4.32,56.32,2.5,15.81,9,6.214,0.000643293663557414,0.004824702476680605,0.470890961724027,0.014795754261820521,0.8018655516243165,0.9443550981022837,0.10228369250562883,37.3,10.2,26.5
31027,"Cedar County, Nebraska",Nebraska,8315,7.07,73578.0,1.73,23.97,0.3,0.93,3,3.608,0.06851077516886458,0.300739787713091,0.06175619170151174,0.4229655837889997,0.22997748472177548,0.1254422643936957,0.358957864265037,20.2,35.9,26.5
19071,"Fremont County, Iowa",Iowa,6514,7.67,71621.0,0.8,20.78,0.8,1.63,3,4.605,0.09488581537471856,0.3431971695078804,0.018977163074943713,0.5715664200707623,0.46317143776133807,0.28723062077838535,0.2167899646188485,29.7,21.7,26.5
24041,"Talbot County, Maryland",Maryland,37917,9.33,84811.0,4.33,42.0,2.4,7.97,32,8.439,0.20456738501125765,0.13669990350595046,0.47282084271469926,0.07044065615953683,0.7918944998391766,0.8185911868768093,0.03924091347700225,41.6,3.9,26.5
56005,"Campbell County, Wyoming",Wyoming,47240,9.44,89869.0,3.54,23.33,0.8,3.51,26,5.504,0.21003538115149567,0.0964940495336121,0.31006754583467355,0.4458025088452879,0.46317143776133807,0.5654551302669669,0.1379864908330653,34.9,13.8,26.4
19133,"Monona County, Iowa",Iowa,8557,10.64,68377.0,1.62,19.63,0.5,0.67,4,4.675,0.2933419105821808,0.41685429398520424,0.05371502090704407,0.6336442586040527,0.3335477645545191,0.07076230299131553,0.20842714699260212,30.0,20.8,26.4
08013,"Boulder County, Colorado",Colorado,328961,11.16,103994.0,4.83,64.16,1.6,10.11,301,9.15,0.3316178835638469,0.04213573496301062,0.5918301704728208,0.003538115149565777,0.6767449340623994,0.8787391444194275,0.029591508523641043,42.1,3.0,26.4
29005,"Atchison County, Missouri",Missouri,5187,11.62,58750.0,2.26,22.17,0.6,0.85,3,5.784,0.3686072692183982,0.6989385654551302,0.10550016082341589,0.4975876487616597,0.38018655516243166,0.10517851399163718,0.1202959150852364,35.9,12.0,26.4
08059,"Jefferson County, Colorado",Colorado,579377,6.68,110656.0,3.92,51.99,1.2,6.29,278,4.798,0.053071727243486654,0.029591508523641043,0.39723383724670314,0.02348021871984561,0.5895786426503699,0.7581215825024124,0.19363139273078162,30.9,19.4,26.3
19161,"Sac County, Iowa",Iowa,9689,9.16,73838.0,4.43,22.34,1.1,2.35,8,8.257,0.188806690254101,0.2962367320681891,0.5011257639112254,0.4930845931167578,0.5638468961080734,0.42039240913477,0.0414924412994532,41.1,4.1,26.3
51017,"Bath County, Virginia",Virginia,4100,23.78,56184.0,1.32,16.69,0.0,0.59,5,12.195,0.9337407526535864,0.7632679318108717,0.037954326149887425,0.7880347378578321,0.0,0.058861370215503375,0.013187520102926986,43.0,1.3,26.3
42091,"Montgomery County, Pennsylvania",Pennsylvania,867573,6.51,113915.0,4.46,53.02,2.5,11.48,579,6.674,0.047282084271469925,0.023801865551624318,0.5091669347056932,0.02122869089739466,0.8018655516243165,0.9028626568028305,0.0781601801222258,38.4,7.8,26.2
12115,"Sarasota County, Florida",Florida,459547,8.59,83416.0,3.74,40.81,2.6,12.96,395,8.595,0.15085236410421357,0.15053071727243486,0.3560630427790286,0.08073335477645545,0.8118366034094564,0.9202315857188806,0.037954326149887425,41.2,3.8,26.2
31185,"York County, Nebraska",Nebraska,14286,9.17,77757.0,1.52,25.68,0.4,2.73,6,4.2,0.18977163074943712,0.21807655194596334,0.047603731103248635,0.3554197491154712,0.28208427146992604,0.47507237053715023,0.26407204889031843,26.1,26.4,26.2
16019,"Bonneville County, Idaho",Idaho,129523,9.77,79068.0,4.57,33.11,1.3,4.05,94,7.257,0.23126407204889032,0.1978128015439048,0.534577034416211,0.17690575747828885,0.6156320360244452,0.6149887423608877,0.06272113219684786,39.5,6.3,26.2
17119,"Madison County, Illinois",Illinois,264238,11.06,75793.0,4.59,31.01,0.6,2.21,149,5.639,0.3206818912833709,0.25184946928272756,0.5394017368928916,0.21904149244129945,0.38018655516243166,0.3936957220971373,0.12769379221614668,35.1,12.8,26.2
26137,"Otsego County, Michigan",Michigan,25584,8.03,68183.0,4.02,26.34,0.3,1.6,12,4.69,0.11321968478610486,0.4210357027983274,0.4155677066580894,0.32904470890961723,0.22997748472177548,0.28176262463814733,0.20553232550659375,29.8,20.6,26.1
08073,"Lincoln County, Colorado",Colorado,5550,9.82,62861.0,1.4,26.08,0.2,4.56,3,5.405,0.2351238340302348,0.576391122547443,0.043100675458346734,0.33998070119009327,0.17368928916050178,0.6580894178192345,0.14441942746863942,33.8,14.4,26.0
46081,"Lawrence County, South Dakota",South Dakota,27233,11.56,73384.0,1.75,32.93,0.6,2.04,12,4.406,0.36249597941460276,0.302991315535542,0.06336442586040528,0.1804438726278546,0.38018655516243166,0.3657124477323898,0.23673206818912834,27.6,23.7,26.0
45043,"Georgetown County, South Carolina",South Carolina,64811,14.97,68713.0,4.38,32.77,0.4,2.65,55,8.486,0.6153103891926665,0.4084914763589579,0.48954647796719203,0.18269540045030555,0.28208427146992604,0.4634930845931168,0.03891926664522354,40.7,3.9,26.0
26125,"Oakland County, Michigan",Michigan,1279825,7.73,97760.0,4.79,51.04,2.7,13.34,1330,10.392,0.09971051785139916,0.059183017047282085,0.5825024123512383,0.027339980701190092,0.8230942425217112,0.9240913477002252,0.01929880990672242,41.9,1.9,25.9
20041,"Dickinson County, Kansas",Kansas,18445,8.14,68417.0,2.76,23.7,0.5,0.94,8,4.337,0.11868768092634288,0.4158893534898681,0.17272434866516564,0.4326149887423609,0.3335477645545191,0.12737214538436797,0.2479897073013831,26.7,24.8,25.9
38067,"Pembina County, North Dakota",North Dakota,6727,9.25,68393.0,3.36,24.58,0.7,4.5,5,7.433,0.19620456738501127,0.41653264715342553,0.2733998070119009,0.3959472499195883,0.42039240913477,0.6539080090061112,0.057253136056609845,39.3,5.7,25.9
20051,"Ellis County, Kansas",Kansas,28920,18.35,63084.0,3.25,38.91,0.3,2.42,22,7.607,0.794789321325185,0.5683499517529752,0.25506593760051466,0.09842393052428433,0.22997748472177548,0.43165004824702474,0.05210678674815053,39.6,5.2,25.9
36059,"Nassau County, New York",New York,1389591,5.42,146202.0,4.82,49.68,4.8,23.31,1781,12.817,0.02219363139273078,0.002573174654229656,0.5895786426503699,0.03152138951431328,0.9157285300739788,0.9755548407848182,0.01061434544869733,42.3,1.1,25.8
31021,"Burt County, Nebraska",Nebraska,6740,13.22,63685.0,1.12,24.92,0.8,1.28,4,5.935,0.5008041170794467,0.5509810228369251,0.030234802187198456,0.38018655516243166,0.46317143776133807,0.20488903184303633,0.11289803795432615,35.5,11.3,25.8
19023,"Butler County, Iowa",Iowa,14268,9.22,73715.0,3.13,21.41,1.0,2.26,9,6.308,0.1929880990672242,0.2984882598906401,0.22901254422643938,0.5368285622386619,0.5310389192666453,0.40270183338694115,0.09424252171116114,36.5,9.4,25.7
13291,"Union County, Georgia",Georgia,26304,10.89,66176.0,2.64,26.86,0.5,2.73,15,5.703,0.3110324863300096,0.48214860083628175,0.15503377291733678,0.31617883563846894,0.3335477645545191,0.47507237053715023,0.1241556770665809,34.6,12.4,25.7
31107,"Knox County, Nebraska",Nebraska,8363,13.68,64636.0,3.6,19.01,0.2,0.79,6,7.174,0.5294306851077517,0.5275008041170794,0.32486330009649406,0.6683821164361531,0.17368928916050178,0.0919909938887102,0.0646510131875201,38.6,6.5,25.7
01003,"Baldwin County, Alabama",Alabama,246989,10.09,78775.0,3.03,33.69,1.0,4.14,134,5.425,0.2528144097780637,0.2026375040205854,0.207462206497266,0.16693470569314892,0.5310389192666453,0.6252814409778064,0.14345448697330332,33.1,14.3,25.6
54033,"Harrison County, West Virginia",West Virginia,64984,14.36,60377.0,4.0,27.2,0.2,1.21,47,7.233,0.5786426503698938,0.6532647153425539,0.4100997105178514,0.3055644901897716,0.17368928916050178,0.18559022193631391,0.06336442586040528,38.4,6.3,25.6
41027,"Hood River County, Oregon",Oregon,23905,8.01,88947.0,3.84,40.98,4.5,13.46,31,12.968,0.11193309745899004,0.1058218076551946,0.3782566741717594,0.07912512061756191,0.9067224187841749,0.92537793502734,0.010292698616918623,41.8,1.0,25.5
20073,"Greenwood County, Kansas",Kansas,5919,13.89,60042.0,3.38,21.59,0.2,0.64,4,6.758,0.545513026696687,0.6609842393052429,0.2782245094885815,0.524605982631071,0.17368928916050178,0.06658089417819235,0.07526535863621743,37.5,7.5,25.5
17085,"Jo Daviess County, Illinois",Illinois,21851,7.84,73993.0,3.59,28.91,0.5,1.91,10,4.576,0.10421357349630106,0.29237697008684466,0.32196847861048566,0.26149887423608875,0.3335477645545191,0.34384046317143774,0.21968478610485687,27.6,22.0,25.4
20043,"Doniphan County, Kansas",Kansas,7503,9.65,74028.0,1.64,21.73,0.0,1.56,3,3.998,0.2209713734319717,0.289803795432615,0.054679961402380184,0.5191379864908331,0.0,0.27114827918945,0.2949501447410743,22.6,29.5,25.4
30023,"Deer Lodge County, Montana",Montana,9597,16.29,57527.0,3.42,24.15,0.0,0.38,6,6.252,0.6905757478288839,0.7311032486330009,0.2859440334512705,0.4142811193309746,0.0,0.0276616275329688,0.09778063686072692,35.8,9.8,25.4
08117,"Summit County, Colorado",Colorado,31017,7.69,109773.0,4.97,55.0,3.0,8.55,32,10.317,0.09745899002894821,0.033451270504985524,0.6214216789964618,0.017368928916050175,0.8446445802508845,0.837568349951753,0.019620456738501126,40.9,2.0,25.3
38073,"Ransom County, North Dakota",North Dakota,5643,10.36,75736.0,2.88,22.89,2.5,2.32,5,8.861,0.27404310067545834,0.2534577034416211,0.18494692827275652,0.4657446124155677,0.8018655516243165,0.41202959150852364,0.03505950466387906,39.9,3.5,25.3
50005,"Caledonia County, Vermont",Vermont,30475,11.72,69970.0,2.18,33.24,0.2,2.52,14,4.594,0.3782566741717594,0.3824380829848826,0.0971373431971695,0.17465422965583788,0.17368928916050178,0.44934062399485364,0.21871984560952074,27.6,21.9,25.3
33015,"Rockingham County, New Hampshire",New Hampshire,319082,4.77,118331.0,3.55,45.71,0.5,5.24,132,4.137,0.010292698616918623,0.018977163074943713,0.31199742682534576,0.05017690575747829,0.3335477645545191,0.7021550337729173,0.2733998070119009,23.8,27.3,25.2
55133,"Waukesha County, Wisconsin",Wisconsin,411762,5.23,106076.0,2.3,48.88,1.0,5.51,172,4.177,0.019942103570279833,0.037954326149887425,0.11128980379543262,0.03634609199099389,0.5310389192666453,0.7150209070440656,0.2682534577034416,24.2,26.8,25.2
51119,"Middlesex County, Virginia",Virginia,10847,7.31,75060.0,2.88,33.83,0.0,2.54,4,3.688,0.07687359279511097,0.2663235767127694,0.18494692827275652,0.16500482470247668,0.0,0.45030556449018977,0.3412672885172081,19.1,34.1,25.1
51019,"Bedford County, Virginia",Virginia,80894,8.06,78937.0,3.07,33.69,0.5,2.8,35,4.327,0.1151495657767771,0.20070762302991316,0.21518173045995498,0.16693470569314892,0.3335477645545191,0.4831135413316179,0.24863300096494048,25.2,24.9,25.1
18043,"Floyd County, Indiana",Indiana,80918,10.35,79704.0,4.13,32.94,0.7,2.72,45,5.561,0.2730781601801222,0.19137986490833064,0.4326149887423609,0.1801222257960759,0.42039240913477,0.4741074300418141,0.1338050820199421,32.9,13.4,25.1
36113,"Warren County, New York",New York,65517,10.47,78442.0,4.34,36.44,0.3,3.26,34,5.189,0.2807976841428112,0.2081055001608234,0.4760373110324863,0.12672885172081055,0.22997748472177548,0.5381151495657768,0.1617883563846896,31.0,16.2,25.1
36031,"Essex County, New York",New York,36973,11.21,71661.0,3.97,32.8,0.2,4.07,22,5.95,0.33708587970408493,0.34223222901254424,0.40495336120939207,0.18205210678674816,0.17368928916050178,0.6182052106786748,0.11225474429076873,34.3,11.2,25.1
30013,"Cascade County, Montana",Montana,84606,13.06,67690.0,3.3,28.42,0.8,2.28,68,8.037,0.48536506915406885,0.4342232229012544,0.26439369572209714,0.27500804117079447,0.46317143776133807,0.4062399485365069,0.04567385011257639,38.8,4.6,25.1
13113,"Fayette County, Georgia",Georgia,122244,5.58,111978.0,3.8,49.9,1.8,11.03,73,5.972,0.025731746542296558,0.02637504020585397,0.36989385654551304,0.030556449018977163,0.7140559665487295,0.896751366999035,0.1103248633000965,34.4,11.0,25.0
24029,"Kent County, Maryland",Maryland,19346,9.66,80147.0,2.95,39.58,0.6,3.67,9,4.652,0.2219363139273078,0.18494692827275652,0.19556127372145385,0.09166934705693149,0.38018655516243166,0.5786426503698938,0.21100032164683177,27.5,21.1,25.0
20145,"Pawnee County, Kansas",Kansas,6144,11.52,63517.0,1.22,17.96,0.0,0.76,3,4.883,0.3592795110968157,0.556449018977163,0.033451270504985524,0.725635252492763,0.0,0.0874879382438083,0.18333869411386297,29.4,18.3,25.0
16069,"Nez Perce County, Idaho",Idaho,42697,12.25,72599.0,2.59,27.15,0.7,1.66,23,5.387,0.42232229012544226,0.3206818912833709,0.14538436796397555,0.3081376648440013,0.42039240913477,0.29430685107751686,0.14602766162753297,31.9,14.6,25.0
44003,"Kent County, Rhode Island",Rhode Island,171456,7.46,94345.0,4.71,34.68,1.3,7.14,130,7.582,0.08394982309424252,0.07430041814088131,0.5593438404631714,0.14956577677709876,0.6156320360244452,0.7944676744934063,0.05371502090704407,38.0,5.4,24.9
20147,"Phillips County, Kansas",Kansas,4813,15.36,62123.0,3.22,22.49,0.0,1.87,4,8.311,0.6387906079125121,0.6001929880990672,0.24863300096494048,0.48472177549051143,0.0,0.33386941138629783,0.04084914763589579,38.4,4.1,24.7
50021,"Rutland County, Vermont",Vermont,60425,11.75,68616.0,4.09,35.25,0.7,2.21,42,6.951,0.3814731424895465,0.4100997105178514,0.42521711161145065,0.14152460598263106,0.42039240913477,0.3936957220971373,0.07011900932775812,36.2,7.0,24.5
16059,"Lemhi County, Idaho",Idaho,8249,12.84,53202.0,2.03,24.08,0.2,0.58,5,6.061,0.4660662592473464,0.8224509488581537,0.08523641042135735,0.41653264715342553,0.17368928916050178,0.057253136056609845,0.10678674815053071,33.7,10.7,24.5
48319,"Mason County, Texas",Texas,3955,6.99,74180.0,3.03,38.85,4.6,4.63,3,7.585,0.06368607269218399,0.28690897394660664,0.207462206497266,0.10003216468317787,0.9102605339337407,0.6629141202959151,0.05339337407526536,37.2,5.3,24.4
19191,"Winneshiek County, Iowa",Iowa,19873,8.4,79066.0,2.32,31.23,1.4,2.59,10,5.032,0.1376648440012866,0.1981344483756835,0.11354133161788356,0.2116436153103892,0.637825667417176,0.45738179478932134,0.17208105500160822,29.3,17.2,24.4
30099,"Teton County, Montana",Montana,6353,13.44,70430.0,1.05,26.78,0.6,0.41,3,4.722,0.5152782245094886,0.37182373753618525,0.02669668703763268,0.31714377613380507,0.38018655516243166,0.03312962367320682,0.19974268253457703,27.4,20.0,24.4
51610,"Falls Church city, Virginia",Virginia,14710,4.02,143262.0,4.98,80.53,3.0,16.64,27,18.355,0.002573174654229656,0.0032164683177870698,0.6227082663235767,0.0,0.8446445802508845,0.9482148600836282,0.002894821486008363,40.4,0.3,24.3
12109,"St. Johns County, Florida",Florida,306934,6.54,109839.0,3.31,50.91,1.2,9.44,163,5.311,0.04856867159858475,0.03248633000964941,0.26696687037632677,0.02798327436474751,0.5895786426503699,0.8600836281762625,0.1518173045995497,30.4,15.2,24.3
33001,"Belknap County, New Hampshire",New Hampshire,64659,8.48,92783.0,3.1,33.55,0.2,2.79,26,4.021,0.1428111933097459,0.08169829527179158,0.2209713734319717,0.16982952717915728,0.17368928916050178,0.48214860083628175,0.28916050176905755,21.2,28.9,24.3
50003,"Bennington County, Vermont",Vermont,37269,11.33,73325.0,4.41,41.83,0.4,2.72,22,5.903,0.3454486973303313,0.3042779028626568,0.4975876487616597,0.07172724348665166,0.28208427146992604,0.4741074300418141,0.11450627211321969,32.9,11.5,24.3
51600,"Fairfax city, Virginia",Virginia,25026,9.1,132348.0,3.27,62.36,8.1,30.61,203,81.116,0.18494692827275652,0.008041170794467674,0.2586040527500804,0.004824702476680605,0.9668703763267932,0.9926021228690898,0.0,40.3,0.0,24.2
51191,"Washington County, Virginia",Virginia,53926,11.07,64552.0,2.97,26.67,0.4,1.39,30,5.563,0.3229334191058218,0.5300739787713091,0.19909938887101963,0.32003859761981346,0.28208427146992604,0.23158571888066903,0.1331617883563847,31.4,13.3,24.2
48259,"Kendall County, Texas",Texas,48567,5.03,114962.0,4.74,48.9,1.7,6.9,33,6.795,0.012865873271148279,0.021871984560952074,0.5693148922483113,0.035702798327436475,0.6960437439691219,0.7844966227082664,0.0736571244773239,35.3,7.4,24.1
51075,"Goochland County, Virginia",Virginia,26410,5.14,118931.0,1.66,45.84,0.4,4.91,10,3.786,0.01576069475715664,0.018655516243165006,0.056931489224831135,0.04856867159858475,0.28208427146992604,0.6831778706979736,0.3255065937600515,18.4,32.6,24.1
19073,"Greene County, Iowa",Iowa,8688,9.76,63409.0,2.3,21.2,0.3,1.45,5,5.755,0.2302991315535542,0.558700546799614,0.11128980379543262,0.5474429076873593,0.22997748472177548,0.24605982631071083,0.12222579607590865,32.1,12.2,24.1
20167,"Russell County, Kansas",Kansas,6679,14.69,62392.0,1.84,19.72,0.0,1.66,5,7.486,0.5995496944355098,0.5902219363139273,0.07140559665487295,0.6272113219684786,0.0,0.29430685107751686,0.05596654872949502,36.4,5.6,24.1
31003,"Antelope County, Nebraska",Nebraska,6305,9.24,66105.0,1.73,20.53,0.8,2.33,5,7.93,0.19556127372145385,0.48568671598584756,0.06175619170151174,0.5841106465101319,0.46317143776133807,0.4152460598263107,0.04856867159858475,36.8,4.9,24.0
31133,"Pawnee County, Nebraska",Nebraska,2530,13.55,62188.0,2.23,21.19,0.8,0.87,3,11.858,0.5229977484721775,0.5976198134448376,0.10324863300096494,0.5484078481826954,0.46317143776133807,0.1103248633000965,0.014474107430041815,39.1,1.4,24.0
41017,"Deschutes County, Oregon",Oregon,206334,8.8,92758.0,4.4,44.97,0.8,4.88,123,5.961,0.1656481183660341,0.08201994210357028,0.4959794146027662,0.05435831457060148,0.46317143776133807,0.6812479897073014,0.11128980379543262,32.4,11.1,23.9
51095,"James City County, Virginia",Virginia,81013,6.84,109985.0,2.75,51.05,0.8,7.59,38,4.691,0.058861370215503375,0.03087809585075587,0.17143776133805083,0.027018333869411385,0.46317143776133807,0.805725313605661,0.20456738501125765,26.0,20.5,23.8
56017,"Hot Springs County, Wyoming",Wyoming,4620,14.73,61250.0,2.95,26.7,0.0,1.69,3,6.494,0.6024445159215182,0.6230299131553554,0.19556127372145385,0.31907365712447733,0.0,0.30170472820842714,0.08523641042135735,34.0,8.5,23.8
51510,"Alexandria city, Virginia",Virginia,156976,7.94,119681.0,3.3,66.16,5.7,24.91,178,11.339,0.10871662914120296,0.017368928916050175,0.26439369572209714,0.0009649404953361209,0.9347056931489225,0.9803795432614989,0.016403988420714055,38.4,1.6,23.7
51678,"Lexington city, Virginia",Virginia,7525,14.04,84517.0,0.64,50.7,3.2,5.83,10,13.289,0.5583788999678353,0.13959472499195882,0.014795754261820521,0.028626568028304922,0.8587970408491477,0.7339980701190093,0.009327758121582503,38.9,0.9,23.7
55109,"St. Croix County, Wisconsin",Wisconsin,96033,6.6,103046.0,2.57,39.45,0.4,2.33,36,3.749,0.049533612093920876,0.0459954969443551,0.1431328401415246,0.0923126407204889,0.28208427146992604,0.4152460598263107,0.332582824059183,17.1,33.3,23.6
08049,"Grand County, Colorado",Colorado,15895,7.57,88612.0,4.12,42.68,1.0,4.25,9,5.662,0.08973946606625925,0.10743004181408813,0.4310067545834674,0.06593760051463493,0.5310389192666453,0.6346091990993888,0.12608555805725313,31.0,12.6,23.6
29107,"Lafayette County, Missouri",Missouri,33115,9.29,80612.0,3.05,26.22,0.0,2.25,14,4.228,0.20038597619813445,0.17883563846896108,0.21067867481505306,0.3329044708909617,0.0,0.39980701190093276,0.25989064007719526,22.0,26.0,23.6
19183,"Washington County, Iowa",Iowa,22561,8.2,75647.0,2.21,26.24,1.2,3.24,14,6.205,0.1254422643936957,0.255709231264072,0.1016403988420714,0.3319395303956256,0.5895786426503699,0.534577034416211,0.10260533933740752,32.3,10.3,23.5
17147,"Piatt County, Illinois",Illinois,16695,6.14,94811.0,2.78,32.89,0.1,1.74,6,3.594,0.035702798327436475,0.07204889031843037,0.1743325828240592,0.18108716629141203,0.11997426825345771,0.30974589900289484,0.36153103891926663,14.9,36.2,23.4
56043,"Washakie County, Wyoming",Wyoming,7703,8.82,65714.0,2.71,23.51,0.3,2.92,5,6.491,0.1662914120295915,0.4991958829205532,0.16307494371180445,0.439047925377935,0.22997748472177548,0.5001608234158893,0.08555805725313606,33.3,8.6,23.4
38077,"Richland County, North Dakota",North Dakota,16584,9.68,75432.0,1.67,24.86,0.9,1.88,9,5.427,0.22322290125442265,0.2608555805725314,0.057253136056609845,0.38436796397555484,0.4985525892569958,0.3367642328723062,0.1428111933097459,29.4,14.3,23.3
31137,"Phelps County, Nebraska",Nebraska,9009,12.24,68919.0,1.2,29.91,2.0,1.92,8,8.88,0.42039240913477,0.40398842071405594,0.03152138951431328,0.24027018333869413,0.7468639433901576,0.3464136378256674,0.03441621100032165,36.5,3.4,23.3
19027,"Carroll County, Iowa",Iowa,20594,7.93,72930.0,1.8,23.99,0.2,1.57,9,4.37,0.10839498230942425,0.31167577999356705,0.06690254100997105,0.4207140559665487,0.17368928916050178,0.27436474750723705,0.24220006432936636,22.6,24.2,23.2
23013,"Knox County, Maine",Maine,41003,8.18,74096.0,3.88,39.73,0.2,3.13,20,4.878,0.12254744290768736,0.28851720810550013,0.38726278546156323,0.09038275972981666,0.17368928916050178,0.5217111611450628,0.1843036346091991,26.4,18.4,23.2
55085,"Oneida County, Wisconsin",Wisconsin,38167,8.55,69371.0,1.96,28.75,0.1,1.49,16,4.192,0.14827918944998392,0.3965905435831457,0.07944676744934062,0.26503698938565456,0.11997426825345771,0.25442264393695724,0.26503698938565456,21.1,26.5,23.2
50001,"Addison County, Vermont",Vermont,37664,7.58,89639.0,3.77,43.57,0.7,4.79,20,5.31,0.09102605339337408,0.09906722418784175,0.36153103891926663,0.06046960437439691,0.42039240913477,0.672885172081055,0.1521389514313284,28.4,15.2,23.1
13211,"Morgan County, Georgia",Georgia,21078,8.83,78111.0,2.45,29.68,0.7,2.91,11,5.219,0.16822129302026376,0.212930202637504,0.1286587327114828,0.24477323898359601,0.42039240913477,0.4979092955934384,0.15985847539401737,27.9,16.0,23.1
46103,"Pennington County, South Dakota",South Dakota,113512,11.16,74517.0,3.15,34.64,0.8,2.47,70,6.167,0.3316178835638469,0.27693792216146673,0.2344805403666774,0.15053071727243486,0.46317143776133807,0.4409778063686073,0.10421357349630106,31.6,10.4,23.1
45019,"Charleston County, South Carolina",South Carolina,420264,11.32,88494.0,3.45,50.34,1.7,6.74,514,12.23,0.34480540366677387,0.10807333547764554,0.2930202637504021,0.029591508523641043,0.6960437439691219,0.777098745577356,0.012865873271148279,37.5,1.3,23.0
30043,"Jefferson County, Montana",Montana,12774,5.72,95490.0,4.19,32.17,0.2,1.0,5,3.914,0.028304921196526216,0.069154068832422,0.4470890961724027,0.1933097458990029,0.17368928916050178,0.14023801865551624,0.30717272434866516,17.5,30.7,22.8
16013,"Blaine County, Idaho",Idaho,24951,6.64,92566.0,2.06,48.02,4.4,13.8,20,8.016,0.05049855258925699,0.0826632357671277,0.087809585075587,0.039562560308780956,0.9035059504663879,0.9292376970086844,0.04631714377613381,34.9,4.6,22.8
18029,"Dearborn County, Indiana",Indiana,51094,7.64,84735.0,1.93,25.27,0.1,0.96,19,3.719,0.09295593438404631,0.13734319716950788,0.07719523962688968,0.36699903505950465,0.11997426825345771,0.13123190736571244,0.33740752653586364,15.4,33.7,22.8
46021,"Campbell County, South Dakota",South Dakota,1593,7.67,68929.0,3.13,36.03,2.0,4.58,3,18.832,0.09488581537471856,0.4036667738822773,0.22901254422643938,0.13444837568349952,0.7468639433901576,0.6590543583145706,0.0019298809906722419,37.8,0.2,22.8
27041,"Douglas County, Minnesota",Minnesota,39575,8.98,79043.0,2.92,29.72,0.5,1.46,18,4.548,0.17722740431006753,0.19909938887101963,0.19105821807655193,0.24380829848825988,0.3335477645545191,0.2483113541331618,0.2216146670955291,23.2,22.2,22.8
28089,"Madison County, Mississippi",Mississippi,111647,11.17,83441.0,3.73,49.61,1.6,4.42,118,10.569,0.332582824059183,0.14988742360887744,0.3538115149565777,0.031843036346091994,0.6767449340623994,0.6471534255387584,0.018655516243165006,36.5,1.9,22.7
38009,"Bottineau County, North Dakota",North Dakota,6378,7.59,85000.0,1.65,30.35,0.7,3.1,3,4.704,0.09134770022515278,0.13444837568349952,0.05596654872949502,0.2306207783853329,0.42039240913477,0.5188163396590544,0.20231585718880668,24.2,20.2,22.6
27121,"Pope County, Minnesota",Minnesota,11418,9.43,76220.0,1.26,23.89,0.3,1.05,5,4.379,0.20971373431971696,0.2444515921518173,0.03505950466387906,0.42553875844322936,0.22997748472177548,0.14892248311354134,0.2405918301704728,21.6,24.1,22.6
54079,"Putnam County, West Virginia",West Virginia,57177,10.59,79527.0,3.11,29.05,0.2,1.39,26,4.547,0.28916050176905755,0.194274686394339,0.22354454808620136,0.25924734641363784,0.17368928916050178,0.23158571888066903,0.22225796075908652,22.9,22.2,22.6
27133,"Rock County, Minnesota",Minnesota,9621,10.62,71295.0,2.61,26.26,0.7,1.8,6,6.236,0.2907687359279511,0.35188163396590544,0.14827918944998392,0.3306529430685108,0.42039240913477,0.32164683177870695,0.09906722418784175,31.1,9.9,22.6
18057,"Hamilton County, Indiana",Indiana,365056,4.39,121530.0,2.78,61.9,2.3,10.29,230,6.3,0.005146349308459312,0.016403988420714055,0.1743325828240592,0.005467996140238018,0.7828883885493728,0.8829205532325507,0.09456416854293985,31.1,9.5,22.5
32005,"Douglas County, Nevada",Nevada,49623,9.04,90754.0,3.03,31.61,0.7,6.24,31,6.247,0.18108716629141203,0.09102605339337408,0.207462206497266,0.2026375040205854,0.42039240913477,0.755226761016404,0.09842393052428433,31.0,9.8,22.5
45013,"Beaufort County, South Carolina",South Carolina,195289,9.63,86573.0,2.62,45.99,2.0,7.74,167,8.551,0.21936313927307816,0.1241556770665809,0.151495657767771,0.04792537793502734,0.7468639433901576,0.8102283692505629,0.03859761981344484,35.0,3.9,22.5
46015,"Brule County, South Dakota",South Dakota,5283,10.67,73720.0,1.48,28.71,1.3,1.36,3,5.679,0.29655837889996783,0.2981666130588614,0.0459954969443551,0.2663235767127694,0.6156320360244452,0.22450948858153746,0.125120617561917,29.1,12.5,22.5
20095,"Kingman County, Kansas",Kansas,7186,10.33,59842.0,2.22,25.28,0.4,0.25,4,5.566,0.27114827918945,0.6670955291090382,0.10260533933740752,0.36667738822772594,0.28208427146992604,0.01576069475715664,0.132840141524606,28.4,13.3,22.4
31065,"Furnas County, Nebraska",Nebraska,4568,12.97,61048.0,1.04,24.91,0.0,2.19,3,6.567,0.4792537793502734,0.6317143776133806,0.02637504020585397,0.3814731424895465,0.0,0.390800900611129,0.08201994210357028,31.8,8.2,22.4
50007,"Chittenden County, Vermont",Vermont,169758,9.73,96759.0,3.24,56.77,0.9,7.87,108,6.362,0.2293341910582181,0.06497266001929881,0.25217111611450627,0.012865873271148279,0.4985525892569958,0.8140881312319074,0.09038275972981666,31.2,9.0,22.3
28071,"Lafayette County, Mississippi",Mississippi,58327,18.54,67185.0,2.11,46.49,0.3,3.29,64,10.973,0.8021871984560952,0.44998391765841106,0.09070440656159537,0.045030556449018974,0.22997748472177548,0.5419749115471213,0.017690575747828882,36.0,1.8,22.3
19015,"Boone County, Iowa",Iowa,26668,6.16,83531.0,1.51,28.5,0.1,1.47,10,3.75,0.03634609199099389,0.14892248311354134,0.04696043743969122,0.2730781601801222,0.11997426825345771,0.25120617561917014,0.33226117722740434,14.6,33.2,22.1
08065,"Lake County, Colorado",Colorado,7380,7.91,96575.0,2.2,49.5,0.7,12.38,4,5.42,0.10710839498230942,0.06529430685107751,0.09906722418784175,0.0321646831778707,0.42039240913477,0.9141202959150853,0.14377613380508203,27.3,14.4,22.1
02130,"Ketchikan Gateway Borough, Alaska",Alaska,13768,8.69,92885.0,3.12,27.43,0.6,8.03,10,7.263,0.1563203602444516,0.08105500160823416,0.22611772274043102,0.2991315535541975,0.38018655516243166,0.822129302026375,0.06239948536506915,32.7,6.2,22.1
20091,"Johnson County, Kansas",Kansas,620631,5.41,109208.0,3.2,57.56,2.1,9.23,432,6.961,0.021871984560952074,0.033772917336764234,0.24477323898359601,0.010935992280476037,0.7574782888388549,0.8555805725313606,0.0694757156642007,32.1,6.9,22.0
19035,"Cherokee County, Iowa",Iowa,11600,12.1,71269.0,2.49,23.42,0.0,3.56,8,6.897,0.4104213573496301,0.35445480862013506,0.1338050820199421,0.4419427468639434,0.0,0.5712447732389836,0.07140559665487295,31.9,7.1,22.0
38041,"Hettinger County, North Dakota",North Dakota,2432,11.02,73026.0,5.39,22.04,0.2,0.95,3,12.336,0.31650048247024765,0.31006754583467355,0.7040849147635896,0.5040205853972338,0.17368928916050178,0.1286587327114828,0.012222579607590866,35.6,1.2,21.9
31041,"Custer County, Nebraska",Nebraska,10518,7.06,67906.0,2.61,24.26,0.4,1.91,6,5.705,0.06722418784174976,0.4293985204245738,0.14827918944998392,0.4091347700225153,0.28208427146992604,0.34384046317143774,0.12383403023480219,28.0,12.4,21.8
53055,"San Juan County, Washington",Washington,18478,11.34,84800.0,3.66,53.92,0.4,6.98,13,7.035,0.34705693148922484,0.13702155033772917,0.33708587970408493,0.019620456738501126,0.28208427146992604,0.7873914441942746,0.06818912833708587,31.8,6.8,21.8
55089,"Ozaukee County, Wisconsin",Wisconsin,92966,4.99,96996.0,2.77,51.17,0.9,5.01,46,4.948,0.011900932775812159,0.0643293663557414,0.17368928916050178,0.02669668703763268,0.4985525892569958,0.6873592795110968,0.17754905114184624,24.4,17.8,21.7
26029,"Charlevoix County, Michigan",Michigan,26108,8.73,76531.0,3.35,35.21,0.5,1.79,13,4.979,0.16018012222579608,0.23834030234802187,0.2730781601801222,0.1428111933097459,0.3335477645545191,0.31971695078803475,0.1749758764876166,24.5,17.5,21.7
16001,"Ada County, Idaho",Idaho,518935,8.34,91502.0,3.14,44.6,1.4,6.19,375,7.226,0.13219684786104857,0.08813123190736571,0.23222901254422643,0.05564490189771631,0.637825667417176,0.7532968800257317,0.06368607269218399,31.7,6.4,21.5
39055,"Geauga County, Ohio",Ohio,95481,5.57,107860.0,2.97,40.86,1.1,2.67,46,4.818,0.025088452878739145,0.03505950466387906,0.19909938887101963,0.08041170794467674,0.5638468961080734,0.46735284657446124,0.19202315857188806,22.8,19.2,21.4
38095,"Towner County, North Dakota",North Dakota,2079,8.5,67350.0,0.66,23.5,1.3,2.69,5,24.05,0.14409778063686074,0.44483756834995175,0.015439047925377935,0.44001286587327115,0.6156320360244452,0.4715342553875844,0.0009649404953361209,35.5,0.1,21.4
46019,"Butte County, South Dakota",South Dakota,10676,8.63,75652.0,1.8,19.86,0.0,1.32,5,4.683,0.15310389192666451,0.25538758443229337,0.06690254100997105,0.6211000321646831,0.0,0.21614667095529108,0.2068189128337086,21.9,20.7,21.4
46067,"Hutchinson County, South Dakota",South Dakota,7404,12.16,73977.0,1.65,28.77,1.2,1.9,6,8.104,0.4139594724991959,0.2933419105821808,0.05596654872949502,0.2637504020585397,0.5895786426503699,0.34191058218076553,0.04406561595368286,32.6,4.4,21.3
20137,"Norton County, Kansas",Kansas,5359,7.2,54050.0,1.68,22.45,0.4,1.88,6,11.196,0.07430041814088131,0.8050820199421036,0.05853972338372467,0.48665165648118364,0.28208427146992604,0.3367642328723062,0.017368928916050175,34.1,1.7,21.1
30001,"Beaverhead County, Montana",Montana,9713,11.43,61268.0,1.28,37.67,1.0,1.6,8,8.236,0.3541331617883564,0.622386619491798,0.03634609199099389,0.11289803795432615,0.5310389192666453,0.28176262463814733,0.04213573496301062,32.3,4.2,21.1
46091,"Marshall County, South Dakota",South Dakota,4344,6.06,78156.0,0.32,25.42,3.1,3.08,4,9.208,0.03441621100032165,0.2119652621421679,0.006754583467352846,0.3608877452557092,0.8504342232229013,0.5168864586683821,0.02894821486008363,33.0,2.9,21.0
16081,"Teton County, Idaho",Idaho,12425,9.12,99805.0,1.21,49.87,2.4,10.61,12,9.658,0.18591186876809263,0.05403666773882277,0.03280797684142811,0.03087809585075587,0.7918944998391766,0.8893534898681248,0.02348021871984561,33.1,2.3,20.8
30067,"Park County, Montana",Montana,17710,12.34,70047.0,2.71,39.83,0.6,2.5,14,7.905,0.4287552267610164,0.3808298488259891,0.16307494371180445,0.08909617240270183,0.38018655516243166,0.4461241556770666,0.04889031843036346,31.5,4.9,20.8
30061,"Mineral County, Montana",Montana,4959,13.53,63450.0,3.1,26.1,0.0,1.53,4,8.066,0.5213895143132841,0.5580572531360566,0.2209713734319717,0.33869411386297843,0.0,0.2653586362174333,0.04470890961724027,31.7,4.5,20.8
08113,"San Miguel County, Colorado",Colorado,7968,9.26,79024.0,2.69,64.86,2.1,5.17,10,12.55,0.19749115471212608,0.19942103570279832,0.16018012222579608,0.0016082341588935349,0.7574782888388549,0.6986169186233515,0.011900932775812159,33.6,1.2,20.6
20053,"Ellsworth County, Kansas",Kansas,6360,10.37,65560.0,2.56,22.74,0.0,1.62,4,6.289,0.2756513348343519,0.5043422322290125,0.14184625281440977,0.47185590221936313,0.0,0.28465744612415567,0.09585075587005468,28.0,9.6,20.6
30009,"Carbon County, Montana",Montana,11116,7.79,80261.0,4.46,34.57,0.1,0.62,5,4.498,0.10260533933740752,0.1843036346091991,0.5091669347056932,0.151495657767771,0.11997426825345771,0.06400771952396268,0.22869089739466067,18.9,22.9,20.5
19001,"Adair County, Iowa",Iowa,7460,9.53,68092.0,3.96,19.94,0.0,1.64,7,9.383,0.21421678996461885,0.4239305242843358,0.4033451270504986,0.6165969765197813,0.0,0.28916050176905755,0.026053393374075265,32.5,2.6,20.5
23005,"Cumberland County, Maine",Maine,308827,7.35,95677.0,3.12,53.01,1.6,6.69,245,7.933,0.07912512061756191,0.06786748150530718,0.22611772274043102,0.021550337729173367,0.6767449340623994,0.7745255709231265,0.04824702476680605,30.8,4.8,20.4
30071,"Phillips County, Montana",Montana,4221,10.52,53417.0,1.79,25.43,0.0,2.61,6,14.215,0.28369250562881954,0.8173045995496945,0.06593760051463493,0.3605660984239305,0.0,0.45899002894821483,0.0077195239626889674,33.1,0.8,20.2
41063,"Wallowa County, Oregon",Oregon,7553,7.8,67112.0,3.83,38.22,1.0,1.84,7,9.268,0.10324863300096494,0.45255709231264074,0.3756834995175298,0.10614345448697331,0.5310389192666453,0.32904470890961723,0.027339980701190092,31.6,2.7,20.1
31169,"Thayer County, Nebraska",Nebraska,4901,9.01,66213.0,1.99,23.82,1.0,0.98,4,8.162,0.17851399163718237,0.4795754261820521,0.08169829527179158,0.428111933097459,0.5310389192666453,0.13573496301061436,0.043422322290125444,30.6,4.3,20.1
19135,"Monroe County, Iowa",Iowa,7513,9.18,70996.0,3.13,21.35,0.0,0.75,4,5.324,0.19105821807655193,0.35960115792859443,0.22901254422643938,0.5403666773882277,0.0,0.08523641042135735,0.15117401093599228,23.4,15.1,20.1
20181,"Sherman County, Kansas",Kansas,5858,10.19,61750.0,0.6,24.07,0.0,2.3,4,6.828,0.2608555805725314,0.6104856867159858,0.012865873271148279,0.41717594081698295,0.0,0.4100997105178514,0.0733354776455452,28.5,7.3,20.0
17171,"Scott County, Illinois",Illinois,4937,11.46,66705.0,2.72,21.52,0.0,0.65,3,6.077,0.3560630427790286,0.46220649726600194,0.16500482470247668,0.5294306851077517,0.0,0.06722418784174976,0.10614345448697331,26.3,10.6,20.0
56039,"Teton County, Wyoming",Wyoming,23396,5.73,124172.0,1.75,61.08,5.9,13.74,77,32.912,0.028626568028304922,0.014152460598263108,0.06336442586040528,0.006754583467352846,0.9398520424573817,0.928594403345127,0.000321646831778707,33.0,0.0,19.8
46029,"Codington County, South Dakota",South Dakota,28767,8.83,72727.0,1.92,21.37,0.4,1.29,18,6.257,0.16822129302026376,0.3181087166291412,0.07590865229977485,0.5394017368928916,0.28208427146992604,0.2071405596654873,0.0971373431971695,26.5,9.7,19.8
33013,"Merrimack County, New Hampshire",New Hampshire,155967,7.64,97004.0,3.12,38.91,0.6,4.35,92,5.899,0.09295593438404631,0.06400771952396268,0.22611772274043102,0.09842393052428433,0.38018655516243166,0.6416854293985205,0.11482791894499839,25.1,11.5,19.6
08097,"Pitkin County, Colorado",Colorado,16985,7.8,102645.0,2.51,62.78,2.4,10.02,51,30.026,0.10324863300096494,0.047603731103248635,0.13734319716950788,0.0038597619813444837,0.7918944998391766,0.8771309102605339,0.000643293663557414,32.7,0.1,19.6
56033,"Sheridan County, Wyoming",Wyoming,32055,10.23,71388.0,2.16,31.1,1.3,2.1,41,12.791,0.26407204889031843,0.3486651656481184,0.09552910903827597,0.2167899646188485,0.6156320360244452,0.37729173367642327,0.010935992280476037,32.0,1.1,19.6
56011,"Crook County, Wyoming",Wyoming,7455,6.01,79637.0,0.57,24.46,0.0,1.07,3,4.024,0.03409456416854294,0.19234480540366677,0.011257639112254744,0.4001286587327115,0.0,0.15310389192666451,0.28883885493727884,13.2,28.9,19.5
31147,"Richardson County, Nebraska",Nebraska,7751,10.45,60108.0,3.72,23.84,0.0,0.41,6,7.741,0.27983274364747507,0.659697651978128,0.34898681247989705,0.42746863943390156,0.0,0.03312962367320682,0.0508201994210357,29.2,5.1,19.5
08067,"La Plata County, Colorado",Colorado,56331,11.7,86056.0,3.82,49.29,0.5,3.1,45,7.988,0.3760051463493085,0.1293020263750402,0.3731103248633001,0.033451270504985524,0.3335477645545191,0.5188163396590544,0.047282084271469925,29.4,4.7,19.5
31099,"Kearney County, Nebraska",Nebraska,6713,7.21,78631.0,1.67,34.49,0.3,1.59,3,4.469,0.07526535863621743,0.20553232550659375,0.057253136056609845,0.15246059826310712,0.22997748472177548,0.2801543904792538,0.23190736571244774,16.7,23.2,19.3
46129,"Walworth County, South Dakota",South Dakota,5271,14.92,65026.0,3.48,29.56,0.0,0.4,4,7.589,0.6117722740431006,0.518173045995497,0.2984882598906401,0.24863300096494048,0.0,0.0321646831778707,0.053071727243486654,28.5,5.3,19.2
16055,"Kootenai County, Idaho",Idaho,181996,9.04,81861.0,3.27,29.95,0.2,2.26,105,5.769,0.18108716629141203,0.16339659054358316,0.2586040527500804,0.239305242843358,0.17368928916050178,0.40270183338694115,0.12158250241235123,23.6,12.2,19.1
29051,"Cole County, Missouri",Missouri,77032,9.05,74876.0,2.93,38.91,0.7,2.87,56,7.27,0.18173045995496945,0.2717915728530074,0.1929880990672242,0.09842393052428433,0.42039240913477,0.4911547121260856,0.06175619170151174,27.6,6.2,19.0
30111,"Yellowstone County, Montana",Montana,168957,9.19,76570.0,3.38,34.14,0.6,1.92,114,6.747,0.19170151174010935,0.23769700868446444,0.2782245094885815,0.16082341588935348,0.38018655516243166,0.3464136378256674,0.07558700546799614,26.6,7.6,19.0
50027,"Windsor County, Vermont",Vermont,57990,9.22,77594.0,4.37,42.95,0.1,3.2,40,6.898,0.1929880990672242,0.2209713734319717,0.48665165648118364,0.06400771952396268,0.11997426825345771,0.5300739787713091,0.07108394982309424,26.9,7.1,19.0
08015,"Chaffee County, Colorado",Colorado,20178,8.28,84132.0,4.79,46.98,0.7,2.45,18,8.921,0.1289803795432615,0.1431328401415246,0.5825024123512383,0.04245738179478932,0.42039240913477,0.4367963975554841,0.033772917336764234,29.2,3.4,18.9
56019,"Johnson County, Wyoming",Wyoming,8686,9.11,64871.0,3.13,30.32,0.2,2.45,8,9.21,0.18526857510453523,0.5229977484721775,0.22901254422643938,0.2309424252171116,0.17368928916050178,0.4367963975554841,0.028626568028304922,29.6,2.9,18.9
08051,"Gunnison County, Colorado",Colorado,17241,11.27,84527.0,4.67,64.66,0.3,3.72,24,13.92,0.340302348021872,0.1392730781601801,0.553232550659376,0.0019298809906722419,0.22997748472177548,0.5844322933419106,0.008684464458025088,30.8,0.9,18.8
56021,"Laramie County, Wyoming",Wyoming,101060,8.87,80173.0,3.68,33.06,0.7,3.28,141,13.952,0.17111611450627212,0.1846252814409778,0.34191058218076553,0.17819234480540366,0.42039240913477,0.5403666773882277,0.008362817626246381,30.6,0.8,18.7
17133,"Monroe County, Illinois",Illinois,35036,5.02,102880.0,1.92,38.66,0.3,1.22,14,3.996,0.012544226439369572,0.04696043743969122,0.07590865229977485,0.10099710517851399,0.22997748472177548,0.18977163074943712,0.2959150852364104,10.9,29.6,18.4
47187,"Williamson County, Tennessee",Tennessee,260351,4.64,135594.0,2.43,62.69,0.7,8.5,158,6.069,0.008362817626246381,0.006111289803795433,0.12672885172081055,0.0041814088131231905,0.42039240913477,0.8346735284657446,0.106465101318752,23.3,10.6,18.3
23015,"Lincoln County, Maine",Maine,36099,7.9,76875.0,2.92,40.23,0.4,2.18,20,5.54,0.10614345448697331,0.2341588935348987,0.19105821807655193,0.08587970408491476,0.28208427146992604,0.38919266645223544,0.13637825667417175,21.5,13.6,18.3
56023,"Lincoln County, Wyoming",Wyoming,20486,7.46,89330.0,2.02,26.04,0.8,2.89,15,7.322,0.08394982309424252,0.10099710517851399,0.08459311675779993,0.3409456416854294,0.46317143776133807,0.4943711804438726,0.06046960437439691,26.1,6.0,18.1
30105,"Valley County, Montana",Montana,7519,10.12,71695.0,2.98,25.74,0.1,1.21,5,6.65,0.25474429076873595,0.3412672885172081,0.20102926986169187,0.35284657446124157,0.11997426825345771,0.18559022193631391,0.08009006111289804,24.3,8.0,17.8
31175,"Valley County, Nebraska",Nebraska,4066,9.31,61852.0,0.24,25.33,0.2,1.92,5,12.297,0.2016725635252493,0.6075908652299775,0.005146349308459312,0.3637825667417176,0.17368928916050178,0.3464136378256674,0.012544226439369572,28.3,1.3,17.5
49043,"Summit County, Utah",Utah,42970,4.88,138114.0,1.77,59.83,1.9,9.26,51,11.869,0.010935992280476037,0.005146349308459312,0.06497266001929881,0.008041170794467674,0.7301383081376649,0.856223866194918,0.014152460598263108,27.9,1.4,17.3
31081,"Hamilton County, Nebraska",Nebraska,9464,5.22,83994.0,2.29,31.31,0.0,1.29,4,4.227,0.018977163074943713,0.14441942746863942,0.10871662914120296,0.20907044065615954,0.0,0.2071405596654873,0.26021228690897397,11.5,26.0,17.3
31031,"Cherry County, Nebraska",Nebraska,5498,8.29,66270.0,0.44,25.32,0.0,4.15,5,9.094,0.1293020263750402,0.47700225152782244,0.009006111289803796,0.36474750723705374,0.0,0.6262463814731425,0.030234802187198456,26.8,3.0,17.3
13219,"Oconee County, Georgia",Georgia,43551,6.21,121217.0,3.0,55.88,0.8,7.1,35,8.037,0.03891926664522354,0.016725635252492762,0.20424573817947894,0.015439047925377935,0.46317143776133807,0.7928594403345127,0.04567385011257639,25.5,4.6,17.1
30057,"Madison County, Montana",Montana,9223,6.17,75250.0,3.11,32.58,0.2,2.75,6,6.505,0.0369893856545513,0.26439369572209714,0.22354454808620136,0.18526857510453523,0.17368928916050178,0.4782888388549373,0.08491476358957864,22.7,8.5,17.0
30063,"Missoula County, Montana",Montana,120672,10.13,75598.0,3.74,47.42,0.3,2.88,159,13.176,0.25603087809585073,0.2573174654229656,0.3560630427790286,0.04117079446767449,0.22997748472177548,0.4930845931167578,0.009971051785139916,27.2,1.0,16.7
30029,"Flathead County, Montana",Montana,110695,9.32,73925.0,2.93,37.18,0.2,2.81,87,7.859,0.2029591508523641,0.29430685107751686,0.1929880990672242,0.11675779993567063,0.17368928916050178,0.48504342232229014,0.049533612093920876,24.4,5.0,16.6
26055,"Grand Traverse County, Michigan",Michigan,96166,9.63,81647.0,3.81,40.59,0.3,2.02,71,7.383,0.21936313927307816,0.16500482470247668,0.37118044387262783,0.08234158893534899,0.22997748472177548,0.3634609199099389,0.05821807655194596,23.9,5.8,16.6
46087,"McCook County, South Dakota",South Dakota,5751,6.81,83852.0,1.84,29.91,1.2,1.56,4,6.955,0.05789642972016726,0.14538436796397555,0.07140559665487295,0.24027018333869413,0.5895786426503699,0.27114827918945,0.06979736249597941,22.9,7.0,16.5
30031,"Gallatin County, Montana",Montana,124074,9.52,93528.0,2.31,54.28,0.9,4.09,117,9.43,0.21325184946928272,0.07687359279511097,0.11225474429076873,0.018012222579607592,0.4985525892569958,0.6204567385011258,0.025731746542296558,25.7,2.6,16.4
38015,"Burleigh County, North Dakota",North Dakota,100600,7.91,86851.0,2.27,39.12,0.8,3.33,80,7.952,0.10710839498230942,0.12061756191701511,0.106465101318752,0.09681569636539081,0.46317143776133807,0.5458346735284657,0.04792537793502734,24.0,4.8,16.3
38097,"Traill County, North Dakota",North Dakota,7970,9.06,87004.0,2.23,30.86,0.4,2.85,6,7.528,0.18205210678674816,0.11868768092634288,0.10324863300096494,0.22257960759086523,0.28208427146992604,0.4892248311354133,0.0553232550659376,23.3,5.5,16.2
16085,"Valley County, Idaho",Idaho,12389,11.69,76078.0,4.77,40.12,0.0,1.38,12,9.686,0.37536185268575106,0.2479897073013831,0.576391122547443,0.08684464458025089,0.0,0.22997748472177548,0.023158571888066904,25.3,2.3,16.1
46053,"Gregory County, South Dakota",South Dakota,4016,9.53,62917.0,2.29,22.19,0.0,1.1,6,14.94,0.21421678996461885,0.5738179478932133,0.10871662914120296,0.49565776777098747,0.0,0.1605017690575748,0.006111289803795433,25.9,0.6,15.8
20007,"Barber County, Kansas",Kansas,4069,11.78,61926.0,1.25,27.25,0.0,0.27,3,7.373,0.3834030234802187,0.6050176905757478,0.03473785783210035,0.3042779028626568,0.0,0.017690575747828882,0.05853972338372467,22.4,5.9,15.8
50023,"Washington County, Vermont",Vermont,60017,8.66,83449.0,2.73,48.12,0.3,3.21,42,6.998,0.15471212608555807,0.14956577677709876,0.16693470569314892,0.03891926664522354,0.22997748472177548,0.5316822129302027,0.069154068832422,21.2,6.9,15.5
46079,"Lake County, South Dakota",South Dakota,10972,8.36,76808.0,2.95,34.63,0.0,3.69,8,7.291,0.1338050820199421,0.2348021871984561,0.19556127372145385,0.15085236410421357,0.0,0.5808941781923448,0.061434544869733036,21.6,6.1,15.4
26047,"Emmet County, Michigan",Michigan,34125,8.54,78112.0,3.22,41.57,0.4,1.5,23,6.74,0.1466709552910904,0.21260855580572532,0.24863300096494048,0.07462206497266002,0.28208427146992604,0.25667417175940815,0.07623029913155356,20.4,7.6,15.3
08107,"Routt County, Colorado",Colorado,25084,5.15,106489.0,2.41,54.19,1.1,6.14,44,17.541,0.016403988420714055,0.0366677388227726,0.12351238340302348,0.018655516243165006,0.5638468961080734,0.7510453522032808,0.003538115149565777,25.2,0.4,15.2
20193,"Thomas County, Kansas",Kansas,7885,6.49,71325.0,0.57,34.61,0.2,4.15,7,8.878,0.04663879060791251,0.3502733998070119,0.011257639112254744,0.15117401093599228,0.17368928916050178,0.6262463814731425,0.03473785783210035,22.7,3.5,15.0
26089,"Leelanau County, Michigan",Michigan,22734,6.53,99422.0,3.43,51.85,0.0,1.86,11,4.839,0.04792537793502734,0.05564490189771631,0.28851720810550013,0.024123512383403024,0.0,0.3316178835638469,0.1891283370858797,12.5,18.9,15.0
08091,"Ouray County, Colorado",Colorado,5087,4.25,91020.0,3.52,56.48,0.0,3.85,3,5.897,0.0038597619813444837,0.09006111289803795,0.30685107751688645,0.014474107430041815,0.0,0.5950466387906079,0.1154712126085558,16.8,11.5,14.7
46127,"Union County, South Dakota",South Dakota,17081,6.21,89636.0,2.96,37.01,0.0,2.0,9,5.269,0.03891926664522354,0.09938887101962046,0.19749115471212608,0.11836603409456417,0.0,0.3612093920874879,0.1563203602444516,13.6,15.6,14.4
30049,"Lewis and Clark County, Montana",Montana,73464,8.06,78237.0,3.24,43.04,0.3,1.87,58,7.895,0.1151495657767771,0.21067867481505306,0.25217111611450627,0.06272113219684786,0.22997748472177548,0.33386941138629783,0.049211965262142165,20.1,4.9,14.0
56029,"Park County, Wyoming",Wyoming,30449,8.91,73035.0,2.2,35.99,0.2,1.82,25,8.21,0.17401093599228049,0.30942425217111613,0.09906722418784175,0.13509166934705694,0.17368928916050178,0.32454165326471535,0.04277902862656803,20.3,4.3,13.9
19059,"Dickinson County, Iowa",Iowa,17990,7.57,75432.0,2.96,31.18,0.1,1.22,12,6.67,0.08973946606625925,0.2608555805725314,0.19749115471212608,0.21260855580572532,0.11997426825345771,0.18977163074943712,0.0784818269540045,17.8,7.8,13.8
19095,"Iowa County, Iowa",Iowa,16507,8.85,71223.0,1.91,24.83,0.0,1.01,12,7.27,0.170151174010936,0.3554197491154712,0.07462206497266002,0.3869411386297845,0.0,0.14216789964618848,0.06175619170151174,18.8,6.2,13.8
46039,"Deuel County, South Dakota",South Dakota,4328,8.76,83112.0,2.13,25.05,0.0,1.5,3,6.932,0.16307494371180445,0.15374718559022194,0.0919909938887102,0.37439691219041493,0.0,0.25667417175940815,0.07076230299131553,17.3,7.1,13.2
31155,"Saunders County, Nebraska",Nebraska,23048,6.29,94066.0,2.49,32.61,0.0,1.52,13,5.64,0.04117079446767449,0.07494371180443872,0.1338050820199421,0.1846252814409778,0.0,0.26182052106786746,0.12737214538436797,11.6,12.7,12.1
30097,"Sweet Grass County, Montana",Montana,3720,7.86,77000.0,1.76,24.37,0.0,1.26,3,8.065,0.10485686715985848,0.23222901254422643,0.0646510131875201,0.40463171437761336,0.0,0.19974268253457703,0.045030556449018974,16.8,4.5,11.9
30059,"Meagher County, Montana",Montana,2007,12.35,71932.0,0.27,29.97,0.0,0.95,3,14.948,0.43068510775168867,0.3361209392087488,0.006111289803795433,0.23898359601157929,0.0,0.1286587327114828,0.005789642972016726,19.0,0.6,11.6
46055,"Haakon County, South Dakota",South Dakota,1722,7.72,65625.0,0.0,21.55,0.0,0.0,3,17.422,0.09906722418784175,0.5011257639112254,0.0,0.5275008041170794,0.0,0.0,0.0041814088131231905,18.8,0.4,11.4
46065,"Hughes County, South Dakota",South Dakota,17664,9.16,81395.0,0.96,39.05,0.5,1.12,17,9.624,0.188806690254101,0.16854293985204247,0.022515278224509487,0.0971373431971695,0.3335477645545191,0.16436153103891926,0.024123512383403024,16.2,2.4,10.7
38031,"Foster County, North Dakota",North Dakota,3358,8.77,87831.0,0.97,28.49,0.0,1.97,3,8.934,0.16371823737536184,0.11289803795432615,0.022836925056288194,0.2733998070119009,0.0,0.3554197491154712,0.03312962367320682,15.5,3.3,10.6
20131,"Nemaha County, Kansas",Kansas,10160,9.3,77348.0,1.51,29.92,0.0,0.96,9,8.858,0.20102926986169187,0.22611772274043102,0.04696043743969122,0.23994853650691542,0.0,0.13123190736571244,0.035381151495657764,14.1,3.5,9.9
56035,"Sublette County, Wyoming",Wyoming,8838,6.89,83597.0,2.31,32.25,0.0,2.17,10,11.315,0.060791251206175616,0.1473142489546478,0.11225474429076873,0.19170151174010935,0.0,0.3882277259568993,0.016725635252492762,15.0,1.7,9.7
46059,"Hand County, South Dakota",South Dakota,3140,5.15,74635.0,0.78,28.38,0.0,0.89,4,12.739,0.016403988420714055,0.2753296880025732,0.018012222579607592,0.276616275329688,0.0,0.1151495657767771,0.011579285944033452,11.7,1.2,7.5
20195,"Trego County, Kansas",Kansas,2777,5.52,81528.0,1.0,30.15,0.0,0.4,4,14.404,0.02348021871984561,0.16693470569314892,0.02348021871984561,0.2357671276937922,0.0,0.0321646831778707,0.007076230299131554,8.0,0.7,5.1
